istat_code,city,state_prov,region,population
001001,Agliè,TO,Piemonte,2584
001002,Airasca,TO,Piemonte,3698
001003,Ala di Stura,TO,Piemonte,468
001004,Albiano d'Ivrea,TO,Piemonte,1633
001006,Almese,TO,Piemonte,6231
001007,Alpette,TO,Piemonte,235
001008,Alpignano,TO,Piemonte,16513
001009,Andezeno,TO,Piemonte,1979
001010,Andrate,TO,Piemonte,468
001011,Angrogna,TO,Piemonte,794
001012,Arignano,TO,Piemonte,1076
001013,Avigliana,TO,Piemonte,12035
001014,Azeglio,TO,Piemonte,1224
001015,Bairo,TO,Piemonte,778
001016,Balangero,TO,Piemonte,3095
001017,Baldissero Canavese,TO,Piemonte,493
001018,Baldissero Torinese,TO,Piemonte,3692
001019,Balme,TO,Piemonte,97
001020,Banchette,TO,Piemonte,3097
001021,Barbania,TO,Piemonte,1563
001022,Bardonecchia,TO,Piemonte,2853
001023,Barone Canavese,TO,Piemonte,525
001024,Beinasco,TO,Piemonte,17272
001025,Bibiana,TO,Piemonte,3362
001026,Bobbio Pellice,TO,Piemonte,527
001027,Bollengo,TO,Piemonte,2099
001028,Borgaro Torinese,TO,Piemonte,11523
001029,Borgiallo,TO,Piemonte,587
001030,Borgofranco d'Ivrea,TO,Piemonte,3424
001031,Borgomasino,TO,Piemonte,770
001032,Borgone Susa,TO,Piemonte,2250
001033,Bosconero,TO,Piemonte,3044
001034,Brandizzo,TO,Piemonte,8772
001035,Bricherasio,TO,Piemonte,4611
001036,Brosso,TO,Piemonte,387
001037,Brozolo,TO,Piemonte,423
001038,Bruino,TO,Piemonte,8364
001039,Brusasco,TO,Piemonte,1495
001040,Bruzolo,TO,Piemonte,1513
001041,Buriasco,TO,Piemonte,1289
001042,Burolo,TO,Piemonte,1095
001043,Busano,TO,Piemonte,1578
001044,Bussoleno,TO,Piemonte,5766
001045,Buttigliera Alta,TO,Piemonte,6222
001046,Cafasse,TO,Piemonte,3388
001047,Caluso,TO,Piemonte,7338
001048,Cambiano,TO,Piemonte,5884
001049,Campiglione Fenile,TO,Piemonte,1297
001050,Candia Canavese,TO,Piemonte,1143
001051,Candiolo,TO,Piemonte,5563
001052,Canischio,TO,Piemonte,269
001053,Cantalupa,TO,Piemonte,2581
001054,Cantoira,TO,Piemonte,645
001055,Caprie,TO,Piemonte,2014
001056,Caravino,TO,Piemonte,891
001057,Carema,TO,Piemonte,697
001058,Carignano,TO,Piemonte,9250
001059,Carmagnola,TO,Piemonte,27971
001060,Casalborgone,TO,Piemonte,1865
001061,Cascinette d'Ivrea,TO,Piemonte,1503
001062,Caselette,TO,Piemonte,3024
001063,Caselle Torinese,TO,Piemonte,13738
001064,Castagneto Po,TO,Piemonte,1748
001065,Castagnole Piemonte,TO,Piemonte,2168
001066,Castellamonte,TO,Piemonte,9839
001067,Castelnuovo Nigra,TO,Piemonte,417
001068,Castiglione Torinese,TO,Piemonte,6519
001069,Cavagnolo,TO,Piemonte,2357
001070,Cavour,TO,Piemonte,5373
001071,Cercenasco,TO,Piemonte,1760
001072,Ceres,TO,Piemonte,957
001073,Ceresole Reale,TO,Piemonte,139
001074,Cesana Torinese,TO,Piemonte,887
001075,Chialamberto,TO,Piemonte,336
001076,Chianocco,TO,Piemonte,1494
001077,Chiaverano,TO,Piemonte,1958
001078,Chieri,TO,Piemonte,35822
001079,Chiesanuova,TO,Piemonte,229
001080,Chiomonte,TO,Piemonte,838
001081,Chiusa di San Michele,TO,Piemonte,1524
001082,Chivasso,TO,Piemonte,26038
001083,Ciconio,TO,Piemonte,358
001084,Cintano,TO,Piemonte,225
001085,Cinzano,TO,Piemonte,340
001086,Ciriè,TO,Piemonte,18083
001087,Claviere,TO,Piemonte,199
001088,Coassolo Torinese,TO,Piemonte,1460
001089,Coazze,TO,Piemonte,3371
001090,Collegno,TO,Piemonte,47590
001091,Colleretto Castelnuovo,TO,Piemonte,354
001092,Colleretto Giacosa,TO,Piemonte,576
001093,Condove,TO,Piemonte,4422
001094,Corio,TO,Piemonte,3106
001095,Cossano Canavese,TO,Piemonte,410
001096,Cuceglio,TO,Piemonte,917
001097,Cumiana,TO,Piemonte,7814
001098,Cuorgnè,TO,Piemonte,9483
001099,Druento,TO,Piemonte,8942
001100,Exilles,TO,Piemonte,241
001101,Favria,TO,Piemonte,4962
001102,Feletto,TO,Piemonte,2151
001103,Fenestrelle,TO,Piemonte,466
001104,Fiano,TO,Piemonte,2638
001105,Fiorano Canavese,TO,Piemonte,725
001106,Foglizzo,TO,Piemonte,2278
001107,Forno Canavese,TO,Piemonte,3152
001108,Frassinetto,TO,Piemonte,272
001109,Front,TO,Piemonte,1590
001110,Frossasco,TO,Piemonte,2846
001111,Garzigliana,TO,Piemonte,564
001112,Gassino Torinese,TO,Piemonte,9208
001113,Germagnano,TO,Piemonte,1131
001114,Giaglione,TO,Piemonte,585
001115,Giaveno,TO,Piemonte,16361
001116,Givoletto,TO,Piemonte,4060
001117,Gravere,TO,Piemonte,684
001118,Groscavallo,TO,Piemonte,183
001119,Grosso,TO,Piemonte,1004
001120,Grugliasco,TO,Piemonte,36410
001121,Ingria,TO,Piemonte,44
001122,Inverso Pinasca,TO,Piemonte,677
001123,Isolabella,TO,Piemonte,355
001124,Issiglio,TO,Piemonte,434
001125,Ivrea,TO,Piemonte,22544
001126,La Cassa,TO,Piemonte,1719
001127,La Loggia,TO,Piemonte,8673
001128,Lanzo Torinese,TO,Piemonte,5038
001129,Lauriano,TO,Piemonte,1356
001130,Leini,TO,Piemonte,16339
001131,Lemie,TO,Piemonte,153
001132,Lessolo,TO,Piemonte,1748
001133,Levone,TO,Piemonte,476
001134,Locana,TO,Piemonte,1280
001135,Lombardore,TO,Piemonte,1735
001136,Lombriasco,TO,Piemonte,1090
001137,Loranzè,TO,Piemonte,1204
001139,Luserna San Giovanni,TO,Piemonte,7118
001140,Lusernetta,TO,Piemonte,505
001141,Lusigliè,TO,Piemonte,554
001142,Macello,TO,Piemonte,1180
001143,Maglione,TO,Piemonte,409
001144,Marentino,TO,Piemonte,1269
001145,Massello,TO,Piemonte,56
001146,Mathi,TO,Piemonte,3674
001147,Mattie,TO,Piemonte,679
001148,Mazzè,TO,Piemonte,4298
001149,Meana di Susa,TO,Piemonte,787
001150,Mercenasco,TO,Piemonte,1355
001152,Mezzenile,TO,Piemonte,735
001153,Mombello di Torino,TO,Piemonte,399
001154,Mompantero,TO,Piemonte,612
001155,Monastero di Lanzo,TO,Piemonte,403
001156,Moncalieri,TO,Piemonte,55442
001157,Moncenisio,TO,Piemonte,44
001158,Montaldo Torinese,TO,Piemonte,709
001159,Montalenghe,TO,Piemonte,966
001160,Montalto Dora,TO,Piemonte,3307
001161,Montanaro,TO,Piemonte,4974
001162,Monteu da Po,TO,Piemonte,824
001163,Moriondo Torinese,TO,Piemonte,823
001164,Nichelino,TO,Piemonte,45680
001165,Noasca,TO,Piemonte,97
001166,Nole,TO,Piemonte,6660
001167,Nomaglio,TO,Piemonte,275
001168,None,TO,Piemonte,7641
001169,Novalesa,TO,Piemonte,525
001170,Oglianico,TO,Piemonte,1419
001171,Orbassano,TO,Piemonte,22779
001172,Orio Canavese,TO,Piemonte,730
001173,Osasco,TO,Piemonte,1161
001174,Osasio,TO,Piemonte,896
001175,Oulx,TO,Piemonte,3295
001176,Ozegna,TO,Piemonte,1164
001177,Palazzo Canavese,TO,Piemonte,834
001178,Pancalieri,TO,Piemonte,1945
001179,Parella,TO,Piemonte,394
001180,Pavarolo,TO,Piemonte,1165
001181,Pavone Canavese,TO,Piemonte,3628
001183,Pecetto Torinese,TO,Piemonte,4007
001184,Perosa Argentina,TO,Piemonte,3138
001185,Perosa Canavese,TO,Piemonte,492
001186,Perrero,TO,Piemonte,547
001187,Pertusio,TO,Piemonte,744
001188,Pessinetto,TO,Piemonte,612
001189,Pianezza,TO,Piemonte,15657
001190,Pinasca,TO,Piemonte,2756
001191,Pinerolo,TO,Piemonte,35436
001192,Pino Torinese,TO,Piemonte,8336
001193,Piobesi Torinese,TO,Piemonte,3764
001194,Piossasco,TO,Piemonte,17844
001195,Piscina,TO,Piemonte,3288
001196,Piverone,TO,Piemonte,1224
001197,Poirino,TO,Piemonte,10165
001198,Pomaretto,TO,Piemonte,935
001199,Pont Canavese,TO,Piemonte,3017
001200,Porte,TO,Piemonte,1113
001201,Pragelato,TO,Piemonte,694
001202,Prali,TO,Piemonte,251
001203,Pralormo,TO,Piemonte,1872
001204,Pramollo,TO,Piemonte,211
001205,Prarostino,TO,Piemonte,1238
001206,Prascorsano,TO,Piemonte,686
001207,Pratiglione,TO,Piemonte,444
001208,Quagliuzzo,TO,Piemonte,333
001209,Quassolo,TO,Piemonte,329
001210,Quincinetto,TO,Piemonte,991
001211,Reano,TO,Piemonte,1779
001212,Ribordone,TO,Piemonte,43
001213,Rivalba,TO,Piemonte,1135
001214,Rivalta di Torino,TO,Piemonte,20019
001215,Riva presso Chieri,TO,Piemonte,4756
001216,Rivara,TO,Piemonte,2421
001217,Rivarolo Canavese,TO,Piemonte,12303
001218,Rivarossa,TO,Piemonte,1550
001219,Rivoli,TO,Piemonte,46551
001220,Robassomero,TO,Piemonte,3056
001221,Rocca Canavese,TO,Piemonte,1727
001222,Roletto,TO,Piemonte,1965
001223,Romano Canavese,TO,Piemonte,2711
001224,Ronco Canavese,TO,Piemonte,383
001225,Rondissone,TO,Piemonte,1927
001226,Rorà,TO,Piemonte,216
001227,Roure,TO,Piemonte,740
001228,Rosta,TO,Piemonte,5074
001229,Rubiana,TO,Piemonte,2591
001230,Rueglio,TO,Piemonte,788
001231,Salassa,TO,Piemonte,1850
001232,Salbertrand,TO,Piemonte,635
001233,Salerano Canavese,TO,Piemonte,471
001234,Salza di Pinerolo,TO,Piemonte,65
001235,Samone,TO,Piemonte,1538
001236,San Benigno Canavese,TO,Piemonte,6050
001237,San Carlo Canavese,TO,Piemonte,4029
001238,San Colombano Belmonte,TO,Piemonte,359
001239,San Didero,TO,Piemonte,493
001240,San Francesco al Campo,TO,Piemonte,4805
001241,Sangano,TO,Piemonte,3624
001242,San Germano Chisone,TO,Piemonte,1689
001243,San Gillio,TO,Piemonte,3311
001244,San Giorgio Canavese,TO,Piemonte,2484
001245,San Giorio di Susa,TO,Piemonte,951
001246,San Giusto Canavese,TO,Piemonte,3309
001247,San Martino Canavese,TO,Piemonte,798
001248,San Maurizio Canavese,TO,Piemonte,10252
001249,San Mauro Torinese,TO,Piemonte,18267
001250,San Pietro Val Lemina,TO,Piemonte,1437
001251,San Ponso,TO,Piemonte,230
001252,San Raffaele Cimena,TO,Piemonte,3128
001253,San Sebastiano da Po,TO,Piemonte,1853
001254,San Secondo di Pinerolo,TO,Piemonte,3638
001255,Sant'Ambrogio di Torino,TO,Piemonte,4501
001256,Sant'Antonino di Susa,TO,Piemonte,4073
001257,Santena,TO,Piemonte,10373
001258,Sauze di Cesana,TO,Piemonte,227
001259,Sauze d'Oulx,TO,Piemonte,1018
001260,Scalenghe,TO,Piemonte,3199
001261,Scarmagno,TO,Piemonte,785
001262,Sciolze,TO,Piemonte,1424
001263,Sestriere,TO,Piemonte,893
001264,Settimo Rottaro,TO,Piemonte,469
001265,Settimo Torinese,TO,Piemonte,45566
001266,Settimo Vittone,TO,Piemonte,1507
001267,Sparone,TO,Piemonte,903
001268,Strambinello,TO,Piemonte,236
001269,Strambino,TO,Piemonte,6018
001270,Susa,TO,Piemonte,5776
001271,Tavagnasco,TO,Piemonte,747
001272,Torino,TO,Piemonte,855654
001273,Torrazza Piemonte,TO,Piemonte,2997
001274,Torre Canavese,TO,Piemonte,597
001275,Torre Pellice,TO,Piemonte,4585
001276,Trana,TO,Piemonte,3744
001278,Traversella,TO,Piemonte,309
001279,Traves,TO,Piemonte,505
001280,Trofarello,TO,Piemonte,10501
001281,Usseaux,TO,Piemonte,177
001282,Usseglio,TO,Piemonte,179
001283,Vaie,TO,Piemonte,1317
001284,Val della Torre,TO,Piemonte,3973
001285,Valgioie,TO,Piemonte,983
001286,Vallo Torinese,TO,Piemonte,784
001287,Valperga,TO,Piemonte,2977
001288,Valprato Soana,TO,Piemonte,88
001289,Varisella,TO,Piemonte,828
001290,Vauda Canavese,TO,Piemonte,1417
001291,Venaus,TO,Piemonte,843
001292,Venaria Reale,TO,Piemonte,31886
001293,Verolengo,TO,Piemonte,4788
001294,Verrua Savoia,TO,Piemonte,1353
001295,Vestignè,TO,Piemonte,752
001296,Vialfrè,TO,Piemonte,258
001298,Vidracco,TO,Piemonte,450
001299,Vigone,TO,Piemonte,5046
001300,Villafranca Piemonte,TO,Piemonte,4585
001301,Villanova Canavese,TO,Piemonte,1199
001302,Villarbasse,TO,Piemonte,3521
001303,Villar Dora,TO,Piemonte,2793
001304,Villareggia,TO,Piemonte,994
001305,Villar Focchiardo,TO,Piemonte,1943
001306,Villar Pellice,TO,Piemonte,1052
001307,Villar Perosa,TO,Piemonte,3892
001308,Villastellone,TO,Piemonte,4286
001309,Vinovo,TO,Piemonte,15290
001310,Virle Piemonte,TO,Piemonte,1188
001311,Vische,TO,Piemonte,1206
001312,Vistrorio,TO,Piemonte,526
001313,Viù,TO,Piemonte,1075
001314,Volpiano,TO,Piemonte,15060
001315,Volvera,TO,Piemonte,8417
001316,Mappano,TO,Piemonte,7280
001317,Val di Chy,TO,Piemonte,1225
001318,Valchiusa,TO,Piemonte,1012
002002,Alagna Valsesia,VC,Piemonte,731
002003,Albano Vercellese,VC,Piemonte,327
002004,Alice Castello,VC,Piemonte,2479
002006,Arborio,VC,Piemonte,836
002007,Asigliano Vercellese,VC,Piemonte,1387
002008,Balmuccia,VC,Piemonte,115
002009,Balocco,VC,Piemonte,210
002011,Bianzè,VC,Piemonte,1869
002014,Boccioleto,VC,Piemonte,167
002015,Borgo d'Ale,VC,Piemonte,2198
002016,Borgosesia,VC,Piemonte,11951
002017,Borgo Vercelli,VC,Piemonte,2231
002021,Buronzo,VC,Piemonte,862
002025,Campertogno,VC,Piemonte,226
002029,Carcoforo,VC,Piemonte,78
002030,Caresana,VC,Piemonte,995
002031,Caresanablot,VC,Piemonte,1110
002032,Carisio,VC,Piemonte,744
002033,Casanova Elvo,VC,Piemonte,220
002035,San Giacomo Vercellese,VC,Piemonte,263
002041,Cervatto,VC,Piemonte,47
002042,Cigliano,VC,Piemonte,4300
002043,Civiasco,VC,Piemonte,223
002045,Collobiano,VC,Piemonte,68
002047,Costanzana,VC,Piemonte,815
002048,Cravagliana,VC,Piemonte,240
002049,Crescentino,VC,Piemonte,7503
002052,Crova,VC,Piemonte,347
002054,Desana,VC,Piemonte,1097
002057,Fobello,VC,Piemonte,185
002058,Fontanetto Po,VC,Piemonte,1036
002059,Formigliana,VC,Piemonte,488
002061,Gattinara,VC,Piemonte,7548
002062,Ghislarengo,VC,Piemonte,820
002065,Greggio,VC,Piemonte,330
002066,Guardabosone,VC,Piemonte,296
002067,Lamporo,VC,Piemonte,468
002068,Lenta,VC,Piemonte,759
002070,Lignana,VC,Piemonte,551
002071,Livorno Ferraris,VC,Piemonte,4248
002072,Lozzolo,VC,Piemonte,753
002078,Mollia,VC,Piemonte,100
002079,Moncrivello,VC,Piemonte,1360
002082,Motta de' Conti,VC,Piemonte,702
002088,Olcenengo,VC,Piemonte,774
002089,Oldenico,VC,Piemonte,236
002090,Palazzolo Vercellese,VC,Piemonte,1088
002091,Pertengo,VC,Piemonte,331
002093,Pezzana,VC,Piemonte,1289
002096,Pila,VC,Piemonte,142
002097,Piode,VC,Piemonte,193
002102,Postua,VC,Piemonte,521
002104,Prarolo,VC,Piemonte,720
002107,Quarona,VC,Piemonte,3715
002108,Quinto Vercellese,VC,Piemonte,381
002110,Rassa,VC,Piemonte,66
002113,Rimella,VC,Piemonte,139
002115,Rive,VC,Piemonte,427
002116,Roasio,VC,Piemonte,2142
002118,Ronsecco,VC,Piemonte,560
002121,Rossa,VC,Piemonte,167
002122,Rovasenda,VC,Piemonte,885
002126,Salasco,VC,Piemonte,194
002127,Sali Vercellese,VC,Piemonte,88
002128,Saluggia,VC,Piemonte,3752
002131,San Germano Vercellese,VC,Piemonte,1615
002133,Santhià,VC,Piemonte,8024
002134,Scopa,VC,Piemonte,381
002135,Scopello,VC,Piemonte,388
002137,Serravalle Sesia,VC,Piemonte,4636
002142,Stroppiana,VC,Piemonte,1199
002147,Tricerro,VC,Piemonte,661
002148,Trino,VC,Piemonte,6760
002150,Tronzano Vercellese,VC,Piemonte,3271
002152,Valduggia,VC,Piemonte,1785
002156,Varallo,VC,Piemonte,6832
002158,Vercelli,VC,Piemonte,46391
002163,Villarboit,VC,Piemonte,366
002164,Villata,VC,Piemonte,1518
002166,Vocca,VC,Piemonte,156
002170,Alto Sermenza,VC,Piemonte,133
002171,Cellio con Breia,VC,Piemonte,957
003001,Agrate Conturbia,NO,Piemonte,1579
003002,Ameno,NO,Piemonte,866
003006,Armeno,NO,Piemonte,2089
003008,Arona,NO,Piemonte,13632
003012,Barengo,NO,Piemonte,734
003016,Bellinzago Novarese,NO,Piemonte,9344
003018,Biandrate,NO,Piemonte,1384
003019,Boca,NO,Piemonte,1145
003021,Bogogno,NO,Piemonte,1324
003022,Bolzano Novarese,NO,Piemonte,1110
003023,Borgolavezzaro,NO,Piemonte,2025
003024,Borgomanero,NO,Piemonte,21202
003025,Borgo Ticino,NO,Piemonte,5145
003026,Briga Novarese,NO,Piemonte,2730
003027,Briona,NO,Piemonte,1129
003030,Caltignaga,NO,Piemonte,2453
003032,Cameri,NO,Piemonte,10867
003036,Carpignano Sesia,NO,Piemonte,2457
003037,Casalbeltrame,NO,Piemonte,1047
003039,Casaleggio Novara,NO,Piemonte,917
003040,Casalino,NO,Piemonte,1586
003041,Casalvolone,NO,Piemonte,888
003042,Castellazzo Novarese,NO,Piemonte,331
003043,Castelletto sopra Ticino,NO,Piemonte,9834
003044,Cavaglietto,NO,Piemonte,387
003045,Cavaglio d'Agogna,NO,Piemonte,1143
003047,Cavallirio,NO,Piemonte,1290
003049,Cerano,NO,Piemonte,6995
003051,Colazza,NO,Piemonte,553
003052,Comignago,NO,Piemonte,1264
003055,Cressa,NO,Piemonte,1559
003058,Cureggio,NO,Piemonte,2619
003060,Divignano,NO,Piemonte,1428
003062,Dormelletto,NO,Piemonte,2556
003065,Fara Novarese,NO,Piemonte,2009
003066,Fontaneto d'Agogna,NO,Piemonte,2656
003068,Galliate,NO,Piemonte,15884
003069,Garbagna Novarese,NO,Piemonte,1397
003070,Gargallo,NO,Piemonte,1751
003073,Ghemme,NO,Piemonte,3429
003076,Gozzano,NO,Piemonte,5464
003077,Granozzo con Monticello,NO,Piemonte,1302
003079,Grignasco,NO,Piemonte,4299
003082,Invorio,NO,Piemonte,4290
003083,Landiona,NO,Piemonte,518
003084,Lesa,NO,Piemonte,2203
003088,Maggiora,NO,Piemonte,1627
003090,Mandello Vitta,NO,Piemonte,213
003091,Marano Ticino,NO,Piemonte,1623
003093,Massino Visconti,NO,Piemonte,1127
003095,Meina,NO,Piemonte,2340
003097,Mezzomerico,NO,Piemonte,1220
003098,Miasino,NO,Piemonte,805
003100,Momo,NO,Piemonte,2405
003103,Nebbiuno,NO,Piemonte,1859
003104,Nibbiola,NO,Piemonte,833
003106,Novara,NO,Piemonte,103238
003108,Oleggio,NO,Piemonte,14270
003109,Oleggio Castello,NO,Piemonte,2225
003112,Orta San Giulio,NO,Piemonte,1086
003114,Paruzzaro,NO,Piemonte,2121
003115,Pella,NO,Piemonte,874
003116,Pettenasco,NO,Piemonte,1296
003119,Pisano,NO,Piemonte,794
003120,Pogno,NO,Piemonte,1365
003121,Pombia,NO,Piemonte,2119
003122,Prato Sesia,NO,Piemonte,1829
003129,Recetto,NO,Piemonte,1029
003130,Romagnano Sesia,NO,Piemonte,3759
003131,Romentino,NO,Piemonte,5658
003133,San Maurizio d'Opaglio,NO,Piemonte,2931
003134,San Nazzaro Sesia,NO,Piemonte,701
003135,San Pietro Mosezzo,NO,Piemonte,1960
003138,Sillavengo,NO,Piemonte,576
003139,Sizzano,NO,Piemonte,1320
003140,Soriso,NO,Piemonte,722
003141,Sozzago,NO,Piemonte,1105
003143,Suno,NO,Piemonte,2662
003144,Terdobbiate,NO,Piemonte,462
003146,Tornaco,NO,Piemonte,876
003149,Trecate,NO,Piemonte,21305
003153,Vaprio d'Agogna,NO,Piemonte,952
003154,Varallo Pombia,NO,Piemonte,5023
003158,Vespolate,NO,Piemonte,2080
003159,Vicolungo,NO,Piemonte,851
003164,Vinzaglio,NO,Piemonte,564
003166,Gattico-Veruno,NO,Piemonte,5311
004001,Acceglio,CN,Piemonte,171
004002,Aisone,CN,Piemonte,206
004003,Alba,CN,Piemonte,30985
004004,Albaretto della Torre,CN,Piemonte,205
004005,Alto,CN,Piemonte,152
004006,Argentera,CN,Piemonte,76
004007,Arguello,CN,Piemonte,190
004008,Bagnasco,CN,Piemonte,929
004009,Bagnolo Piemonte,CN,Piemonte,5685
004010,Baldissero d'Alba,CN,Piemonte,1043
004011,Barbaresco,CN,Piemonte,600
004012,Barge,CN,Piemonte,7510
004013,Barolo,CN,Piemonte,613
004014,Bastia Mondovì,CN,Piemonte,628
004015,Battifollo,CN,Piemonte,256
004016,Beinette,CN,Piemonte,3540
004017,Bellino,CN,Piemonte,99
004018,Belvedere Langhe,CN,Piemonte,333
004019,Bene Vagienna,CN,Piemonte,3645
004020,Benevello,CN,Piemonte,457
004021,Bergolo,CN,Piemonte,51
004022,Bernezzo,CN,Piemonte,4276
004023,Bonvicino,CN,Piemonte,102
004024,Borgomale,CN,Piemonte,372
004025,Borgo San Dalmazzo,CN,Piemonte,12618
004026,Bosia,CN,Piemonte,168
004027,Bossolasco,CN,Piemonte,664
004028,Boves,CN,Piemonte,9612
004029,Bra,CN,Piemonte,29830
004030,Briaglia,CN,Piemonte,311
004031,Briga Alta,CN,Piemonte,41
004032,Brondello,CN,Piemonte,260
004033,Brossasco,CN,Piemonte,979
004034,Busca,CN,Piemonte,10228
004035,Camerana,CN,Piemonte,551
004037,Canale,CN,Piemonte,5404
004038,Canosio,CN,Piemonte,76
004039,Caprauna,CN,Piemonte,78
004040,Caraglio,CN,Piemonte,6842
004041,Caramagna Piemonte,CN,Piemonte,3013
004042,Cardè,CN,Piemonte,1174
004043,Carrù,CN,Piemonte,4494
004044,Cartignano,CN,Piemonte,161
004045,Casalgrasso,CN,Piemonte,1458
004046,Castagnito,CN,Piemonte,2294
004047,Casteldelfino,CN,Piemonte,143
004049,Castelletto Stura,CN,Piemonte,1377
004050,Castelletto Uzzone,CN,Piemonte,277
004051,Castellinaldo d'Alba,CN,Piemonte,911
004052,Castellino Tanaro,CN,Piemonte,273
004053,Castelmagno,CN,Piemonte,51
004054,Castelnuovo di Ceva,CN,Piemonte,102
004055,Castiglione Falletto,CN,Piemonte,655
004056,Castiglione Tinella,CN,Piemonte,746
004057,Castino,CN,Piemonte,431
004058,Cavallerleone,CN,Piemonte,664
004059,Cavallermaggiore,CN,Piemonte,5329
004060,Celle di Macra,CN,Piemonte,83
004061,Centallo,CN,Piemonte,6985
004062,Ceresole Alba,CN,Piemonte,1975
004063,Cerretto Langhe,CN,Piemonte,387
004064,Cervasca,CN,Piemonte,5190
004065,Cervere,CN,Piemonte,2280
004066,Ceva,CN,Piemonte,5895
004067,Cherasco,CN,Piemonte,9713
004068,Chiusa di Pesio,CN,Piemonte,3716
004069,Cigliè,CN,Piemonte,196
004070,Cissone,CN,Piemonte,76
004071,Clavesana,CN,Piemonte,775
004072,Corneliano d'Alba,CN,Piemonte,2167
004073,Cortemilia,CN,Piemonte,2104
004074,Cossano Belbo,CN,Piemonte,858
004075,Costigliole Saluzzo,CN,Piemonte,3307
004076,Cravanzana,CN,Piemonte,344
004077,Crissolo,CN,Piemonte,132
004078,Cuneo,CN,Piemonte,55747
004079,Demonte,CN,Piemonte,1848
004080,Diano d'Alba,CN,Piemonte,3547
004081,Dogliani,CN,Piemonte,4605
004082,Dronero,CN,Piemonte,7007
004083,Elva,CN,Piemonte,80
004084,Entracque,CN,Piemonte,741
004085,Envie,CN,Piemonte,1952
004086,Farigliano,CN,Piemonte,1698
004087,Faule,CN,Piemonte,474
004088,Feisoglio,CN,Piemonte,288
004089,Fossano,CN,Piemonte,24157
004090,Frabosa Soprana,CN,Piemonte,740
004091,Frabosa Sottana,CN,Piemonte,1644
004092,Frassino,CN,Piemonte,250
004093,Gaiola,CN,Piemonte,574
004094,Gambasca,CN,Piemonte,376
004095,Garessio,CN,Piemonte,2833
004096,Genola,CN,Piemonte,2564
004097,Gorzegno,CN,Piemonte,239
004098,Gottasecca,CN,Piemonte,116
004099,Govone,CN,Piemonte,2233
004100,Grinzane Cavour,CN,Piemonte,1938
004101,Guarene,CN,Piemonte,3548
004102,Igliano,CN,Piemonte,63
004103,Isasca,CN,Piemonte,63
004104,Lagnasco,CN,Piemonte,1384
004105,La Morra,CN,Piemonte,2626
004106,Lequio Berria,CN,Piemonte,425
004107,Lequio Tanaro,CN,Piemonte,730
004108,Lesegno,CN,Piemonte,867
004109,Levice,CN,Piemonte,174
004110,Limone Piemonte,CN,Piemonte,1329
004111,Lisio,CN,Piemonte,181
004112,Macra,CN,Piemonte,42
004113,Magliano Alfieri,CN,Piemonte,2169
004114,Magliano Alpi,CN,Piemonte,2166
004115,Mango,CN,Piemonte,1233
004116,Manta,CN,Piemonte,3870
004117,Marene,CN,Piemonte,3367
004118,Margarita,CN,Piemonte,1413
004119,Marmora,CN,Piemonte,56
004120,Marsaglia,CN,Piemonte,222
004121,Martiniana Po,CN,Piemonte,811
004122,Melle,CN,Piemonte,293
004123,Moiola,CN,Piemonte,212
004124,Mombarcaro,CN,Piemonte,263
004125,Mombasiglio,CN,Piemonte,562
004126,Monastero di Vasco,CN,Piemonte,1257
004127,Monasterolo Casotto,CN,Piemonte,82
004128,Monasterolo di Savigliano,CN,Piemonte,1312
004129,Monchiero,CN,Piemonte,581
004130,Mondovì,CN,Piemonte,22371
004131,Monesiglio,CN,Piemonte,567
004132,Monforte d'Alba,CN,Piemonte,1864
004133,Montà,CN,Piemonte,4649
004134,Montaldo di Mondovì,CN,Piemonte,550
004135,Montaldo Roero,CN,Piemonte,894
004136,Montanera,CN,Piemonte,682
004137,Montelupo Albese,CN,Piemonte,480
004138,Montemale di Cuneo,CN,Piemonte,244
004139,Monterosso Grana,CN,Piemonte,548
004140,Monteu Roero,CN,Piemonte,1582
004141,Montezemolo,CN,Piemonte,229
004142,Monticello d'Alba,CN,Piemonte,2333
004143,Moretta,CN,Piemonte,4041
004144,Morozzo,CN,Piemonte,2032
004145,Murazzano,CN,Piemonte,841
004146,Murello,CN,Piemonte,936
004147,Narzole,CN,Piemonte,3528
004148,Neive,CN,Piemonte,3192
004149,Neviglie,CN,Piemonte,350
004150,Niella Belbo,CN,Piemonte,312
004151,Niella Tanaro,CN,Piemonte,939
004152,Novello,CN,Piemonte,921
004153,Nucetto,CN,Piemonte,387
004154,Oncino,CN,Piemonte,82
004155,Ormea,CN,Piemonte,1446
004156,Ostana,CN,Piemonte,78
004157,Paesana,CN,Piemonte,2663
004158,Pagno,CN,Piemonte,569
004159,Pamparato,CN,Piemonte,263
004160,Paroldo,CN,Piemonte,182
004161,Perletto,CN,Piemonte,255
004162,Perlo,CN,Piemonte,106
004163,Peveragno,CN,Piemonte,5502
004164,Pezzolo Valle Uzzone,CN,Piemonte,281
004165,Pianfei,CN,Piemonte,2093
004166,Piasco,CN,Piemonte,2758
004167,Pietraporzio,CN,Piemonte,68
004168,Piobesi d'Alba,CN,Piemonte,1469
004169,Piozzo,CN,Piemonte,991
004170,Pocapaglia,CN,Piemonte,3306
004171,Polonghera,CN,Piemonte,1119
004172,Pontechianale,CN,Piemonte,187
004173,Pradleves,CN,Piemonte,262
004174,Prazzo,CN,Piemonte,166
004175,Priero,CN,Piemonte,486
004176,Priocca,CN,Piemonte,2016
004177,Priola,CN,Piemonte,609
004178,Prunetto,CN,Piemonte,369
004179,Racconigi,CN,Piemonte,9626
004180,Revello,CN,Piemonte,4184
004181,Rifreddo,CN,Piemonte,1014
004182,Rittana,CN,Piemonte,98
004183,Roaschia,CN,Piemonte,87
004184,Roascio,CN,Piemonte,83
004185,Robilante,CN,Piemonte,2103
004186,Roburent,CN,Piemonte,487
004187,Roccabruna,CN,Piemonte,1519
004188,Rocca Cigliè,CN,Piemonte,124
004189,Rocca de' Baldi,CN,Piemonte,1615
004190,Roccaforte Mondovì,CN,Piemonte,2132
004191,Roccasparvera,CN,Piemonte,744
004192,Roccavione,CN,Piemonte,2610
004193,Rocchetta Belbo,CN,Piemonte,150
004194,Roddi,CN,Piemonte,1591
004195,Roddino,CN,Piemonte,394
004196,Rodello,CN,Piemonte,959
004197,Rossana,CN,Piemonte,836
004198,Ruffia,CN,Piemonte,357
004199,Sale delle Langhe,CN,Piemonte,473
004200,Sale San Giovanni,CN,Piemonte,151
004201,Saliceto,CN,Piemonte,1144
004202,Salmour,CN,Piemonte,719
004203,Saluzzo,CN,Piemonte,17575
004204,Sambuco,CN,Piemonte,81
004205,Sampeyre,CN,Piemonte,967
004206,San Benedetto Belbo,CN,Piemonte,141
004207,San Damiano Macra,CN,Piemonte,402
004208,Sanfrè,CN,Piemonte,3051
004209,Sanfront,CN,Piemonte,2253
004210,San Michele Mondovì,CN,Piemonte,1896
004211,Sant'Albano Stura,CN,Piemonte,2420
004212,Santa Vittoria d'Alba,CN,Piemonte,2928
004213,Santo Stefano Belbo,CN,Piemonte,3686
004214,Santo Stefano Roero,CN,Piemonte,1346
004215,Savigliano,CN,Piemonte,21761
004216,Scagnello,CN,Piemonte,166
004217,Scarnafigi,CN,Piemonte,2087
004218,Serralunga d'Alba,CN,Piemonte,484
004219,Serravalle Langhe,CN,Piemonte,324
004220,Sinio,CN,Piemonte,471
004221,Somano,CN,Piemonte,322
004222,Sommariva del Bosco,CN,Piemonte,6272
004223,Sommariva Perno,CN,Piemonte,2675
004224,Stroppo,CN,Piemonte,102
004225,Tarantasca,CN,Piemonte,2219
004226,Torre Bormida,CN,Piemonte,190
004227,Torre Mondovì,CN,Piemonte,509
004228,Torre San Giorgio,CN,Piemonte,698
004229,Torresina,CN,Piemonte,48
004230,Treiso,CN,Piemonte,734
004231,Trezzo Tinella,CN,Piemonte,289
004232,Trinità,CN,Piemonte,2322
004233,Valdieri,CN,Piemonte,911
004234,Valgrana,CN,Piemonte,790
004235,Valloriate,CN,Piemonte,92
004237,Venasca,CN,Piemonte,1335
004238,Verduno,CN,Piemonte,553
004239,Vernante,CN,Piemonte,1079
004240,Verzuolo,CN,Piemonte,6519
004241,Vezza d'Alba,CN,Piemonte,2377
004242,Vicoforte,CN,Piemonte,3187
004243,Vignolo,CN,Piemonte,2690
004244,Villafalletto,CN,Piemonte,2918
004245,Villanova Mondovì,CN,Piemonte,6038
004246,Villanova Solaro,CN,Piemonte,725
004247,Villar San Costanzo,CN,Piemonte,1548
004248,Vinadio,CN,Piemonte,566
004249,Viola,CN,Piemonte,383
004250,Vottignasco,CN,Piemonte,507
005001,Agliano Terme,AT,Piemonte,1545
005002,Albugnano,AT,Piemonte,525
005003,Antignano,AT,Piemonte,957
005004,Aramengo,AT,Piemonte,574
005005,Asti,AT,Piemonte,73604
005006,Azzano d'Asti,AT,Piemonte,383
005007,Baldichieri d'Asti,AT,Piemonte,1104
005008,Belveglio,AT,Piemonte,292
005009,Berzano di San Pietro,AT,Piemonte,404
005010,Bruno,AT,Piemonte,305
005011,Bubbio,AT,Piemonte,793
005012,Buttigliera d'Asti,AT,Piemonte,2505
005013,Calamandrana,AT,Piemonte,1643
005014,Calliano Monferrato,AT,Piemonte,1235
005015,Calosso,AT,Piemonte,1102
005016,Camerano Casasco,AT,Piemonte,421
005017,Canelli,AT,Piemonte,10014
005018,Cantarana,AT,Piemonte,974
005019,Capriglio,AT,Piemonte,295
005020,Casorzo Monferrato,AT,Piemonte,581
005021,Cassinasco,AT,Piemonte,559
005022,Castagnole delle Lanze,AT,Piemonte,3660
005023,Castagnole Monferrato,AT,Piemonte,1129
005024,Castel Boglione,AT,Piemonte,591
005025,Castell'Alfero,AT,Piemonte,2588
005026,Castellero,AT,Piemonte,281
005027,Castelletto Molina,AT,Piemonte,137
005028,Castello di Annone,AT,Piemonte,1827
005029,Castelnuovo Belbo,AT,Piemonte,815
005030,Castelnuovo Calcea,AT,Piemonte,680
005031,Castelnuovo Don Bosco,AT,Piemonte,3095
005032,Castel Rocchero,AT,Piemonte,356
005033,Cellarengo,AT,Piemonte,731
005034,Celle Enomondo,AT,Piemonte,430
005035,Cerreto d'Asti,AT,Piemonte,217
005036,Cerro Tanaro,AT,Piemonte,594
005037,Cessole,AT,Piemonte,327
005038,Chiusano d'Asti,AT,Piemonte,242
005039,Cinaglio,AT,Piemonte,404
005040,Cisterna d'Asti,AT,Piemonte,1221
005041,Coazzolo,AT,Piemonte,285
005042,Cocconato,AT,Piemonte,1415
005044,Corsione,AT,Piemonte,191
005045,Cortandone,AT,Piemonte,307
005046,Cortanze,AT,Piemonte,262
005047,Cortazzone,AT,Piemonte,596
005048,Cortiglione,AT,Piemonte,507
005049,Cossombrato,AT,Piemonte,506
005050,Costigliole d'Asti,AT,Piemonte,5664
005051,Cunico,AT,Piemonte,427
005052,Dusino San Michele,AT,Piemonte,1081
005053,Ferrere,AT,Piemonte,1511
005054,Fontanile,AT,Piemonte,473
005055,Frinco,AT,Piemonte,722
005056,Grana Monferrato,AT,Piemonte,507
005057,Grazzano Badoglio,AT,Piemonte,511
005058,Incisa Scapaccino,AT,Piemonte,2006
005059,Isola d'Asti,AT,Piemonte,1897
005060,Loazzolo,AT,Piemonte,296
005061,Maranzana,AT,Piemonte,204
005062,Maretto,AT,Piemonte,370
005063,Moasca,AT,Piemonte,522
005064,Mombaldone,AT,Piemonte,190
005065,Mombaruzzo,AT,Piemonte,892
005066,Mombercelli,AT,Piemonte,2038
005067,Monale,AT,Piemonte,990
005068,Monastero Bormida,AT,Piemonte,820
005069,Moncalvo,AT,Piemonte,2762
005070,Moncucco Torinese,AT,Piemonte,869
005071,Mongardino,AT,Piemonte,834
005072,Montabone,AT,Piemonte,301
005073,Montafia,AT,Piemonte,932
005074,Montaldo Scarampi,AT,Piemonte,708
005075,Montechiaro d'Asti,AT,Piemonte,1221
005076,Montegrosso d'Asti,AT,Piemonte,2320
005077,Montemagno Monferrato,AT,Piemonte,1030
005080,Nizza Monferrato,AT,Piemonte,10168
005081,Olmo Gentile,AT,Piemonte,67
005082,Passerano Marmorito,AT,Piemonte,446
005083,Penango,AT,Piemonte,417
005084,Piea,AT,Piemonte,489
005085,Pino d'Asti,AT,Piemonte,217
005086,Piovà Massaia,AT,Piemonte,557
005087,Portacomaro,AT,Piemonte,1891
005088,Quaranti,AT,Piemonte,144
005089,Refrancore,AT,Piemonte,1535
005090,Revigliasco d'Asti,AT,Piemonte,752
005091,Roatto,AT,Piemonte,350
005092,Robella,AT,Piemonte,440
005093,Rocca d'Arazzo,AT,Piemonte,935
005094,Roccaverano,AT,Piemonte,360
005095,Rocchetta Palafea,AT,Piemonte,320
005096,Rocchetta Tanaro,AT,Piemonte,1357
005097,San Damiano d'Asti,AT,Piemonte,8040
005098,San Giorgio Scarampi,AT,Piemonte,98
005099,San Martino Alfieri,AT,Piemonte,661
005100,San Marzano Oliveto,AT,Piemonte,930
005101,San Paolo Solbrito,AT,Piemonte,1163
005103,Scurzolengo,AT,Piemonte,522
005104,Serole,AT,Piemonte,96
005105,Sessame,AT,Piemonte,222
005106,Settime,AT,Piemonte,531
005107,Soglio,AT,Piemonte,128
005108,Tigliole,AT,Piemonte,1739
005109,Tonco,AT,Piemonte,762
005111,Vaglio Serra,AT,Piemonte,260
005112,Valfenera,AT,Piemonte,2445
005113,Vesime,AT,Piemonte,582
005114,Viale,AT,Piemonte,227
005115,Viarigi,AT,Piemonte,807
005116,Vigliano d'Asti,AT,Piemonte,792
005117,Villafranca d'Asti,AT,Piemonte,2959
005118,Villanova d'Asti,AT,Piemonte,5507
005119,Villa San Secondo,AT,Piemonte,388
005120,Vinchio,AT,Piemonte,531
005121,Montiglio Monferrato,AT,Piemonte,1497
005122,Moransengo-Tonengo,AT,Piemonte,420
006001,Acqui Terme,AL,Piemonte,19017
006002,Albera Ligure,AL,Piemonte,292
006003,Alessandria,AL,Piemonte,93409
006004,Alfiano Natta,AL,Piemonte,655
006005,Alice Bel Colle,AL,Piemonte,632
006007,Altavilla Monferrato,AL,Piemonte,386
006008,Alzano Scrivia,AL,Piemonte,354
006009,Arquata Scrivia,AL,Piemonte,6335
006010,Avolasca,AL,Piemonte,241
006011,Balzola,AL,Piemonte,1252
006012,Basaluzzo,AL,Piemonte,2009
006013,Bassignana,AL,Piemonte,1574
006014,Belforte Monferrato,AL,Piemonte,486
006015,Bergamasco,AL,Piemonte,662
006016,Berzano di Tortona,AL,Piemonte,163
006017,Bistagno,AL,Piemonte,1692
006018,Borghetto di Borbera,AL,Piemonte,1889
006019,Borgoratto Alessandrino,AL,Piemonte,534
006020,Borgo San Martino,AL,Piemonte,1333
006021,Bosco Marengo,AL,Piemonte,2140
006022,Bosio,AL,Piemonte,1037
006023,Bozzole,AL,Piemonte,343
006024,Brignano-Frascata,AL,Piemonte,420
006025,Cabella Ligure,AL,Piemonte,437
006026,Camagna Monferrato,AL,Piemonte,464
006027,Camino,AL,Piemonte,730
006028,Cantalupo Ligure,AL,Piemonte,431
006029,Capriata d'Orba,AL,Piemonte,1776
006030,Carbonara Scrivia,AL,Piemonte,1114
006031,Carentino,AL,Piemonte,311
006032,Carezzano,AL,Piemonte,437
006033,Carpeneto,AL,Piemonte,848
006034,Carrega Ligure,AL,Piemonte,76
006035,Carrosio,AL,Piemonte,519
006036,Cartosio,AL,Piemonte,711
006037,Casal Cermelli,AL,Piemonte,1189
006038,Casaleggio Boiro,AL,Piemonte,335
006039,Casale Monferrato,AL,Piemonte,32461
006040,Casalnoceto,AL,Piemonte,945
006041,Casasco,AL,Piemonte,134
006043,Cassine,AL,Piemonte,2811
006044,Cassinelle,AL,Piemonte,845
006045,Castellania Coppi,AL,Piemonte,85
006046,Castellar Guidobono,AL,Piemonte,429
006047,Castellazzo Bormida,AL,Piemonte,4519
006048,Castelletto d'Erro,AL,Piemonte,115
006049,Castelletto d'Orba,AL,Piemonte,1811
006050,Castelletto Merli,AL,Piemonte,445
006051,Castelletto Monferrato,AL,Piemonte,1439
006052,Castelnuovo Bormida,AL,Piemonte,636
006053,Castelnuovo Scrivia,AL,Piemonte,4807
006054,Castelspina,AL,Piemonte,391
006055,Cavatore,AL,Piemonte,248
006056,Cella Monte,AL,Piemonte,446
006057,Cereseto,AL,Piemonte,355
006058,Cerreto Grue,AL,Piemonte,293
006059,Cerrina Monferrato,AL,Piemonte,1264
006060,Coniolo,AL,Piemonte,420
006061,Conzano,AL,Piemonte,892
006062,Costa Vescovato,AL,Piemonte,310
006063,Cremolino,AL,Piemonte,1002
006065,Denice,AL,Piemonte,161
006066,Dernice,AL,Piemonte,174
006067,Fabbrica Curone,AL,Piemonte,530
006068,Felizzano,AL,Piemonte,2066
006069,Fraconalto,AL,Piemonte,307
006070,Francavilla Bisio,AL,Piemonte,491
006071,Frascaro,AL,Piemonte,425
006072,Frassinello Monferrato,AL,Piemonte,449
006073,Frassineto Po,AL,Piemonte,1349
006074,Fresonara,AL,Piemonte,651
006075,Frugarolo,AL,Piemonte,1882
006076,Fubine Monferrato,AL,Piemonte,1604
006077,Gabiano,AL,Piemonte,1033
006078,Gamalero,AL,Piemonte,783
006079,Garbagna,AL,Piemonte,638
006081,Gavi,AL,Piemonte,4344
006082,Giarole,AL,Piemonte,682
006083,Gremiasco,AL,Piemonte,277
006084,Grognardo,AL,Piemonte,225
006085,Grondona,AL,Piemonte,477
006086,Guazzora,AL,Piemonte,288
006087,Isola Sant'Antonio,AL,Piemonte,654
006088,Lerma,AL,Piemonte,797
006090,Malvicino,AL,Piemonte,79
006091,Masio,AL,Piemonte,1276
006092,Melazzo,AL,Piemonte,1236
006093,Merana,AL,Piemonte,172
006094,Mirabello Monferrato,AL,Piemonte,1204
006095,Molare,AL,Piemonte,1984
006096,Molino dei Torti,AL,Piemonte,567
006097,Mombello Monferrato,AL,Piemonte,890
006098,Momperone,AL,Piemonte,200
006099,Moncestino,AL,Piemonte,194
006100,Mongiardino Ligure,AL,Piemonte,145
006101,Monleale,AL,Piemonte,552
006102,Montacuto,AL,Piemonte,227
006103,Montaldeo,AL,Piemonte,206
006104,Montaldo Bormida,AL,Piemonte,576
006105,Montecastello,AL,Piemonte,272
006106,Montechiaro d'Acqui,AL,Piemonte,509
006107,Montegioco,AL,Piemonte,271
006108,Montemarzino,AL,Piemonte,312
006109,Morano sul Po,AL,Piemonte,1270
006110,Morbello,AL,Piemonte,388
006111,Mornese,AL,Piemonte,666
006112,Morsasco,AL,Piemonte,593
006113,Murisengo Monferrato,AL,Piemonte,1210
006114,Novi Ligure,AL,Piemonte,27427
006115,Occimiano,AL,Piemonte,1195
006116,Odalengo Grande,AL,Piemonte,397
006117,Odalengo Piccolo,AL,Piemonte,207
006118,Olivola,AL,Piemonte,105
006119,Orsara Bormida,AL,Piemonte,377
006120,Ottiglio,AL,Piemonte,532
006121,Ovada,AL,Piemonte,10941
006122,Oviglio,AL,Piemonte,1224
006123,Ozzano Monferrato,AL,Piemonte,1322
006124,Paderna,AL,Piemonte,206
006125,Pareto,AL,Piemonte,509
006126,Parodi Ligure,AL,Piemonte,593
006127,Pasturana,AL,Piemonte,1263
006128,Pecetto di Valenza,AL,Piemonte,1156
006129,Pietra Marazzi,AL,Piemonte,850
006131,Pomaro Monferrato,AL,Piemonte,329
006132,Pontecurone,AL,Piemonte,3570
006133,Pontestura,AL,Piemonte,1317
006134,Ponti,AL,Piemonte,491
006135,Ponzano Monferrato,AL,Piemonte,328
006136,Ponzone,AL,Piemonte,1013
006137,Pozzol Groppo,AL,Piemonte,311
006138,Pozzolo Formigaro,AL,Piemonte,4558
006139,Prasco,AL,Piemonte,501
006140,Predosa,AL,Piemonte,1860
006141,Quargnento,AL,Piemonte,1362
006142,Quattordio,AL,Piemonte,1435
006143,Ricaldone,AL,Piemonte,604
006144,Rivalta Bormida,AL,Piemonte,1332
006145,Rivarone,AL,Piemonte,400
006146,Roccaforte Ligure,AL,Piemonte,113
006147,Rocca Grimalda,AL,Piemonte,1396
006148,Rocchetta Ligure,AL,Piemonte,222
006149,Rosignano Monferrato,AL,Piemonte,1387
006150,Sala Monferrato,AL,Piemonte,326
006151,Sale,AL,Piemonte,3853
006152,San Cristoforo,AL,Piemonte,519
006153,San Giorgio Monferrato,AL,Piemonte,1204
006154,San Salvatore Monferrato,AL,Piemonte,4053
006155,San Sebastiano Curone,AL,Piemonte,530
006156,Sant'Agata Fossili,AL,Piemonte,337
006157,Sardigliano,AL,Piemonte,375
006158,Sarezzano,AL,Piemonte,1096
006159,Serralunga di Crea,AL,Piemonte,510
006160,Serravalle Scrivia,AL,Piemonte,6004
006161,Sezzadio,AL,Piemonte,1185
006162,Silvano d'Orba,AL,Piemonte,1839
006163,Solero,AL,Piemonte,1581
006164,Solonghello,AL,Piemonte,196
006165,Spigno Monferrato,AL,Piemonte,887
006166,Spineto Scrivia,AL,Piemonte,356
006167,Stazzano,AL,Piemonte,2259
006168,Strevi,AL,Piemonte,1940
006169,Tagliolo Monferrato,AL,Piemonte,1460
006170,Tassarolo,AL,Piemonte,594
006171,Terruggia,AL,Piemonte,860
006172,Terzo,AL,Piemonte,817
006173,Ticineto,AL,Piemonte,1297
006174,Tortona,AL,Piemonte,26643
006175,Treville,AL,Piemonte,263
006176,Trisobbio,AL,Piemonte,621
006177,Valenza,AL,Piemonte,18313
006178,Valmacca,AL,Piemonte,973
006179,Vignale Monferrato,AL,Piemonte,926
006180,Vignole Borbera,AL,Piemonte,2066
006181,Viguzzolo,AL,Piemonte,3094
006182,Villadeati,AL,Piemonte,454
006183,Villalvernia,AL,Piemonte,846
006184,Villamiroglio,AL,Piemonte,283
006185,Villanova Monferrato,AL,Piemonte,1701
006186,Villaromagnano,AL,Piemonte,650
006187,Visone,AL,Piemonte,1169
006188,Volpedo,AL,Piemonte,1135
006189,Volpeglino,AL,Piemonte,129
006190,Voltaggio,AL,Piemonte,649
006191,Cassano Spinola,AL,Piemonte,1796
006192,Alluvioni Piovera,AL,Piemonte,1564
006193,Lu e Cuccaro Monferrato,AL,Piemonte,1255
007001,Allein,AO,Valle d'Aosta/Vallée d'Aoste,197
007002,Antey-Saint-André,AO,Valle d'Aosta/Vallée d'Aoste,552
007003,Aosta,AO,Valle d'Aosta/Vallée d'Aoste,33127
007004,Arnad,AO,Valle d'Aosta/Vallée d'Aoste,1215
007005,Arvier,AO,Valle d'Aosta/Vallée d'Aoste,819
007006,Avise,AO,Valle d'Aosta/Vallée d'Aoste,294
007007,Ayas,AO,Valle d'Aosta/Vallée d'Aoste,1370
007008,Aymavilles,AO,Valle d'Aosta/Vallée d'Aoste,2093
007009,Bard,AO,Valle d'Aosta/Vallée d'Aoste,99
007010,Bionaz,AO,Valle d'Aosta/Vallée d'Aoste,212
007011,Brissogne,AO,Valle d'Aosta/Vallée d'Aoste,979
007012,Brusson,AO,Valle d'Aosta/Vallée d'Aoste,823
007013,Challand-Saint-Anselme,AO,Valle d'Aosta/Vallée d'Aoste,755
007014,Challand-Saint-Victor,AO,Valle d'Aosta/Vallée d'Aoste,577
007015,Chambave,AO,Valle d'Aosta/Vallée d'Aoste,880
007016,Chamois,AO,Valle d'Aosta/Vallée d'Aoste,113
007017,Champdepraz,AO,Valle d'Aosta/Vallée d'Aoste,702
007018,Champorcher,AO,Valle d'Aosta/Vallée d'Aoste,360
007019,Charvensod,AO,Valle d'Aosta/Vallée d'Aoste,2411
007020,Châtillon,AO,Valle d'Aosta/Vallée d'Aoste,4299
007021,Cogne,AO,Valle d'Aosta/Vallée d'Aoste,1329
007022,Courmayeur,AO,Valle d'Aosta/Vallée d'Aoste,2494
007023,Donnas,AO,Valle d'Aosta/Vallée d'Aoste,2394
007024,Doues,AO,Valle d'Aosta/Vallée d'Aoste,509
007025,Emarèse,AO,Valle d'Aosta/Vallée d'Aoste,232
007026,Etroubles,AO,Valle d'Aosta/Vallée d'Aoste,484
007027,Fénis,AO,Valle d'Aosta/Vallée d'Aoste,1779
007028,Fontainemore,AO,Valle d'Aosta/Vallée d'Aoste,437
007029,Gaby,AO,Valle d'Aosta/Vallée d'Aoste,404
007030,Gignod,AO,Valle d'Aosta/Vallée d'Aoste,1679
007031,Gressan,AO,Valle d'Aosta/Vallée d'Aoste,3323
007032,Gressoney-La-Trinité,AO,Valle d'Aosta/Vallée d'Aoste,321
007033,Gressoney-Saint-Jean,AO,Valle d'Aosta/Vallée d'Aoste,769
007034,Hône,AO,Valle d'Aosta/Vallée d'Aoste,1164
007035,Introd,AO,Valle d'Aosta/Vallée d'Aoste,642
007036,Issime,AO,Valle d'Aosta/Vallée d'Aoste,372
007037,Issogne,AO,Valle d'Aosta/Vallée d'Aoste,1283
007038,Jovençan,AO,Valle d'Aosta/Vallée d'Aoste,701
007039,La Magdeleine,AO,Valle d'Aosta/Vallée d'Aoste,107
007040,La Salle,AO,Valle d'Aosta/Vallée d'Aoste,2035
007041,La Thuile,AO,Valle d'Aosta/Vallée d'Aoste,746
007042,Lillianes,AO,Valle d'Aosta/Vallée d'Aoste,410
007043,Montjovet,AO,Valle d'Aosta/Vallée d'Aoste,1762
007044,Morgex,AO,Valle d'Aosta/Vallée d'Aoste,2066
007045,Nus,AO,Valle d'Aosta/Vallée d'Aoste,2916
007046,Ollomont,AO,Valle d'Aosta/Vallée d'Aoste,169
007047,Oyace,AO,Valle d'Aosta/Vallée d'Aoste,207
007048,Perloz,AO,Valle d'Aosta/Vallée d'Aoste,439
007049,Pollein,AO,Valle d'Aosta/Vallée d'Aoste,1446
007050,Pontboset,AO,Valle d'Aosta/Vallée d'Aoste,177
007051,Pontey,AO,Valle d'Aosta/Vallée d'Aoste,771
007052,Pont-Saint-Martin,AO,Valle d'Aosta/Vallée d'Aoste,3517
007053,Pré-Saint-Didier,AO,Valle d'Aosta/Vallée d'Aoste,955
007054,Quart,AO,Valle d'Aosta/Vallée d'Aoste,4151
007055,Rhêmes-Notre-Dame,AO,Valle d'Aosta/Vallée d'Aoste,74
007056,Rhêmes-Saint-Georges,AO,Valle d'Aosta/Vallée d'Aoste,165
007057,Roisan,AO,Valle d'Aosta/Vallée d'Aoste,984
007058,Saint-Christophe,AO,Valle d'Aosta/Vallée d'Aoste,3436
007059,Saint-Denis,AO,Valle d'Aosta/Vallée d'Aoste,372
007060,Saint-Marcel,AO,Valle d'Aosta/Vallée d'Aoste,1283
007061,Saint-Nicolas,AO,Valle d'Aosta/Vallée d'Aoste,336
007062,Saint-Oyen,AO,Valle d'Aosta/Vallée d'Aoste,188
007063,Saint-Pierre,AO,Valle d'Aosta/Vallée d'Aoste,3242
007064,Saint-Rhémy-en-Bosses,AO,Valle d'Aosta/Vallée d'Aoste,353
007065,Saint-Vincent,AO,Valle d'Aosta/Vallée d'Aoste,4432
007066,Sarre,AO,Valle d'Aosta/Vallée d'Aoste,4826
007067,Torgnon,AO,Valle d'Aosta/Vallée d'Aoste,577
007068,Valgrisenche,AO,Valle d'Aosta/Vallée d'Aoste,193
007069,Valpelline,AO,Valle d'Aosta/Vallée d'Aoste,577
007070,Valsavarenche,AO,Valle d'Aosta/Vallée d'Aoste,154
007071,Valtournenche,AO,Valle d'Aosta/Vallée d'Aoste,2225
007072,Verrayes,AO,Valle d'Aosta/Vallée d'Aoste,1263
007073,Verrès,AO,Valle d'Aosta/Vallée d'Aoste,2535
007074,Villeneuve,AO,Valle d'Aosta/Vallée d'Aoste,1272
008001,Airole,IM,Liguria,371
008002,Apricale,IM,Liguria,585
008003,Aquila d'Arroscia,IM,Liguria,144
008004,Armo,IM,Liguria,121
008005,Aurigo,IM,Liguria,336
008006,Badalucco,IM,Liguria,1065
008007,Bajardo,IM,Liguria,352
008008,Bordighera,IM,Liguria,10366
008009,Borghetto d'Arroscia,IM,Liguria,389
008010,Borgomaro,IM,Liguria,823
008011,Camporosso,IM,Liguria,5788
008012,Caravonica,IM,Liguria,257
008014,Castellaro,IM,Liguria,1209
008015,Castel Vittorio,IM,Liguria,237
008016,Ceriana,IM,Liguria,1098
008017,Cervo,IM,Liguria,1079
008018,Cesio,IM,Liguria,247
008019,Chiusanico,IM,Liguria,594
008020,Chiusavecchia,IM,Liguria,533
008021,Cipressa,IM,Liguria,1192
008022,Civezza,IM,Liguria,630
008023,Cosio d'Arroscia,IM,Liguria,168
008024,Costarainera,IM,Liguria,767
008025,Diano Arentino,IM,Liguria,669
008026,Diano Castello,IM,Liguria,2270
008027,Diano Marina,IM,Liguria,5475
008028,Diano San Pietro,IM,Liguria,1105
008029,Dolceacqua,IM,Liguria,2216
008030,Dolcedo,IM,Liguria,1264
008031,Imperia,IM,Liguria,42594
008032,Isolabona,IM,Liguria,689
008033,Lucinasco,IM,Liguria,294
008034,Mendatica,IM,Liguria,161
008035,Molini di Triora,IM,Liguria,583
008037,Montegrosso Pian Latte,IM,Liguria,109
008038,Olivetta San Michele,IM,Liguria,190
008039,Ospedaletti,IM,Liguria,3204
008040,Perinaldo,IM,Liguria,775
008041,Pietrabruna,IM,Liguria,403
008042,Pieve di Teco,IM,Liguria,1329
008043,Pigna,IM,Liguria,742
008044,Pompeiana,IM,Liguria,849
008045,Pontedassio,IM,Liguria,2383
008046,Pornassio,IM,Liguria,682
008047,Prelà,IM,Liguria,497
008048,Ranzo,IM,Liguria,576
008049,Rezzo,IM,Liguria,311
008050,Riva Ligure,IM,Liguria,2711
008051,Rocchetta Nervina,IM,Liguria,267
008052,San Bartolomeo al Mare,IM,Liguria,2967
008053,San Biagio della Cima,IM,Liguria,1283
008054,San Lorenzo al Mare,IM,Liguria,1224
008055,Sanremo,IM,Liguria,53157
008056,Santo Stefano al Mare,IM,Liguria,1984
008057,Seborga,IM,Liguria,286
008058,Soldano,IM,Liguria,967
008059,Taggia,IM,Liguria,13958
008060,Terzorio,IM,Liguria,214
008061,Triora,IM,Liguria,419
008062,Vallebona,IM,Liguria,1240
008063,Vallecrosia,IM,Liguria,6816
008064,Vasia,IM,Liguria,355
008065,Ventimiglia,IM,Liguria,23083
008066,Vessalico,IM,Liguria,279
008067,Villa Faraldi,IM,Liguria,439
008068,Montalto Carpasio,IM,Liguria,478
009001,Alassio,SV,Liguria,9905
009002,Albenga,SV,Liguria,23670
009003,Albissola Marina,SV,Liguria,5125
009004,Albisola Superiore,SV,Liguria,9471
009005,Altare,SV,Liguria,1922
009006,Andora,SV,Liguria,7255
009007,Arnasco,SV,Liguria,529
009008,Balestrino,SV,Liguria,522
009009,Bardineto,SV,Liguria,764
009010,Bergeggi,SV,Liguria,1033
009011,Boissano,SV,Liguria,2584
009012,Borghetto Santo Spirito,SV,Liguria,4549
009013,Borgio Verezzi,SV,Liguria,2081
009014,Bormida,SV,Liguria,306
009015,Cairo Montenotte,SV,Liguria,12960
009016,Calice Ligure,SV,Liguria,1674
009017,Calizzano,SV,Liguria,1457
009018,Carcare,SV,Liguria,5209
009019,Casanova Lerrone,SV,Liguria,738
009020,Castelbianco,SV,Liguria,319
009021,Castelvecchio di Rocca Barbena,SV,Liguria,133
009022,Celle Ligure,SV,Liguria,4825
009023,Cengio,SV,Liguria,3505
009024,Ceriale,SV,Liguria,5401
009025,Cisano sul Neva,SV,Liguria,2132
009026,Cosseria,SV,Liguria,1029
009027,Dego,SV,Liguria,1826
009028,Erli,SV,Liguria,245
009029,Finale Ligure,SV,Liguria,10903
009030,Garlenda,SV,Liguria,1397
009031,Giustenice,SV,Liguria,992
009032,Giusvalla,SV,Liguria,389
009033,Laigueglia,SV,Liguria,1681
009034,Loano,SV,Liguria,10710
009035,Magliolo,SV,Liguria,992
009036,Mallare,SV,Liguria,1017
009037,Massimino,SV,Liguria,102
009038,Millesimo,SV,Liguria,3334
009039,Mioglia,SV,Liguria,502
009040,Murialdo,SV,Liguria,715
009041,Nasino,SV,Liguria,145
009042,Noli,SV,Liguria,2373
009043,Onzo,SV,Liguria,209
009044,Orco Feglino,SV,Liguria,901
009045,Ortovero,SV,Liguria,1689
009046,Osiglia,SV,Liguria,401
009047,Pallare,SV,Liguria,867
009048,Piana Crixia,SV,Liguria,749
009049,Pietra Ligure,SV,Liguria,8224
009050,Plodio,SV,Liguria,616
009051,Pontinvrea,SV,Liguria,807
009052,Quiliano,SV,Liguria,6818
009053,Rialto,SV,Liguria,526
009054,Roccavignale,SV,Liguria,755
009055,Sassello,SV,Liguria,1700
009056,Savona,SV,Liguria,58421
009057,Spotorno,SV,Liguria,3314
009058,Stella,SV,Liguria,2945
009059,Stellanello,SV,Liguria,806
009060,Testico,SV,Liguria,173
009061,Toirano,SV,Liguria,2724
009062,Tovo San Giacomo,SV,Liguria,2507
009063,Urbe,SV,Liguria,651
009064,Vado Ligure,SV,Liguria,7967
009065,Varazze,SV,Liguria,12409
009066,Vendone,SV,Liguria,343
009067,Vezzi Portio,SV,Liguria,795
009068,Villanova d'Albenga,SV,Liguria,2888
009069,Zuccarello,SV,Liguria,284
010001,Arenzano,GE,Liguria,11134
010002,Avegno,GE,Liguria,2533
010003,Bargagli,GE,Liguria,2478
010004,Bogliasco,GE,Liguria,4249
010005,Borzonasca,GE,Liguria,1831
010006,Busalla,GE,Liguria,5110
010007,Camogli,GE,Liguria,4798
010008,Campo Ligure,GE,Liguria,2821
010009,Campomorone,GE,Liguria,6432
010010,Carasco,GE,Liguria,3707
010011,Casarza Ligure,GE,Liguria,6729
010012,Casella,GE,Liguria,3049
010013,Castiglione Chiavarese,GE,Liguria,1531
010014,Ceranesi,GE,Liguria,3584
010015,Chiavari,GE,Liguria,27435
010016,Cicagna,GE,Liguria,2339
010017,Cogoleto,GE,Liguria,8249
010018,Cogorno,GE,Liguria,5692
010019,Coreglia Ligure,GE,Liguria,241
010020,Crocefieschi,GE,Liguria,546
010021,Davagna,GE,Liguria,1772
010022,Fascia,GE,Liguria,65
010023,Favale di Malvaro,GE,Liguria,421
010024,Fontanigorda,GE,Liguria,226
010025,Genova,GE,Liguria,566247
010026,Gorreto,GE,Liguria,84
010027,Isola del Cantone,GE,Liguria,1425
010028,Lavagna,GE,Liguria,12411
010029,Leivi,GE,Liguria,2447
010030,Lorsica,GE,Liguria,377
010031,Lumarzo,GE,Liguria,1437
010032,Masone,GE,Liguria,3314
010033,Mele,GE,Liguria,2511
010034,Mezzanego,GE,Liguria,1563
010035,Mignanego,GE,Liguria,3542
010036,Moconesi,GE,Liguria,2423
010037,Moneglia,GE,Liguria,2490
010038,Montebruno,GE,Liguria,199
010039,Montoggio,GE,Liguria,2020
010040,Ne,GE,Liguria,2126
010041,Neirone,GE,Liguria,890
010042,Orero,GE,Liguria,504
010043,Pieve Ligure,GE,Liguria,2352
010044,Portofino,GE,Liguria,359
010045,Propata,GE,Liguria,119
010046,Rapallo,GE,Liguria,29595
010047,Recco,GE,Liguria,9273
010048,Rezzoaglio,GE,Liguria,859
010049,Ronco Scrivia,GE,Liguria,4213
010050,Rondanina,GE,Liguria,57
010051,Rossiglione,GE,Liguria,2523
010052,Rovegno,GE,Liguria,469
010053,San Colombano Certenoli,GE,Liguria,2697
010054,Santa Margherita Ligure,GE,Liguria,8259
010055,Sant'Olcese,GE,Liguria,5563
010056,Santo Stefano d'Aveto,GE,Liguria,964
010057,Savignone,GE,Liguria,3000
010058,Serra Riccò,GE,Liguria,7573
010059,Sestri Levante,GE,Liguria,17088
010060,Sori,GE,Liguria,3893
010061,Tiglieto,GE,Liguria,476
010062,Torriglia,GE,Liguria,2236
010063,Tribogna,GE,Liguria,599
010064,Uscio,GE,Liguria,2118
010065,Valbrevenna,GE,Liguria,754
010066,Vobbia,GE,Liguria,365
010067,Zoagli,GE,Liguria,2305
011001,Ameglia,SP,Liguria,4270
011002,Arcola,SP,Liguria,10229
011003,Beverino,SP,Liguria,2284
011004,Bolano,SP,Liguria,7456
011005,Bonassola,SP,Liguria,761
011006,Borghetto di Vara,SP,Liguria,928
011007,Brugnato,SP,Liguria,1291
011008,Calice al Cornoviglio,SP,Liguria,1023
011009,Carro,SP,Liguria,489
011010,Carrodano,SP,Liguria,459
011011,Castelnuovo Magra,SP,Liguria,8236
011012,Deiva Marina,SP,Liguria,1276
011013,Follo,SP,Liguria,6239
011014,Framura,SP,Liguria,567
011015,La Spezia,SP,Liguria,92610
011016,Lerici,SP,Liguria,9143
011017,Levanto,SP,Liguria,5018
011018,Maissana,SP,Liguria,567
011019,Monterosso al Mare,SP,Liguria,1289
011020,Luni,SP,Liguria,8099
011021,Pignone,SP,Liguria,529
011022,Portovenere,SP,Liguria,3155
011023,Riccò del Golfo di Spezia,SP,Liguria,3643
011024,Riomaggiore,SP,Liguria,1260
011025,Rocchetta di Vara,SP,Liguria,661
011026,Santo Stefano di Magra,SP,Liguria,10004
011027,Sarzana,SP,Liguria,21726
011028,Sesta Godano,SP,Liguria,1263
011029,Varese Ligure,SP,Liguria,1717
011030,Vernazza,SP,Liguria,675
011031,Vezzano Ligure,SP,Liguria,7214
011032,Zignago,SP,Liguria,458
012001,Agra,VA,Lombardia,380
012002,Albizzate,VA,Lombardia,5200
012003,Angera,VA,Lombardia,5326
012004,Arcisate,VA,Lombardia,9859
012005,Arsago Seprio,VA,Lombardia,4727
012006,Azzate,VA,Lombardia,4652
012007,Azzio,VA,Lombardia,758
012008,Barasso,VA,Lombardia,1681
012010,Bedero Valcuvia,VA,Lombardia,664
012011,Besano,VA,Lombardia,2513
012012,Besnate,VA,Lombardia,5438
012013,Besozzo,VA,Lombardia,8717
012014,Biandronno,VA,Lombardia,3190
012015,Bisuschio,VA,Lombardia,4253
012016,Bodio Lomnago,VA,Lombardia,2255
012017,Brebbia,VA,Lombardia,3137
012019,Brenta,VA,Lombardia,1682
012020,Brezzo di Bedero,VA,Lombardia,1214
012021,Brinzio,VA,Lombardia,765
012022,Brissago-Valtravaglia,VA,Lombardia,1316
012023,Brunello,VA,Lombardia,918
012024,Brusimpiano,VA,Lombardia,1174
012025,Buguggiate,VA,Lombardia,3115
012026,Busto Arsizio,VA,Lombardia,84595
012027,Cadegliano-Viconago,VA,Lombardia,2120
012029,Cairate,VA,Lombardia,7886
012030,Cantello,VA,Lombardia,4866
012031,Caravate,VA,Lombardia,2532
012032,Cardano al Campo,VA,Lombardia,14771
012033,Carnago,VA,Lombardia,6610
012034,Caronno Pertusella,VA,Lombardia,18556
012035,Caronno Varesino,VA,Lombardia,4800
012036,Casale Litta,VA,Lombardia,2775
012037,Casalzuigno,VA,Lombardia,1409
012038,Casciago,VA,Lombardia,3549
012039,Casorate Sempione,VA,Lombardia,5631
012040,Cassano Magnago,VA,Lombardia,21431
012041,Cassano Valcuvia,VA,Lombardia,647
012042,Castellanza,VA,Lombardia,13890
012043,Castello Cabiaglio,VA,Lombardia,550
012044,Castelseprio,VA,Lombardia,1330
012045,Castelveccana,VA,Lombardia,1855
012046,Castiglione Olona,VA,Lombardia,7454
012047,Castronno,VA,Lombardia,5035
012048,Cavaria con Premezzo,VA,Lombardia,5769
012049,Cazzago Brabbia,VA,Lombardia,779
012050,Cislago,VA,Lombardia,10572
012051,Cittiglio,VA,Lombardia,3805
012052,Clivio,VA,Lombardia,1982
012053,Cocquio-Trevisago,VA,Lombardia,4651
012054,Comabbio,VA,Lombardia,1177
012055,Comerio,VA,Lombardia,2784
012056,Cremenaga,VA,Lombardia,782
012057,Crosio della Valle,VA,Lombardia,624
012058,Cuasso al Monte,VA,Lombardia,3545
012059,Cugliate-Fabiasco,VA,Lombardia,3119
012060,Cunardo,VA,Lombardia,2880
012061,Curiglia con Monteviasco,VA,Lombardia,141
012062,Cuveglio,VA,Lombardia,3378
012063,Cuvio,VA,Lombardia,1754
012064,Daverio,VA,Lombardia,3030
012065,Dumenza,VA,Lombardia,1461
012066,Duno,VA,Lombardia,163
012067,Fagnano Olona,VA,Lombardia,12411
012068,Ferno,VA,Lombardia,6715
012069,Ferrera di Varese,VA,Lombardia,694
012070,Gallarate,VA,Lombardia,53023
012071,Galliate Lombardo,VA,Lombardia,1035
012072,Gavirate,VA,Lombardia,9145
012073,Gazzada Schianno,VA,Lombardia,4635
012074,Gemonio,VA,Lombardia,2871
012075,Gerenzano,VA,Lombardia,11065
012076,Germignaga,VA,Lombardia,3781
012077,Golasecca,VA,Lombardia,2630
012078,Gorla Maggiore,VA,Lombardia,4781
012079,Gorla Minore,VA,Lombardia,8236
012080,Gornate Olona,VA,Lombardia,2212
012081,Grantola,VA,Lombardia,1225
012082,Inarzo,VA,Lombardia,1073
012083,Induno Olona,VA,Lombardia,10446
012084,Ispra,VA,Lombardia,5358
012085,Jerago con Orago,VA,Lombardia,5177
012086,Lavena Ponte Tresa,VA,Lombardia,5649
012087,Laveno-Mombello,VA,Lombardia,8370
012088,Leggiuno,VA,Lombardia,3621
012089,Lonate Ceppino,VA,Lombardia,5177
012090,Lonate Pozzolo,VA,Lombardia,11338
012091,Lozza,VA,Lombardia,1211
012092,Luino,VA,Lombardia,14003
012093,Luvinate,VA,Lombardia,1349
012096,Malnate,VA,Lombardia,16650
012097,Marchirolo,VA,Lombardia,3571
012098,Marnate,VA,Lombardia,8136
012099,Marzio,VA,Lombardia,311
012100,Masciago Primo,VA,Lombardia,275
012101,Mercallo,VA,Lombardia,1782
012102,Mesenzana,VA,Lombardia,1825
012103,Montegrino Valtravaglia,VA,Lombardia,1522
012104,Monvalle,VA,Lombardia,1889
012105,Morazzone,VA,Lombardia,4320
012106,Mornago,VA,Lombardia,4847
012107,Oggiona con Santo Stefano,VA,Lombardia,4365
012108,Olgiate Olona,VA,Lombardia,12953
012109,Origgio,VA,Lombardia,8068
012110,Orino,VA,Lombardia,848
012113,Porto Ceresio,VA,Lombardia,2785
012114,Porto Valtravaglia,VA,Lombardia,2297
012115,Rancio Valcuvia,VA,Lombardia,911
012116,Ranco,VA,Lombardia,1208
012117,Saltrio,VA,Lombardia,3001
012118,Samarate,VA,Lombardia,16232
012119,Saronno,VA,Lombardia,38812
012120,Sesto Calende,VA,Lombardia,10998
012121,Solbiate Arno,VA,Lombardia,4047
012122,Solbiate Olona,VA,Lombardia,5377
012123,Somma Lombardo,VA,Lombardia,17931
012124,Sumirago,VA,Lombardia,5978
012125,Taino,VA,Lombardia,3554
012126,Ternate,VA,Lombardia,2556
012127,Tradate,VA,Lombardia,19101
012128,Travedona-Monate,VA,Lombardia,3868
012129,Tronzano Lago Maggiore,VA,Lombardia,221
012130,Uboldo,VA,Lombardia,11139
012131,Valganna,VA,Lombardia,1591
012132,Varano Borghi,VA,Lombardia,2492
012133,Varese,VA,Lombardia,79100
012134,Vedano Olona,VA,Lombardia,7452
012136,Venegono Inferiore,VA,Lombardia,5922
012137,Venegono Superiore,VA,Lombardia,7522
012138,Vergiate,VA,Lombardia,8646
012139,Viggiù,VA,Lombardia,5150
012140,Vizzola Ticino,VA,Lombardia,594
012141,Sangiano,VA,Lombardia,1437
012142,Maccagno con Pino e Veddasca,VA,Lombardia,2293
012143,Cadrezzate con Osmate,VA,Lombardia,2742
012144,Bardello con Malgesso e Bregano,VA,Lombardia,3629
013003,Albavilla,CO,Lombardia,6348
013004,Albese con Cassano,CO,Lombardia,4277
013005,Albiolo,CO,Lombardia,2800
013006,Alserio,CO,Lombardia,1417
013007,Alzate Brianza,CO,Lombardia,4834
013009,Anzano del Parco,CO,Lombardia,1675
013010,Appiano Gentile,CO,Lombardia,7749
013011,Argegno,CO,Lombardia,676
013012,Arosio,CO,Lombardia,5227
013013,Asso,CO,Lombardia,3555
013015,Barni,CO,Lombardia,611
013021,Bene Lario,CO,Lombardia,349
013022,Beregazzo con Figliaro,CO,Lombardia,2825
013023,Binago,CO,Lombardia,4814
013024,Bizzarone,CO,Lombardia,1789
013025,Blessagno,CO,Lombardia,313
013026,Blevio,CO,Lombardia,1002
013028,Bregnano,CO,Lombardia,6402
013029,Brenna,CO,Lombardia,2194
013030,Brienno,CO,Lombardia,311
013032,Brunate,CO,Lombardia,1572
013034,Bulgarograsso,CO,Lombardia,3957
013035,Cabiate,CO,Lombardia,7404
013036,Cadorago,CO,Lombardia,8051
013037,Caglio,CO,Lombardia,476
013040,Campione d'Italia,CO,Lombardia,1848
013041,Cantù,CO,Lombardia,40451
013042,Canzo,CO,Lombardia,5223
013043,Capiago Intimiano,CO,Lombardia,5433
013044,Carate Urio,CO,Lombardia,1090
013045,Carbonate,CO,Lombardia,2977
013046,Carimate,CO,Lombardia,4374
013047,Carlazzo,CO,Lombardia,3146
013048,Carugo,CO,Lombardia,6658
013052,Caslino d'Erba,CO,Lombardia,1670
013053,Casnate con Bernate,CO,Lombardia,5033
013055,Cassina Rizzardi,CO,Lombardia,3263
013058,Castelmarte,CO,Lombardia,1267
013059,Castelnuovo Bozzente,CO,Lombardia,916
013062,Cavargna,CO,Lombardia,171
013063,Cerano d'Intelvi,CO,Lombardia,593
013064,Cermenate,CO,Lombardia,9457
013065,Cernobbio,CO,Lombardia,6152
013068,Cirimido,CO,Lombardia,2198
013071,Claino con Osteno,CO,Lombardia,543
013074,Colonno,CO,Lombardia,432
013075,Como,CO,Lombardia,83035
013077,Corrido,CO,Lombardia,845
013083,Cremia,CO,Lombardia,674
013084,Cucciago,CO,Lombardia,3365
013085,Cusino,CO,Lombardia,250
013087,Dizzasco,CO,Lombardia,642
013089,Domaso,CO,Lombardia,1392
013090,Dongo,CO,Lombardia,3158
013092,Dosso del Liro,CO,Lombardia,235
013095,Erba,CO,Lombardia,16266
013097,Eupilio,CO,Lombardia,2526
013098,Faggeto Lario,CO,Lombardia,1063
013099,Faloppio,CO,Lombardia,4882
013100,Fenegrò,CO,Lombardia,3326
013101,Figino Serenza,CO,Lombardia,4972
013102,Fino Mornasco,CO,Lombardia,10139
013106,Garzeno,CO,Lombardia,656
013107,Gera Lario,CO,Lombardia,1065
013110,Grandate,CO,Lombardia,2803
013111,Grandola ed Uniti,CO,Lombardia,1289
013113,Griante,CO,Lombardia,553
013114,Guanzate,CO,Lombardia,5810
013118,Inverigo,CO,Lombardia,9149
013119,Laglio,CO,Lombardia,813
013120,Laino,CO,Lombardia,566
013121,Lambrugo,CO,Lombardia,2544
013123,Lasnigo,CO,Lombardia,444
013126,Lezzeno,CO,Lombardia,1856
013128,Limido Comasco,CO,Lombardia,3925
013129,Lipomo,CO,Lombardia,5869
013130,Livo,CO,Lombardia,158
013131,Locate Varesino,CO,Lombardia,4303
013133,Lomazzo,CO,Lombardia,10046
013134,Longone al Segrino,CO,Lombardia,1984
013135,Luisago,CO,Lombardia,2834
013136,Lurago d'Erba,CO,Lombardia,5587
013137,Lurago Marinone,CO,Lombardia,2598
013138,Lurate Caccivio,CO,Lombardia,9692
013139,Magreglio,CO,Lombardia,673
013143,Mariano Comense,CO,Lombardia,25531
013144,Maslianico,CO,Lombardia,3162
013145,Menaggio,CO,Lombardia,2946
013147,Merone,CO,Lombardia,4003
013152,Moltrasio,CO,Lombardia,1485
013153,Monguzzo,CO,Lombardia,2381
013154,Montano Lucino,CO,Lombardia,5479
013155,Montemezzo,CO,Lombardia,203
013157,Montorfano,CO,Lombardia,2494
013159,Mozzate,CO,Lombardia,8684
013160,Musso,CO,Lombardia,935
013161,Nesso,CO,Lombardia,1074
013163,Novedrate,CO,Lombardia,2871
013165,Olgiate Comasco,CO,Lombardia,12184
013169,Oltrona di San Mamette,CO,Lombardia,2356
013170,Orsenigo,CO,Lombardia,2638
013178,Peglio,CO,Lombardia,193
013183,Pianello del Lario,CO,Lombardia,1074
013184,Pigra,CO,Lombardia,229
013185,Plesio,CO,Lombardia,807
013186,Pognana Lario,CO,Lombardia,657
013187,Ponna,CO,Lombardia,223
013188,Ponte Lambro,CO,Lombardia,4266
013189,Porlezza,CO,Lombardia,4901
013192,Proserpio,CO,Lombardia,951
013193,Pusiano,CO,Lombardia,1301
013195,Rezzago,CO,Lombardia,311
013197,Rodero,CO,Lombardia,1282
013201,Rovellasca,CO,Lombardia,8028
013202,Rovello Porro,CO,Lombardia,6387
013203,Sala Comacina,CO,Lombardia,456
013204,San Bartolomeo Val Cavargna,CO,Lombardia,926
013206,San Fermo della Battaglia,CO,Lombardia,7770
013207,San Nazzaro Val Cavargna,CO,Lombardia,256
013211,Schignano,CO,Lombardia,868
013212,Senna Comasco,CO,Lombardia,3174
013216,Sorico,CO,Lombardia,1243
013217,Sormano,CO,Lombardia,692
013218,Stazzona,CO,Lombardia,593
013222,Tavernerio,CO,Lombardia,5586
013223,Torno,CO,Lombardia,1030
013226,Trezzone,CO,Lombardia,231
013227,Turate,CO,Lombardia,9911
013229,Valbrona,CO,Lombardia,2622
013232,Valmorea,CO,Lombardia,2595
013233,Val Rezzo,CO,Lombardia,172
013234,Valsolda,CO,Lombardia,1434
013236,Veleso,CO,Lombardia,195
013238,Veniano,CO,Lombardia,3157
013239,Vercana,CO,Lombardia,732
013242,Vertemate con Minoprio,CO,Lombardia,4189
013245,Villa Guardia,CO,Lombardia,7867
013246,Zelbio,CO,Lombardia,182
013248,San Siro,CO,Lombardia,1672
013249,Gravedona ed Uniti,CO,Lombardia,4032
013250,Bellagio,CO,Lombardia,3509
013251,Colverde,CO,Lombardia,5553
013252,Tremezzina,CO,Lombardia,4942
013253,Alta Valle Intelvi,CO,Lombardia,3186
013254,Centro Valle Intelvi,CO,Lombardia,3778
013255,Solbiate con Cagno,CO,Lombardia,4638
013256,Uggiate con Ronago,CO,Lombardia,6825
014001,Albaredo per San Marco,SO,Lombardia,278
014002,Albosaggia,SO,Lombardia,3006
014003,Andalo Valtellino,SO,Lombardia,601
014004,Aprica,SO,Lombardia,1433
014005,Ardenno,SO,Lombardia,3228
014006,Bema,SO,Lombardia,117
014007,Berbenno di Valtellina,SO,Lombardia,4066
014008,Bianzone,SO,Lombardia,1263
014009,Bormio,SO,Lombardia,3908
014010,Buglio in Monte,SO,Lombardia,2057
014011,Caiolo,SO,Lombardia,1034
014012,Campodolcino,SO,Lombardia,914
014013,Caspoggio,SO,Lombardia,1316
014014,Castello dell'Acqua,SO,Lombardia,607
014015,Castione Andevenno,SO,Lombardia,1572
014016,Cedrasco,SO,Lombardia,423
014017,Cercino,SO,Lombardia,806
014018,Chiavenna,SO,Lombardia,7294
014019,Chiesa in Valmalenco,SO,Lombardia,2219
014020,Chiuro,SO,Lombardia,2434
014021,Cino,SO,Lombardia,338
014022,Civo,SO,Lombardia,1139
014023,Colorina,SO,Lombardia,1357
014024,Cosio Valtellino,SO,Lombardia,5586
014025,Dazio,SO,Lombardia,521
014026,Delebio,SO,Lombardia,3353
014027,Dubino,SO,Lombardia,3847
014028,Faedo Valtellino,SO,Lombardia,508
014029,Forcola,SO,Lombardia,753
014030,Fusine,SO,Lombardia,545
014031,Gerola Alta,SO,Lombardia,158
014032,Gordona,SO,Lombardia,1956
014033,Grosio,SO,Lombardia,4230
014034,Grosotto,SO,Lombardia,1641
014035,Madesimo,SO,Lombardia,505
014036,Lanzada,SO,Lombardia,1227
014037,Livigno,SO,Lombardia,6663
014038,Lovero,SO,Lombardia,608
014039,Mantello,SO,Lombardia,747
014040,Mazzo di Valtellina,SO,Lombardia,1009
014041,Mello,SO,Lombardia,950
014043,Mese,SO,Lombardia,1889
014044,Montagna in Valtellina,SO,Lombardia,2945
014045,Morbegno,SO,Lombardia,12421
014046,Novate Mezzola,SO,Lombardia,1923
014047,Pedesina,SO,Lombardia,40
014048,Piantedo,SO,Lombardia,1425
014049,Piateda,SO,Lombardia,2059
014050,Piuro,SO,Lombardia,1917
014051,Poggiridenti,SO,Lombardia,1825
014052,Ponte in Valtellina,SO,Lombardia,2217
014053,Postalesio,SO,Lombardia,647
014054,Prata Camportaccio,SO,Lombardia,2942
014055,Rasura,SO,Lombardia,277
014056,Rogolo,SO,Lombardia,575
014057,Samolaco,SO,Lombardia,2871
014058,San Giacomo Filippo,SO,Lombardia,371
014059,Sernio,SO,Lombardia,500
014060,Sondalo,SO,Lombardia,3859
014061,Sondrio,SO,Lombardia,21495
014062,Spriana,SO,Lombardia,85
014063,Talamona,SO,Lombardia,4582
014064,Tartano,SO,Lombardia,198
014065,Teglio,SO,Lombardia,4683
014066,Tirano,SO,Lombardia,8849
014067,Torre di Santa Maria,SO,Lombardia,712
014068,Tovo di Sant'Agata,SO,Lombardia,611
014069,Traona,SO,Lombardia,2903
014070,Tresivio,SO,Lombardia,2038
014071,Valdidentro,SO,Lombardia,4107
014072,Valdisotto,SO,Lombardia,3529
014073,Valfurva,SO,Lombardia,2431
014074,Val Masino,SO,Lombardia,825
014075,Verceia,SO,Lombardia,1091
014076,Vervio,SO,Lombardia,204
014077,Villa di Chiavenna,SO,Lombardia,992
014078,Villa di Tirano,SO,Lombardia,3013
015002,Abbiategrasso,MI,Lombardia,32793
015005,Albairate,MI,Lombardia,4719
015007,Arconate,MI,Lombardia,6871
015009,Arese,MI,Lombardia,19545
015010,Arluno,MI,Lombardia,12615
015011,Assago,MI,Lombardia,9348
015012,Bareggio,MI,Lombardia,17271
015014,Basiano,MI,Lombardia,3645
015015,Basiglio,MI,Lombardia,8027
015016,Bellinzago Lombardo,MI,Lombardia,3728
015019,Bernate Ticino,MI,Lombardia,2919
015022,Besate,MI,Lombardia,2050
015024,Binasco,MI,Lombardia,7068
015026,Boffalora sopra Ticino,MI,Lombardia,4104
015027,Bollate,MI,Lombardia,36754
015032,Bresso,MI,Lombardia,26672
015035,Bubbiano,MI,Lombardia,2446
015036,Buccinasco,MI,Lombardia,26345
015038,Buscate,MI,Lombardia,4696
015040,Bussero,MI,Lombardia,8386
015041,Busto Garolfo,MI,Lombardia,14131
015042,Calvignasco,MI,Lombardia,1201
015044,Cambiago,MI,Lombardia,7331
015046,Canegrate,MI,Lombardia,12889
015050,Carpiano,MI,Lombardia,4119
015051,Carugate,MI,Lombardia,15763
015055,Casarile,MI,Lombardia,3929
015058,Casorezzo,MI,Lombardia,5721
015059,Cassano d'Adda,MI,Lombardia,19980
015060,Cassina de' Pecchi,MI,Lombardia,13955
015061,Cassinetta di Lugagnano,MI,Lombardia,1967
015062,Castano Primo,MI,Lombardia,10931
015070,Cernusco sul Naviglio,MI,Lombardia,34840
015071,Cerro al Lambro,MI,Lombardia,5211
015072,Cerro Maggiore,MI,Lombardia,15192
015074,Cesano Boscone,MI,Lombardia,23285
015076,Cesate,MI,Lombardia,14364
015077,Cinisello Balsamo,MI,Lombardia,75154
015078,Cisliano,MI,Lombardia,5200
015081,Cologno Monzese,MI,Lombardia,47179
015082,Colturano,MI,Lombardia,2056
015085,Corbetta,MI,Lombardia,19156
015086,Cormano,MI,Lombardia,21036
015087,Cornaredo,MI,Lombardia,20746
015093,Corsico,MI,Lombardia,34811
015096,Cuggiono,MI,Lombardia,8198
015097,Cusago,MI,Lombardia,4869
015098,Cusano Milanino,MI,Lombardia,18994
015099,Dairago,MI,Lombardia,6346
015101,Dresano,MI,Lombardia,3054
015103,Gaggiano,MI,Lombardia,9543
015105,Garbagnate Milanese,MI,Lombardia,27064
015106,Gessate,MI,Lombardia,9137
015108,Gorgonzola,MI,Lombardia,21448
015110,Grezzago,MI,Lombardia,3176
015112,Gudo Visconti,MI,Lombardia,1608
015113,Inveruno,MI,Lombardia,8568
015114,Inzago,MI,Lombardia,11465
015115,Lacchiarella,MI,Lombardia,9131
015116,Lainate,MI,Lombardia,26457
015118,Legnano,MI,Lombardia,60980
015122,Liscate,MI,Lombardia,3931
015125,Locate di Triulzi,MI,Lombardia,10360
015130,Magenta,MI,Lombardia,25066
015131,Magnago,MI,Lombardia,9547
015134,Marcallo con Casone,MI,Lombardia,6403
015136,Masate,MI,Lombardia,3917
015139,Mediglia,MI,Lombardia,12373
015140,Melegnano,MI,Lombardia,18169
015142,Melzo,MI,Lombardia,18540
015144,Mesero,MI,Lombardia,4134
015146,Milano,MI,Lombardia,1362863
015150,Morimondo,MI,Lombardia,1005
015151,Motta Visconti,MI,Lombardia,8253
015154,Nerviano,MI,Lombardia,17071
015155,Nosate,MI,Lombardia,638
015157,Novate Milanese,MI,Lombardia,20415
015158,Noviglio,MI,Lombardia,4534
015159,Opera,MI,Lombardia,14463
015164,Ossona,MI,Lombardia,4440
015165,Ozzero,MI,Lombardia,1349
015166,Paderno Dugnano,MI,Lombardia,47938
015167,Pantigliate,MI,Lombardia,5886
015168,Parabiago,MI,Lombardia,28398
015169,Paullo,MI,Lombardia,11136
015170,Pero,MI,Lombardia,11866
015171,Peschiera Borromeo,MI,Lombardia,24363
015172,Pessano con Bornago,MI,Lombardia,9034
015173,Pieve Emanuele,MI,Lombardia,15846
015175,Pioltello,MI,Lombardia,37709
015176,Pogliano Milanese,MI,Lombardia,8483
015177,Pozzo d'Adda,MI,Lombardia,6871
015178,Pozzuolo Martesana,MI,Lombardia,8828
015179,Pregnana Milanese,MI,Lombardia,7331
015181,Rescaldina,MI,Lombardia,14406
015182,Rho,MI,Lombardia,51000
015183,Robecchetto con Induno,MI,Lombardia,4797
015184,Robecco sul Naviglio,MI,Lombardia,6794
015185,Rodano,MI,Lombardia,4709
015188,Rosate,MI,Lombardia,5641
015189,Rozzano,MI,Lombardia,41724
015191,San Colombano al Lambro,MI,Lombardia,7591
015192,San Donato Milanese,MI,Lombardia,32210
015194,San Giorgio su Legnano,MI,Lombardia,6868
015195,San Giuliano Milanese,MI,Lombardia,40227
015200,Santo Stefano Ticino,MI,Lombardia,4983
015201,San Vittore Olona,MI,Lombardia,8450
015202,San Zenone al Lambro,MI,Lombardia,4508
015204,Sedriano,MI,Lombardia,13088
015205,Segrate,MI,Lombardia,37194
015206,Senago,MI,Lombardia,21754
015209,Sesto San Giovanni,MI,Lombardia,78850
015210,Settala,MI,Lombardia,7447
015211,Settimo Milanese,MI,Lombardia,20002
015213,Solaro,MI,Lombardia,14260
015219,Trezzano Rosa,MI,Lombardia,5444
015220,Trezzano sul Naviglio,MI,Lombardia,21875
015221,Trezzo sull'Adda,MI,Lombardia,12442
015222,Tribiano,MI,Lombardia,3931
015224,Truccazzano,MI,Lombardia,5810
015226,Turbigo,MI,Lombardia,7276
015229,Vanzago,MI,Lombardia,9372
015230,Vaprio d'Adda,MI,Lombardia,9723
015236,Vernate,MI,Lombardia,3436
015237,Vignate,MI,Lombardia,9369
015242,Vimodrone,MI,Lombardia,16933
015243,Vittuone,MI,Lombardia,9312
015244,Vizzolo Predabissi,MI,Lombardia,3852
015247,Zibido San Giacomo,MI,Lombardia,6643
015248,Villa Cortese,MI,Lombardia,6333
015249,Vanzaghello,MI,Lombardia,5394
015250,Baranzate,MI,Lombardia,12129
015251,Vermezzo con Zelo,MI,Lombardia,5987
016001,Adrara San Martino,BG,Lombardia,2213
016002,Adrara San Rocco,BG,Lombardia,816
016003,Albano Sant'Alessandro,BG,Lombardia,8342
016004,Albino,BG,Lombardia,17588
016005,Almè,BG,Lombardia,5483
016006,Almenno San Bartolomeo,BG,Lombardia,6630
016007,Almenno San Salvatore,BG,Lombardia,5502
016008,Alzano Lombardo,BG,Lombardia,13379
016009,Ambivere,BG,Lombardia,2334
016010,Antegnate,BG,Lombardia,3456
016011,Arcene,BG,Lombardia,5112
016012,Ardesio,BG,Lombardia,3239
016013,Arzago d'Adda,BG,Lombardia,2767
016014,Averara,BG,Lombardia,179
016015,Aviatico,BG,Lombardia,593
016016,Azzano San Paolo,BG,Lombardia,7725
016017,Azzone,BG,Lombardia,351
016018,Bagnatica,BG,Lombardia,4448
016019,Barbata,BG,Lombardia,695
016020,Bariano,BG,Lombardia,4332
016021,Barzana,BG,Lombardia,2039
016022,Bedulita,BG,Lombardia,712
016023,Berbenno,BG,Lombardia,2526
016024,Bergamo,BG,Lombardia,120629
016025,Berzo San Fermo,BG,Lombardia,1456
016026,Bianzano,BG,Lombardia,642
016027,Blello,BG,Lombardia,71
016028,Bolgare,BG,Lombardia,6731
016029,Boltiere,BG,Lombardia,6185
016030,Bonate Sopra,BG,Lombardia,10652
016031,Bonate Sotto,BG,Lombardia,6645
016032,Borgo di Terzo,BG,Lombardia,1225
016033,Bossico,BG,Lombardia,965
016034,Bottanuco,BG,Lombardia,5085
016035,Bracca,BG,Lombardia,705
016036,Branzi,BG,Lombardia,612
016037,Brembate,BG,Lombardia,8745
016038,Brembate di Sopra,BG,Lombardia,8068
016040,Brignano Gera d'Adda,BG,Lombardia,6267
016041,Brumano,BG,Lombardia,135
016042,Brusaporto,BG,Lombardia,5704
016043,Calcinate,BG,Lombardia,6254
016044,Calcio,BG,Lombardia,5551
016046,Calusco d'Adda,BG,Lombardia,8432
016047,Calvenzano,BG,Lombardia,4535
016048,Camerata Cornello,BG,Lombardia,545
016049,Canonica d'Adda,BG,Lombardia,4293
016050,Capizzone,BG,Lombardia,1235
016051,Capriate San Gervasio,BG,Lombardia,8316
016052,Caprino Bergamasco,BG,Lombardia,3087
016053,Caravaggio,BG,Lombardia,16513
016055,Carobbio degli Angeli,BG,Lombardia,4912
016056,Carona,BG,Lombardia,282
016057,Carvico,BG,Lombardia,4700
016058,Casazza,BG,Lombardia,3843
016059,Casirate d'Adda,BG,Lombardia,4139
016060,Casnigo,BG,Lombardia,3005
016061,Cassiglio,BG,Lombardia,105
016062,Castelli Calepio,BG,Lombardia,10484
016063,Castel Rozzone,BG,Lombardia,2855
016064,Castione della Presolana,BG,Lombardia,3381
016065,Castro,BG,Lombardia,1191
016066,Cavernago,BG,Lombardia,2974
016067,Cazzano Sant'Andrea,BG,Lombardia,1694
016068,Cenate Sopra,BG,Lombardia,2551
016069,Cenate Sotto,BG,Lombardia,4001
016070,Cene,BG,Lombardia,4044
016071,Cerete,BG,Lombardia,1643
016072,Chignolo d'Isola,BG,Lombardia,3383
016073,Chiuduno,BG,Lombardia,6260
016074,Cisano Bergamasco,BG,Lombardia,6232
016075,Ciserano,BG,Lombardia,5843
016076,Cividate al Piano,BG,Lombardia,5099
016077,Clusone,BG,Lombardia,8596
016078,Colere,BG,Lombardia,1077
016079,Cologno al Serio,BG,Lombardia,11287
016080,Colzate,BG,Lombardia,1641
016081,Comun Nuovo,BG,Lombardia,4471
016082,Corna Imagna,BG,Lombardia,918
016083,Cortenuova,BG,Lombardia,1981
016084,Costa di Mezzate,BG,Lombardia,3428
016085,Costa Valle Imagna,BG,Lombardia,547
016086,Costa Volpino,BG,Lombardia,8792
016087,Covo,BG,Lombardia,4368
016088,Credaro,BG,Lombardia,3561
016089,Curno,BG,Lombardia,7574
016090,Cusio,BG,Lombardia,197
016091,Dalmine,BG,Lombardia,23818
016092,Dossena,BG,Lombardia,878
016093,Endine Gaiano,BG,Lombardia,3462
016094,Entratico,BG,Lombardia,2025
016096,Fara Gera d'Adda,BG,Lombardia,8080
016097,Fara Olivana con Sola,BG,Lombardia,1345
016098,Filago,BG,Lombardia,3130
016099,Fino del Monte,BG,Lombardia,1135
016100,Fiorano al Serio,BG,Lombardia,2938
016101,Fontanella,BG,Lombardia,4914
016102,Fonteno,BG,Lombardia,550
016103,Foppolo,BG,Lombardia,152
016104,Foresto Sparso,BG,Lombardia,3133
016105,Fornovo San Giovanni,BG,Lombardia,3424
016106,Fuipiano Valle Imagna,BG,Lombardia,203
016107,Gandellino,BG,Lombardia,936
016108,Gandino,BG,Lombardia,5182
016109,Gandosso,BG,Lombardia,1446
016110,Gaverina Terme,BG,Lombardia,899
016111,Gazzaniga,BG,Lombardia,4976
016113,Ghisalba,BG,Lombardia,6256
016114,Gorlago,BG,Lombardia,5182
016115,Gorle,BG,Lombardia,6572
016116,Gorno,BG,Lombardia,1429
016117,Grassobbio,BG,Lombardia,6547
016118,Gromo,BG,Lombardia,1142
016119,Grone,BG,Lombardia,938
016120,Grumello del Monte,BG,Lombardia,7675
016121,Isola di Fondra,BG,Lombardia,172
016122,Isso,BG,Lombardia,635
016123,Lallio,BG,Lombardia,4254
016124,Leffe,BG,Lombardia,4313
016125,Lenna,BG,Lombardia,549
016126,Levate,BG,Lombardia,3740
016127,Locatello,BG,Lombardia,812
016128,Lovere,BG,Lombardia,4943
016129,Lurano,BG,Lombardia,2893
016130,Luzzana,BG,Lombardia,912
016131,Madone,BG,Lombardia,4211
016132,Mapello,BG,Lombardia,7039
016133,Martinengo,BG,Lombardia,11172
016134,Mezzoldo,BG,Lombardia,170
016135,Misano di Gera d'Adda,BG,Lombardia,3058
016136,Moio de' Calvi,BG,Lombardia,199
016137,Monasterolo del Castello,BG,Lombardia,1153
016139,Montello,BG,Lombardia,3267
016140,Morengo,BG,Lombardia,2486
016141,Mornico al Serio,BG,Lombardia,3052
016142,Mozzanica,BG,Lombardia,4434
016143,Mozzo,BG,Lombardia,7233
016144,Nembro,BG,Lombardia,11284
016145,Olmo al Brembo,BG,Lombardia,453
016146,Oltre il Colle,BG,Lombardia,920
016147,Oltressenda Alta,BG,Lombardia,135
016148,Oneta,BG,Lombardia,583
016149,Onore,BG,Lombardia,977
016150,Orio al Serio,BG,Lombardia,1588
016151,Ornica,BG,Lombardia,126
016152,Osio Sopra,BG,Lombardia,5195
016153,Osio Sotto,BG,Lombardia,12892
016154,Pagazzano,BG,Lombardia,2238
016155,Paladina,BG,Lombardia,3946
016156,Palazzago,BG,Lombardia,4597
016157,Palosco,BG,Lombardia,5730
016158,Parre,BG,Lombardia,2650
016159,Parzanica,BG,Lombardia,333
016160,Pedrengo,BG,Lombardia,5911
016161,Peia,BG,Lombardia,1663
016162,Pianico,BG,Lombardia,1456
016163,Piario,BG,Lombardia,1000
016164,Piazza Brembana,BG,Lombardia,1195
016165,Piazzatorre,BG,Lombardia,396
016166,Piazzolo,BG,Lombardia,92
016167,Pognano,BG,Lombardia,1606
016168,Ponte Nossa,BG,Lombardia,1798
016169,Ponteranica,BG,Lombardia,6731
016170,Ponte San Pietro,BG,Lombardia,12007
016171,Pontida,BG,Lombardia,3299
016172,Pontirolo Nuovo,BG,Lombardia,5046
016173,Pradalunga,BG,Lombardia,4494
016174,Predore,BG,Lombardia,1847
016175,Premolo,BG,Lombardia,1064
016176,Presezzo,BG,Lombardia,4790
016177,Pumenengo,BG,Lombardia,1731
016178,Ranica,BG,Lombardia,5828
016179,Ranzanico,BG,Lombardia,1217
016180,Riva di Solto,BG,Lombardia,843
016182,Rogno,BG,Lombardia,3854
016183,Romano di Lombardia,BG,Lombardia,21049
016184,Roncobello,BG,Lombardia,421
016185,Roncola,BG,Lombardia,901
016186,Rota d'Imagna,BG,Lombardia,940
016187,Rovetta,BG,Lombardia,4150
016188,San Giovanni Bianco,BG,Lombardia,4569
016189,San Paolo d'Argon,BG,Lombardia,5938
016190,San Pellegrino Terme,BG,Lombardia,4597
016191,Santa Brigida,BG,Lombardia,517
016193,Sarnico,BG,Lombardia,6858
016194,Scanzorosciate,BG,Lombardia,10168
016195,Schilpario,BG,Lombardia,1136
016196,Sedrina,BG,Lombardia,2361
016197,Selvino,BG,Lombardia,1961
016198,Seriate,BG,Lombardia,25857
016199,Serina,BG,Lombardia,2107
016200,Solto Collina,BG,Lombardia,1836
016201,Songavazzo,BG,Lombardia,732
016202,Sorisole,BG,Lombardia,8757
016203,Sotto il Monte Giovanni XXIII,BG,Lombardia,4431
016204,Sovere,BG,Lombardia,5310
016205,Spinone al Lago,BG,Lombardia,1006
016206,Spirano,BG,Lombardia,5737
016207,Stezzano,BG,Lombardia,13904
016208,Strozza,BG,Lombardia,1093
016209,Suisio,BG,Lombardia,3785
016210,Taleggio,BG,Lombardia,537
016211,Tavernola Bergamasca,BG,Lombardia,1918
016212,Telgate,BG,Lombardia,5025
016213,Terno d'Isola,BG,Lombardia,7976
016214,Torre Boldone,BG,Lombardia,8721
016215,Torre de' Busi,BG,Lombardia,2321
016216,Torre de' Roveri,BG,Lombardia,2614
016217,Torre Pallavicina,BG,Lombardia,1154
016218,Trescore Balneario,BG,Lombardia,9922
016219,Treviglio,BG,Lombardia,31604
016220,Treviolo,BG,Lombardia,10923
016221,Ubiale Clanezzo,BG,Lombardia,1316
016222,Urgnano,BG,Lombardia,10140
016223,Valbondione,BG,Lombardia,941
016224,Valbrembo,BG,Lombardia,4299
016225,Valgoglio,BG,Lombardia,554
016226,Valleve,BG,Lombardia,129
016227,Valnegra,BG,Lombardia,198
016229,Valtorta,BG,Lombardia,228
016230,Vedeseta,BG,Lombardia,196
016232,Verdellino,BG,Lombardia,7843
016233,Verdello,BG,Lombardia,8212
016234,Vertova,BG,Lombardia,4457
016235,Viadanica,BG,Lombardia,1121
016236,Vigano San Martino,BG,Lombardia,1400
016237,Vigolo,BG,Lombardia,571
016238,Villa d'Adda,BG,Lombardia,4580
016239,Villa d'Almè,BG,Lombardia,6428
016240,Villa di Serio,BG,Lombardia,6490
016241,Villa d'Ogna,BG,Lombardia,1784
016242,Villongo,BG,Lombardia,8169
016243,Vilminore di Scalve,BG,Lombardia,1423
016244,Zandobbio,BG,Lombardia,2737
016245,Zanica,BG,Lombardia,8839
016246,Zogno,BG,Lombardia,8590
016247,Costa Serina,BG,Lombardia,910
016248,Algua,BG,Lombardia,698
016249,Cornalba,BG,Lombardia,305
016250,Medolago,BG,Lombardia,2381
016251,Solza,BG,Lombardia,2009
016252,Sant'Omobono Terme,BG,Lombardia,3953
016253,Val Brembilla,BG,Lombardia,4114
017001,Acquafredda,BS,Lombardia,1549
017002,Adro,BS,Lombardia,7196
017003,Agnosine,BS,Lombardia,1646
017004,Alfianello,BS,Lombardia,2307
017005,Anfo,BS,Lombardia,439
017006,Angolo Terme,BS,Lombardia,2324
017007,Artogne,BS,Lombardia,3714
017008,Azzano Mella,BS,Lombardia,3519
017009,Bagnolo Mella,BS,Lombardia,12536
017010,Bagolino,BS,Lombardia,3738
017011,Barbariga,BS,Lombardia,2307
017012,Barghe,BS,Lombardia,1138
017013,Bassano Bresciano,BS,Lombardia,2363
017014,Bedizzole,BS,Lombardia,12266
017015,Berlingo,BS,Lombardia,2751
017016,Berzo Demo,BS,Lombardia,1444
017017,Berzo Inferiore,BS,Lombardia,2522
017018,Bienno,BS,Lombardia,3756
017019,Bione,BS,Lombardia,1319
017020,Borgo San Giacomo,BS,Lombardia,5590
017021,Borgosatollo,BS,Lombardia,9099
017022,Borno,BS,Lombardia,2403
017023,Botticino,BS,Lombardia,10849
017024,Bovegno,BS,Lombardia,2012
017025,Bovezzo,BS,Lombardia,7386
017026,Brandico,BS,Lombardia,1767
017027,Braone,BS,Lombardia,681
017028,Breno,BS,Lombardia,4674
017029,Brescia,BS,Lombardia,201342
017030,Brione,BS,Lombardia,759
017031,Caino,BS,Lombardia,2180
017032,Calcinato,BS,Lombardia,13147
017033,Calvagese della Riviera,BS,Lombardia,3679
017034,Calvisano,BS,Lombardia,8461
017035,Capo di Ponte,BS,Lombardia,2293
017036,Capovalle,BS,Lombardia,332
017037,Capriano del Colle,BS,Lombardia,4917
017038,Capriolo,BS,Lombardia,9405
017039,Carpenedolo,BS,Lombardia,13050
017040,Castegnato,BS,Lombardia,8457
017041,Castelcovati,BS,Lombardia,7087
017042,Castel Mella,BS,Lombardia,10961
017043,Castenedolo,BS,Lombardia,11643
017044,Casto,BS,Lombardia,1613
017045,Castrezzato,BS,Lombardia,7984
017046,Cazzago San Martino,BS,Lombardia,10784
017047,Cedegolo,BS,Lombardia,1129
017048,Cellatica,BS,Lombardia,4815
017049,Cerveno,BS,Lombardia,707
017050,Ceto,BS,Lombardia,1775
017051,Cevo,BS,Lombardia,771
017052,Chiari,BS,Lombardia,19717
017053,Cigole,BS,Lombardia,1503
017054,Cimbergo,BS,Lombardia,526
017055,Cividate Camuno,BS,Lombardia,2687
017056,Coccaglio,BS,Lombardia,8937
017057,Collebeato,BS,Lombardia,4469
017058,Collio,BS,Lombardia,1955
017059,Cologne,BS,Lombardia,7608
017060,Comezzano-Cizzago,BS,Lombardia,4202
017061,Concesio,BS,Lombardia,15735
017062,Corte Franca,BS,Lombardia,7150
017063,Corteno Golgi,BS,Lombardia,1909
017064,Corzano,BS,Lombardia,1540
017065,Darfo Boario Terme,BS,Lombardia,15974
017066,Dello,BS,Lombardia,5686
017067,Desenzano del Garda,BS,Lombardia,29353
017068,Edolo,BS,Lombardia,4447
017069,Erbusco,BS,Lombardia,8852
017070,Esine,BS,Lombardia,5055
017071,Fiesse,BS,Lombardia,2095
017072,Flero,BS,Lombardia,8812
017073,Gambara,BS,Lombardia,4760
017074,Gardone Riviera,BS,Lombardia,2568
017075,Gardone Val Trompia,BS,Lombardia,11599
017076,Gargnano,BS,Lombardia,2615
017077,Gavardo,BS,Lombardia,12438
017078,Ghedi,BS,Lombardia,18546
017079,Gianico,BS,Lombardia,2078
017080,Gottolengo,BS,Lombardia,5051
017081,Gussago,BS,Lombardia,16663
017082,Idro,BS,Lombardia,1873
017083,Incudine,BS,Lombardia,345
017084,Irma,BS,Lombardia,135
017085,Iseo,BS,Lombardia,8969
017086,Isorella,BS,Lombardia,4123
017087,Lavenone,BS,Lombardia,508
017088,Leno,BS,Lombardia,14474
017089,Limone sul Garda,BS,Lombardia,1096
017090,Lodrino,BS,Lombardia,1627
017091,Lograto,BS,Lombardia,3845
017092,Lonato del Garda,BS,Lombardia,17168
017093,Longhena,BS,Lombardia,565
017094,Losine,BS,Lombardia,647
017095,Lozio,BS,Lombardia,365
017096,Lumezzane,BS,Lombardia,21742
017097,Maclodio,BS,Lombardia,1478
017098,Magasa,BS,Lombardia,104
017099,Mairano,BS,Lombardia,3498
017100,Malegno,BS,Lombardia,1925
017101,Malonno,BS,Lombardia,2997
017102,Manerba del Garda,BS,Lombardia,5415
017103,Manerbio,BS,Lombardia,13630
017104,Marcheno,BS,Lombardia,4152
017105,Marmentino,BS,Lombardia,648
017106,Marone,BS,Lombardia,3096
017107,Mazzano,BS,Lombardia,12715
017108,Milzano,BS,Lombardia,1704
017109,Moniga del Garda,BS,Lombardia,2682
017110,Monno,BS,Lombardia,515
017111,Monte Isola,BS,Lombardia,1576
017112,Monticelli Brusati,BS,Lombardia,4556
017113,Montichiari,BS,Lombardia,26506
017114,Montirone,BS,Lombardia,5161
017115,Mura,BS,Lombardia,765
017116,Muscoline,BS,Lombardia,2730
017117,Nave,BS,Lombardia,10627
017118,Niardo,BS,Lombardia,1949
017119,Nuvolento,BS,Lombardia,3962
017120,Nuvolera,BS,Lombardia,4777
017121,Odolo,BS,Lombardia,1948
017122,Offlaga,BS,Lombardia,4167
017123,Ome,BS,Lombardia,3103
017124,Ono San Pietro,BS,Lombardia,973
017125,Orzinuovi,BS,Lombardia,12496
017126,Orzivecchi,BS,Lombardia,2517
017127,Ospitaletto,BS,Lombardia,14969
017128,Ossimo,BS,Lombardia,1439
017129,Padenghe sul Garda,BS,Lombardia,4912
017130,Paderno Franciacorta,BS,Lombardia,3667
017131,Paisco Loveno,BS,Lombardia,164
017132,Paitone,BS,Lombardia,2248
017133,Palazzolo sull'Oglio,BS,Lombardia,20603
017134,Paratico,BS,Lombardia,5023
017135,Paspardo,BS,Lombardia,576
017136,Passirano,BS,Lombardia,6842
017137,Pavone del Mella,BS,Lombardia,2717
017138,San Paolo,BS,Lombardia,4490
017139,Pertica Alta,BS,Lombardia,549
017140,Pertica Bassa,BS,Lombardia,543
017141,Pezzaze,BS,Lombardia,1419
017142,Pian Camuno,BS,Lombardia,4826
017143,Pisogne,BS,Lombardia,7901
017144,Polaveno,BS,Lombardia,2531
017145,Polpenazze del Garda,BS,Lombardia,2735
017146,Pompiano,BS,Lombardia,3755
017147,Poncarale,BS,Lombardia,5192
017148,Ponte di Legno,BS,Lombardia,1756
017149,Pontevico,BS,Lombardia,7131
017150,Pontoglio,BS,Lombardia,7004
017151,Pozzolengo,BS,Lombardia,3577
017152,Pralboino,BS,Lombardia,2850
017153,Preseglie,BS,Lombardia,1470
017155,Prevalle,BS,Lombardia,6902
017156,Provaglio d'Iseo,BS,Lombardia,7068
017157,Provaglio Val Sabbia,BS,Lombardia,844
017158,Puegnago del Garda,BS,Lombardia,3478
017159,Quinzano d'Oglio,BS,Lombardia,6392
017160,Remedello,BS,Lombardia,3446
017161,Rezzato,BS,Lombardia,13592
017162,Roccafranca,BS,Lombardia,4989
017163,Rodengo Saiano,BS,Lombardia,9868
017164,Roè Volciano,BS,Lombardia,4323
017165,Roncadelle,BS,Lombardia,9315
017166,Rovato,BS,Lombardia,19746
017167,Rudiano,BS,Lombardia,5910
017168,Sabbio Chiese,BS,Lombardia,4093
017169,Sale Marasino,BS,Lombardia,3238
017170,Salò,BS,Lombardia,10292
017171,San Felice del Benaco,BS,Lombardia,3468
017172,San Gervasio Bresciano,BS,Lombardia,2679
017173,San Zeno Naviglio,BS,Lombardia,4733
017174,Sarezzo,BS,Lombardia,13309
017175,Saviore dell'Adamello,BS,Lombardia,787
017176,Sellero,BS,Lombardia,1380
017177,Seniga,BS,Lombardia,1447
017178,Serle,BS,Lombardia,3126
017179,Sirmione,BS,Lombardia,8454
017180,Soiano del Lago,BS,Lombardia,1953
017181,Sonico,BS,Lombardia,1186
017182,Sulzano,BS,Lombardia,1941
017183,Tavernole sul Mella,BS,Lombardia,1200
017184,Temù,BS,Lombardia,1154
017185,Tignale,BS,Lombardia,1158
017186,Torbole Casaglia,BS,Lombardia,6488
017187,Toscolano-Maderno,BS,Lombardia,7655
017188,Travagliato,BS,Lombardia,14007
017189,Tremosine sul Garda,BS,Lombardia,2141
017190,Trenzano,BS,Lombardia,5556
017191,Treviso Bresciano,BS,Lombardia,522
017192,Urago d'Oglio,BS,Lombardia,3829
017193,Vallio Terme,BS,Lombardia,1438
017194,Valvestino,BS,Lombardia,169
017195,Verolanuova,BS,Lombardia,8168
017196,Verolavecchia,BS,Lombardia,3893
017197,Vestone,BS,Lombardia,4143
017198,Vezza d'Oglio,BS,Lombardia,1461
017199,Villa Carcina,BS,Lombardia,10721
017200,Villachiara,BS,Lombardia,1355
017201,Villanuova sul Clisi,BS,Lombardia,5929
017202,Vione,BS,Lombardia,621
017203,Visano,BS,Lombardia,2020
017204,Vobarno,BS,Lombardia,8485
017205,Zone,BS,Lombardia,1041
017206,Piancogno,BS,Lombardia,4787
018001,Alagna,PV,Lombardia,810
018003,Albonese,PV,Lombardia,561
018004,Albuzzano,PV,Lombardia,3667
018005,Arena Po,PV,Lombardia,1530
018006,Badia Pavese,PV,Lombardia,408
018007,Bagnaria,PV,Lombardia,622
018008,Barbianello,PV,Lombardia,888
018009,Bascapè,PV,Lombardia,1825
018011,Bastida Pancarana,PV,Lombardia,921
018012,Battuda,PV,Lombardia,635
018013,Belgioioso,PV,Lombardia,6439
018014,Bereguardo,PV,Lombardia,2856
018015,Borgarello,PV,Lombardia,2829
018016,Borgo Priolo,PV,Lombardia,1213
018017,Borgoratto Mormorolo,PV,Lombardia,387
018018,Borgo San Siro,PV,Lombardia,961
018019,Bornasco,PV,Lombardia,2656
018020,Bosnasco,PV,Lombardia,624
018021,Brallo di Pregola,PV,Lombardia,473
018022,Breme,PV,Lombardia,725
018023,Bressana Bottarone,PV,Lombardia,3482
018024,Broni,PV,Lombardia,10164
018025,Calvignano,PV,Lombardia,112
018026,Campospinoso Albaredo,PV,Lombardia,1333
018027,Candia Lomellina,PV,Lombardia,1562
018029,Canneto Pavese,PV,Lombardia,1285
018030,Carbonara al Ticino,PV,Lombardia,1418
018031,Casanova Lonati,PV,Lombardia,452
018032,Casatisma,PV,Lombardia,855
018033,Casei Gerola,PV,Lombardia,2307
018034,Casorate Primo,PV,Lombardia,9190
018035,Cassolnovo,PV,Lombardia,6747
018036,Castana,PV,Lombardia,707
018037,Casteggio,PV,Lombardia,6363
018038,Castelletto di Branduzzo,PV,Lombardia,1056
018039,Castello d'Agogna,PV,Lombardia,1079
018040,Castelnovetto,PV,Lombardia,546
018041,Cava Manara,PV,Lombardia,6684
018042,Cecima,PV,Lombardia,254
018043,Ceranova,PV,Lombardia,2363
018044,Ceretto Lomellina,PV,Lombardia,188
018045,Cergnago,PV,Lombardia,648
018046,Certosa di Pavia,PV,Lombardia,5623
018047,Cervesina,PV,Lombardia,1103
018048,Chignolo Po,PV,Lombardia,4048
018049,Cigognola,PV,Lombardia,1308
018050,Cilavegna,PV,Lombardia,5438
018051,Codevilla,PV,Lombardia,915
018052,Confienza,PV,Lombardia,1546
018053,Copiano,PV,Lombardia,1784
018054,Corana,PV,Lombardia,745
018057,Corvino San Quirico,PV,Lombardia,960
018058,Costa de' Nobili,PV,Lombardia,358
018059,Cozzo,PV,Lombardia,358
018060,Cura Carpignano,PV,Lombardia,5080
018061,Dorno,PV,Lombardia,4608
018062,Ferrera Erbognone,PV,Lombardia,1112
018063,Filighera,PV,Lombardia,812
018064,Fortunago,PV,Lombardia,367
018065,Frascarolo,PV,Lombardia,1075
018066,Galliavola,PV,Lombardia,171
018067,Gambarana,PV,Lombardia,174
018068,Gambolò,PV,Lombardia,9813
018069,Garlasco,PV,Lombardia,9665
018071,Gerenzago,PV,Lombardia,1503
018072,Giussago,PV,Lombardia,5385
018073,Godiasco Salice Terme,PV,Lombardia,3294
018074,Golferenzo,PV,Lombardia,162
018075,Gravellona Lomellina,PV,Lombardia,2696
018076,Gropello Cairoli,PV,Lombardia,4362
018077,Inverno e Monteleone,PV,Lombardia,1493
018078,Landriano,PV,Lombardia,6551
018079,Langosco,PV,Lombardia,365
018080,Lardirago,PV,Lombardia,1163
018081,Linarolo,PV,Lombardia,2797
018082,Lirio,PV,Lombardia,122
018083,Lomello,PV,Lombardia,2010
018084,Lungavilla,PV,Lombardia,2407
018085,Magherno,PV,Lombardia,1798
018086,Marcignago,PV,Lombardia,2455
018087,Marzano,PV,Lombardia,1804
018088,Mede,PV,Lombardia,6102
018089,Menconico,PV,Lombardia,326
018090,Mezzana Bigli,PV,Lombardia,1061
018091,Mezzana Rabattone,PV,Lombardia,457
018092,Mezzanino,PV,Lombardia,1405
018093,Miradolo Terme,PV,Lombardia,3909
018094,Montalto Pavese,PV,Lombardia,804
018095,Montebello della Battaglia,PV,Lombardia,1437
018096,Montecalvo Versiggia,PV,Lombardia,478
018097,Montescano,PV,Lombardia,439
018098,Montesegale,PV,Lombardia,239
018099,Monticelli Pavese,PV,Lombardia,662
018100,Montù Beccaria,PV,Lombardia,1642
018101,Mornico Losana,PV,Lombardia,605
018102,Mortara,PV,Lombardia,15934
018103,Nicorvo,PV,Lombardia,288
018104,Olevano di Lomellina,PV,Lombardia,723
018105,Oliva Gessi,PV,Lombardia,163
018106,Ottobiano,PV,Lombardia,1083
018107,Palestro,PV,Lombardia,1895
018108,Pancarana,PV,Lombardia,331
018109,Parona,PV,Lombardia,1858
018110,Pavia,PV,Lombardia,71811
018111,Pietra de' Giorgi,PV,Lombardia,777
018112,Pieve Albignola,PV,Lombardia,792
018113,Pieve del Cairo,PV,Lombardia,1802
018114,Pieve Porto Morone,PV,Lombardia,2730
018115,Pinarolo Po,PV,Lombardia,1654
018116,Pizzale,PV,Lombardia,670
018117,Ponte Nizza,PV,Lombardia,740
018118,Portalbera,PV,Lombardia,1480
018119,Rea,PV,Lombardia,395
018120,Redavalle,PV,Lombardia,1050
018121,Retorbido,PV,Lombardia,1511
018122,Rivanazzano Terme,PV,Lombardia,5150
018123,Robbio,PV,Lombardia,6016
018124,Robecco Pavese,PV,Lombardia,510
018125,Rocca de' Giorgi,PV,Lombardia,37
018126,Rocca Susella,PV,Lombardia,239
018127,Rognano,PV,Lombardia,708
018128,Romagnese,PV,Lombardia,528
018129,Roncaro,PV,Lombardia,1533
018130,Rosasco,PV,Lombardia,560
018131,Rovescala,PV,Lombardia,810
018133,San Cipriano Po,PV,Lombardia,455
018134,San Damiano al Colle,PV,Lombardia,600
018135,San Genesio ed Uniti,PV,Lombardia,4053
018136,San Giorgio di Lomellina,PV,Lombardia,986
018137,San Martino Siccomario,PV,Lombardia,6666
018138,Sannazzaro de' Burgondi,PV,Lombardia,5230
018139,Santa Cristina e Bissone,PV,Lombardia,1848
018140,Santa Giuletta,PV,Lombardia,1585
018141,Sant'Alessio con Vialone,PV,Lombardia,1058
018142,Santa Margherita di Staffora,PV,Lombardia,424
018143,Santa Maria della Versa,PV,Lombardia,2275
018144,Sant'Angelo Lomellina,PV,Lombardia,803
018145,San Zenone al Po,PV,Lombardia,576
018146,Sartirana Lomellina,PV,Lombardia,1491
018147,Scaldasole,PV,Lombardia,853
018148,Semiana,PV,Lombardia,192
018149,Silvano Pietra,PV,Lombardia,622
018150,Siziano,PV,Lombardia,6921
018151,Sommo,PV,Lombardia,1117
018152,Spessa,PV,Lombardia,567
018153,Stradella,PV,Lombardia,11729
018154,Suardi,PV,Lombardia,573
018155,Torrazza Coste,PV,Lombardia,1602
018156,Torre Beretti e Castellaro,PV,Lombardia,489
018157,Torre d'Arese,PV,Lombardia,942
018158,Torre de' Negri,PV,Lombardia,332
018159,Torre d'Isola,PV,Lombardia,2497
018160,Torrevecchia Pia,PV,Lombardia,3539
018161,Torricella Verzate,PV,Lombardia,796
018162,Travacò Siccomario,PV,Lombardia,4427
018163,Trivolzio,PV,Lombardia,2494
018164,Tromello,PV,Lombardia,3772
018165,Trovo,PV,Lombardia,1000
018166,Val di Nizza,PV,Lombardia,571
018167,Valeggio,PV,Lombardia,192
018168,Valle Lomellina,PV,Lombardia,2229
018169,Valle Salimbene,PV,Lombardia,1425
018171,Varzi,PV,Lombardia,3073
018172,Velezzo Lomellina,PV,Lombardia,82
018173,Vellezzo Bellini,PV,Lombardia,3528
018174,Verretto,PV,Lombardia,380
018175,Verrua Po,PV,Lombardia,1213
018176,Vidigulfo,PV,Lombardia,6821
018177,Vigevano,PV,Lombardia,63480
018178,Villa Biscossi,PV,Lombardia,68
018179,Villanova d'Ardenghi,PV,Lombardia,762
018180,Villanterio,PV,Lombardia,3441
018181,Vistarino,PV,Lombardia,1595
018182,Voghera,PV,Lombardia,40220
018183,Volpara,PV,Lombardia,131
018184,Zavattarello,PV,Lombardia,881
018185,Zeccone,PV,Lombardia,1717
018186,Zeme,PV,Lombardia,983
018187,Zenevredo,PV,Lombardia,481
018188,Zerbo,PV,Lombardia,407
018189,Zerbolò,PV,Lombardia,1714
018190,Zinasco,PV,Lombardia,3191
018191,Cornale e Bastida,PV,Lombardia,785
018192,Corteolona e Genzone,PV,Lombardia,2572
018193,Colli Verdi,PV,Lombardia,968
019001,Acquanegra Cremonese,CR,Lombardia,1167
019002,Agnadello,CR,Lombardia,3963
019003,Annicco,CR,Lombardia,1980
019004,Azzanello,CR,Lombardia,631
019005,Bagnolo Cremasco,CR,Lombardia,5115
019006,Bonemerse,CR,Lombardia,1434
019007,Bordolano,CR,Lombardia,602
019009,Calvatone,CR,Lombardia,1130
019010,Camisano,CR,Lombardia,1253
019011,Campagnola Cremasca,CR,Lombardia,649
019012,Capergnanica,CR,Lombardia,2150
019013,Cappella Cantone,CR,Lombardia,538
019014,Cappella de' Picenardi,CR,Lombardia,422
019015,Capralba,CR,Lombardia,2293
019016,Casalbuttano ed Uniti,CR,Lombardia,3796
019017,Casale Cremasco-Vidolasco,CR,Lombardia,1815
019018,Casaletto Ceredano,CR,Lombardia,1171
019019,Casaletto di Sopra,CR,Lombardia,527
019020,Casaletto Vaprio,CR,Lombardia,1778
019021,Casalmaggiore,CR,Lombardia,15114
019022,Casalmorano,CR,Lombardia,1727
019023,Casteldidone,CR,Lombardia,542
019024,Castel Gabbiano,CR,Lombardia,542
019025,Castelleone,CR,Lombardia,9340
019026,Castelverde,CR,Lombardia,5699
019027,Castelvisconti,CR,Lombardia,306
019028,Cella Dati,CR,Lombardia,514
019029,Chieve,CR,Lombardia,2270
019030,Cicognolo,CR,Lombardia,977
019031,Cingia de' Botti,CR,Lombardia,1171
019032,Corte de' Cortesi con Cignone,CR,Lombardia,1070
019033,Corte de' Frati,CR,Lombardia,1318
019034,Credera Rubbiano,CR,Lombardia,1476
019035,Crema,CR,Lombardia,34147
019036,Cremona,CR,Lombardia,71093
019037,Cremosano,CR,Lombardia,1730
019038,Crotta d'Adda,CR,Lombardia,613
019039,Cumignano sul Naviglio,CR,Lombardia,406
019040,Derovere,CR,Lombardia,284
019041,Dovera,CR,Lombardia,3734
019043,Fiesco,CR,Lombardia,1217
019044,Formigara,CR,Lombardia,1038
019045,Gabbioneta-Binanuova,CR,Lombardia,859
019046,Gadesco-Pieve Delmona,CR,Lombardia,1882
019047,Genivolta,CR,Lombardia,1082
019048,Gerre de' Caprioli,CR,Lombardia,1310
019049,Gombito,CR,Lombardia,611
019050,Grontardo,CR,Lombardia,1498
019051,Grumello Cremonese ed Uniti,CR,Lombardia,1725
019052,Gussola,CR,Lombardia,2687
019053,Isola Dovarese,CR,Lombardia,1065
019054,Izano,CR,Lombardia,1951
019055,Madignano,CR,Lombardia,2764
019056,Malagnino,CR,Lombardia,1703
019057,Martignana di Po,CR,Lombardia,2024
019058,Monte Cremasco,CR,Lombardia,2217
019059,Montodine,CR,Lombardia,2394
019060,Moscazzano,CR,Lombardia,697
019061,Motta Baluffi,CR,Lombardia,769
019062,Offanengo,CR,Lombardia,5945
019063,Olmeneta,CR,Lombardia,934
019064,Ostiano,CR,Lombardia,2825
019065,Paderno Ponchielli,CR,Lombardia,1292
019066,Palazzo Pignano,CR,Lombardia,3793
019067,Pandino,CR,Lombardia,8988
019068,Persico Dosimo,CR,Lombardia,3250
019069,Pescarolo ed Uniti,CR,Lombardia,1547
019070,Pessina Cremonese,CR,Lombardia,574
019072,Pianengo,CR,Lombardia,2570
019073,Pieranica,CR,Lombardia,1107
019074,Pieve d'Olmi,CR,Lombardia,1238
019075,Pieve San Giacomo,CR,Lombardia,1571
019076,Pizzighettone,CR,Lombardia,6242
019077,Pozzaglio ed Uniti,CR,Lombardia,1416
019078,Quintano,CR,Lombardia,932
019079,Ricengo,CR,Lombardia,1724
019080,Ripalta Arpina,CR,Lombardia,1088
019081,Ripalta Cremasca,CR,Lombardia,3454
019082,Ripalta Guerina,CR,Lombardia,538
019083,Rivarolo del Re ed Uniti,CR,Lombardia,1848
019084,Rivolta d'Adda,CR,Lombardia,8358
019085,Robecco d'Oglio,CR,Lombardia,2250
019086,Romanengo,CR,Lombardia,3257
019087,Salvirola,CR,Lombardia,1143
019088,San Bassano,CR,Lombardia,2057
019089,San Daniele Po,CR,Lombardia,1297
019090,San Giovanni in Croce,CR,Lombardia,1915
019091,San Martino del Lago,CR,Lombardia,384
019092,Scandolara Ravara,CR,Lombardia,1237
019093,Scandolara Ripa d'Oglio,CR,Lombardia,505
019094,Sergnano,CR,Lombardia,3460
019095,Sesto ed Uniti,CR,Lombardia,3286
019096,Solarolo Rainerio,CR,Lombardia,921
019097,Soncino,CR,Lombardia,7554
019098,Soresina,CR,Lombardia,9306
019099,Sospiro,CR,Lombardia,3041
019100,Spinadesco,CR,Lombardia,1485
019101,Spineda,CR,Lombardia,608
019102,Spino d'Adda,CR,Lombardia,7013
019103,Stagno Lombardo,CR,Lombardia,1402
019104,Ticengo,CR,Lombardia,455
019105,Torlino Vimercati,CR,Lombardia,451
019106,Tornata,CR,Lombardia,400
019107,Torre de' Picenardi,CR,Lombardia,2183
019108,Torricella del Pizzo,CR,Lombardia,585
019109,Trescore Cremasco,CR,Lombardia,2916
019110,Trigolo,CR,Lombardia,1648
019111,Vaiano Cremasco,CR,Lombardia,3592
019112,Vailate,CR,Lombardia,4723
019113,Vescovato,CR,Lombardia,3994
019114,Volongo,CR,Lombardia,455
019115,Voltido,CR,Lombardia,334
019116,Piadena Drizzona,CR,Lombardia,4063
020001,Acquanegra sul Chiese,MN,Lombardia,2722
020002,Asola,MN,Lombardia,9870
020003,Bagnolo San Vito,MN,Lombardia,5855
020007,Bozzolo,MN,Lombardia,4081
020008,Canneto sull'Oglio,MN,Lombardia,4445
020010,Casalmoro,MN,Lombardia,2216
020011,Casaloldo,MN,Lombardia,2624
020012,Casalromano,MN,Lombardia,1498
020013,Castelbelforte,MN,Lombardia,3381
020014,Castel d'Ario,MN,Lombardia,4663
020015,Castel Goffredo,MN,Lombardia,12732
020016,Castellucchio,MN,Lombardia,5161
020017,Castiglione delle Stiviere,MN,Lombardia,23950
020018,Cavriana,MN,Lombardia,3654
020019,Ceresara,MN,Lombardia,2465
020020,Commessaggio,MN,Lombardia,1022
020021,Curtatone,MN,Lombardia,14691
020022,Dosolo,MN,Lombardia,3155
020024,Gazoldo degli Ippoliti,MN,Lombardia,3046
020025,Gazzuolo,MN,Lombardia,2035
020026,Goito,MN,Lombardia,10135
020027,Gonzaga,MN,Lombardia,8574
020028,Guidizzolo,MN,Lombardia,6045
020029,Magnacavallo,MN,Lombardia,1399
020030,Mantova,MN,Lombardia,50215
020031,Marcaria,MN,Lombardia,6338
020032,Mariana Mantovana,MN,Lombardia,794
020033,Marmirolo,MN,Lombardia,7653
020034,Medole,MN,Lombardia,4243
020035,Moglia,MN,Lombardia,5394
020036,Monzambano,MN,Lombardia,4805
020037,Motteggiana,MN,Lombardia,2408
020038,Ostiglia,MN,Lombardia,6849
020039,Pegognaga,MN,Lombardia,6972
020041,Piubega,MN,Lombardia,1747
020042,Poggio Rusco,MN,Lombardia,6255
020043,Pomponesco,MN,Lombardia,1757
020044,Ponti sul Mincio,MN,Lombardia,2277
020045,Porto Mantovano,MN,Lombardia,16715
020046,Quingentole,MN,Lombardia,1016
020047,Quistello,MN,Lombardia,5281
020048,Redondesco,MN,Lombardia,1188
020050,Rivarolo Mantovano,MN,Lombardia,2302
020051,Rodigo,MN,Lombardia,5174
020052,Roncoferraro,MN,Lombardia,6935
020053,Roverbella,MN,Lombardia,8714
020054,Sabbioneta,MN,Lombardia,4076
020055,San Benedetto Po,MN,Lombardia,6792
020056,San Giacomo delle Segnate,MN,Lombardia,1508
020057,San Giorgio Bigarello,MN,Lombardia,11958
020058,San Giovanni del Dosso,MN,Lombardia,1244
020059,San Martino dall'Argine,MN,Lombardia,1604
020060,Schivenoglia,MN,Lombardia,1135
020061,Sermide e Felonica,MN,Lombardia,7040
020062,Serravalle a Po,MN,Lombardia,1474
020063,Solferino,MN,Lombardia,2639
020064,Sustinente,MN,Lombardia,1986
020065,Suzzara,MN,Lombardia,21318
020066,Viadana,MN,Lombardia,19787
020068,Villimpenta,MN,Lombardia,2152
020070,Volta Mantovana,MN,Lombardia,7248
020071,Borgo Virgilio,MN,Lombardia,15052
020072,Borgo Mantovano,MN,Lombardia,5379
020073,Borgocarbonara,MN,Lombardia,1872
021001,Aldino/Aldein,BZ,Trentino-Alto Adige/Südtirol,1609
021002,Andriano/Andrian,BZ,Trentino-Alto Adige/Südtirol,1058
021003,Anterivo/Altrei,BZ,Trentino-Alto Adige/Südtirol,388
021004,Appiano sulla strada del vino/Eppan an der Weinstraße,BZ,Trentino-Alto Adige/Südtirol,15062
021005,Avelengo/Hafling,BZ,Trentino-Alto Adige/Südtirol,823
021006,Badia/Abtei,BZ,Trentino-Alto Adige/Südtirol,3589
021007,Barbiano/Barbian,BZ,Trentino-Alto Adige/Südtirol,1788
021008,Bolzano/Bozen,BZ,Trentino-Alto Adige/Südtirol,106901
021009,Braies/Prags,BZ,Trentino-Alto Adige/Südtirol,690
021010,Brennero/Brenner,BZ,Trentino-Alto Adige/Südtirol,2434
021011,Bressanone/Brixen,BZ,Trentino-Alto Adige/Südtirol,23350
021012,Bronzolo/Branzoll,BZ,Trentino-Alto Adige/Südtirol,2824
021013,Brunico/Bruneck,BZ,Trentino-Alto Adige/Südtirol,17166
021014,Caines/Kuens,BZ,Trentino-Alto Adige/Südtirol,386
021015,Caldaro sulla strada del vino/Kaltern an der Weinstraße,BZ,Trentino-Alto Adige/Südtirol,8301
021016,Campo di Trens/Freienfeld,BZ,Trentino-Alto Adige/Südtirol,2811
021017,Campo Tures/Sand in Taufers,BZ,Trentino-Alto Adige/Südtirol,5877
021018,Castelbello-Ciardes/Kastelbell-Tschars,BZ,Trentino-Alto Adige/Südtirol,2418
021019,Castelrotto/Kastelruth,BZ,Trentino-Alto Adige/Südtirol,7062
021020,Cermes/Tscherms,BZ,Trentino-Alto Adige/Südtirol,1653
021021,Chienes/Kiens,BZ,Trentino-Alto Adige/Südtirol,3067
021022,Chiusa/Klausen,BZ,Trentino-Alto Adige/Südtirol,5225
021023,Cornedo all'Isarco/Karneid,BZ,Trentino-Alto Adige/Südtirol,3447
021024,Cortaccia sulla strada del vino/Kurtatsch an der Weinstraße,BZ,Trentino-Alto Adige/Südtirol,2238
021025,Cortina sulla strada del vino/Kurtinig an der Weinstraße,BZ,Trentino-Alto Adige/Südtirol,676
021026,Corvara in Badia/Corvara,BZ,Trentino-Alto Adige/Südtirol,1438
021027,Curon Venosta/Graun im Vinschgau,BZ,Trentino-Alto Adige/Südtirol,2398
021028,Dobbiaco/Toblach,BZ,Trentino-Alto Adige/Südtirol,3492
021029,Egna/Neumarkt,BZ,Trentino-Alto Adige/Südtirol,5518
021030,Falzes/Pfalzen,BZ,Trentino-Alto Adige/Südtirol,3192
021031,Fiè allo Sciliar/Völs am Schlern,BZ,Trentino-Alto Adige/Südtirol,3747
021032,Fortezza/Franzensfeste,BZ,Trentino-Alto Adige/Südtirol,1139
021033,Funes/Villnöß,BZ,Trentino-Alto Adige/Südtirol,2550
021034,Gais/Gais,BZ,Trentino-Alto Adige/Südtirol,3283
021035,Gargazzone/Gargazon,BZ,Trentino-Alto Adige/Südtirol,1790
021036,Glorenza/Glurns,BZ,Trentino-Alto Adige/Südtirol,937
021037,Laces/Latsch,BZ,Trentino-Alto Adige/Südtirol,5279
021038,Lagundo/Algund,BZ,Trentino-Alto Adige/Südtirol,5075
021039,Laion/Lajen,BZ,Trentino-Alto Adige/Südtirol,2833
021040,Laives/Leifers,BZ,Trentino-Alto Adige/Südtirol,18681
021041,Lana/Lana,BZ,Trentino-Alto Adige/Südtirol,12745
021042,Lasa/Laas,BZ,Trentino-Alto Adige/Südtirol,4182
021043,Lauregno/Laurein,BZ,Trentino-Alto Adige/Südtirol,316
021044,Luson/Lüsen,BZ,Trentino-Alto Adige/Südtirol,1579
021045,Magrè sulla strada del vino/Margreid an der Weinstraße,BZ,Trentino-Alto Adige/Südtirol,1312
021046,Malles Venosta/Mals,BZ,Trentino-Alto Adige/Südtirol,5246
021047,Marebbe/Enneberg,BZ,Trentino-Alto Adige/Südtirol,3221
021048,Marlengo/Marling,BZ,Trentino-Alto Adige/Südtirol,2910
021049,Martello/Martell,BZ,Trentino-Alto Adige/Südtirol,840
021050,Meltina/Mölten,BZ,Trentino-Alto Adige/Südtirol,1724
021051,Merano/Meran,BZ,Trentino-Alto Adige/Südtirol,41658
021052,Monguelfo-Tesido/Welsberg-Taisten,BZ,Trentino-Alto Adige/Südtirol,2904
021053,Montagna sulla strada del vino/Montan an der Weinstraße,BZ,Trentino-Alto Adige/Südtirol,1766
021054,Moso in Passiria/Moos in Passeier,BZ,Trentino-Alto Adige/Südtirol,2029
021055,Nalles/Nals,BZ,Trentino-Alto Adige/Südtirol,2111
021056,Naturno/Naturns,BZ,Trentino-Alto Adige/Südtirol,6101
021057,Naz-Sciaves/Natz-Schabs,BZ,Trentino-Alto Adige/Südtirol,3522
021058,Nova Levante/Welschnofen,BZ,Trentino-Alto Adige/Südtirol,2110
021059,Nova Ponente/Deutschnofen,BZ,Trentino-Alto Adige/Südtirol,4148
021060,Ora/Auer,BZ,Trentino-Alto Adige/Südtirol,3932
021061,Ortisei/St. Ulrich,BZ,Trentino-Alto Adige/Südtirol,4710
021062,Parcines/Partschins,BZ,Trentino-Alto Adige/Südtirol,3973
021063,Perca/Percha,BZ,Trentino-Alto Adige/Südtirol,1768
021064,Plaus/Plaus,BZ,Trentino-Alto Adige/Südtirol,760
021065,Ponte Gardena/Waidbruck,BZ,Trentino-Alto Adige/Südtirol,271
021066,Postal/Burgstall,BZ,Trentino-Alto Adige/Südtirol,2057
021067,Prato allo Stelvio/Prad am Stilfserjoch,BZ,Trentino-Alto Adige/Südtirol,3866
021068,Predoi/Prettau,BZ,Trentino-Alto Adige/Südtirol,508
021069,Proves/Proveis,BZ,Trentino-Alto Adige/Südtirol,243
021070,Racines/Ratschings,BZ,Trentino-Alto Adige/Südtirol,4702
021071,Rasun-Anterselva/Rasen-Antholz,BZ,Trentino-Alto Adige/Südtirol,2936
021072,Renon/Ritten,BZ,Trentino-Alto Adige/Südtirol,8332
021073,Rifiano/Riffian,BZ,Trentino-Alto Adige/Südtirol,1393
021074,Rio di Pusteria/Mühlbach,BZ,Trentino-Alto Adige/Südtirol,3330
021075,Rodengo/Rodeneck,BZ,Trentino-Alto Adige/Südtirol,1304
021076,Salorno sulla strada del vino/Salurn an der Weinstraße,BZ,Trentino-Alto Adige/Südtirol,3835
021077,San Candido/Innichen,BZ,Trentino-Alto Adige/Südtirol,3318
021079,San Genesio Atesino/Jenesien,BZ,Trentino-Alto Adige/Südtirol,3026
021080,San Leonardo in Passiria/St. Leonhard in Passeier,BZ,Trentino-Alto Adige/Südtirol,3680
021081,San Lorenzo di Sebato/St. Lorenzen,BZ,Trentino-Alto Adige/Südtirol,3993
021082,San Martino in Badia/St. Martin in Thurn,BZ,Trentino-Alto Adige/Südtirol,1794
021083,San Martino in Passiria/St. Martin in Passeier,BZ,Trentino-Alto Adige/Südtirol,3323
021084,San Pancrazio/St. Pankraz,BZ,Trentino-Alto Adige/Südtirol,1548
021085,Santa Cristina Valgardena/St. Christina in Gröden,BZ,Trentino-Alto Adige/Südtirol,2036
021086,Sarentino/Sarntal,BZ,Trentino-Alto Adige/Südtirol,7282
021087,Scena/Schenna,BZ,Trentino-Alto Adige/Südtirol,3069
021088,Selva dei Molini/Mühlwald,BZ,Trentino-Alto Adige/Südtirol,1367
021089,Selva di Val Gardena/Wolkenstein in Gröden,BZ,Trentino-Alto Adige/Südtirol,2630
021091,Senales/Schnals,BZ,Trentino-Alto Adige/Südtirol,1234
021092,Sesto/Sexten,BZ,Trentino-Alto Adige/Südtirol,1799
021093,Silandro/Schlanders,BZ,Trentino-Alto Adige/Südtirol,6408
021094,Sluderno/Schluderns,BZ,Trentino-Alto Adige/Südtirol,1894
021095,Stelvio/Stilfs,BZ,Trentino-Alto Adige/Südtirol,1179
021096,Terento/Terenten,BZ,Trentino-Alto Adige/Südtirol,1837
021097,Terlano/Terlan,BZ,Trentino-Alto Adige/Südtirol,5017
021098,Termeno sulla strada del vino/Tramin an der Weinstraße,BZ,Trentino-Alto Adige/Südtirol,3393
021099,Tesimo/Tisens,BZ,Trentino-Alto Adige/Südtirol,2083
021100,Tires/Tiers,BZ,Trentino-Alto Adige/Südtirol,1036
021101,Tirolo/Tirol,BZ,Trentino-Alto Adige/Südtirol,2493
021102,Trodena nel parco naturale/Truden im Naturpark,BZ,Trentino-Alto Adige/Südtirol,1068
021103,Tubre/Taufers im Münstertal,BZ,Trentino-Alto Adige/Südtirol,961
021104,Ultimo/Ulten,BZ,Trentino-Alto Adige/Südtirol,2921
021105,Vadena/Pfatten,BZ,Trentino-Alto Adige/Südtirol,1097
021106,Valdaora/Olang,BZ,Trentino-Alto Adige/Südtirol,3276
021107,Val di Vizze/Pfitsch,BZ,Trentino-Alto Adige/Südtirol,3107
021108,Valle Aurina/Ahrntal,BZ,Trentino-Alto Adige/Südtirol,6016
021109,Valle di Casies/Gsies,BZ,Trentino-Alto Adige/Südtirol,2356
021110,Vandoies/Vintl,BZ,Trentino-Alto Adige/Südtirol,3384
021111,Varna/Vahrn,BZ,Trentino-Alto Adige/Südtirol,5104
021112,Verano/Vöran,BZ,Trentino-Alto Adige/Südtirol,1013
021113,Villabassa/Niederdorf,BZ,Trentino-Alto Adige/Südtirol,1607
021114,Villandro/Villanders,BZ,Trentino-Alto Adige/Südtirol,1872
021115,Vipiteno/Sterzing,BZ,Trentino-Alto Adige/Südtirol,7040
021116,Velturno/Feldthurns,BZ,Trentino-Alto Adige/Südtirol,3101
021117,La Valle/Wengen,BZ,Trentino-Alto Adige/Südtirol,1419
021118,Senale-San Felice/Unsere Liebe Frau im Walde-St. Felix,BZ,Trentino-Alto Adige/Südtirol,814
022001,Ala,TN,Trentino-Alto Adige/Südtirol,8898
022002,Albiano,TN,Trentino-Alto Adige/Südtirol,1549
022003,Aldeno,TN,Trentino-Alto Adige/Südtirol,3360
022005,Andalo,TN,Trentino-Alto Adige/Südtirol,1237
022006,Arco,TN,Trentino-Alto Adige/Südtirol,17747
022007,Avio,TN,Trentino-Alto Adige/Südtirol,4118
022009,Baselga di Pinè,TN,Trentino-Alto Adige/Südtirol,5326
022011,Bedollo,TN,Trentino-Alto Adige/Südtirol,1500
022013,Besenello,TN,Trentino-Alto Adige/Südtirol,2834
022015,Bieno,TN,Trentino-Alto Adige/Südtirol,481
022017,Bleggio Superiore,TN,Trentino-Alto Adige/Südtirol,1545
022018,Bocenago,TN,Trentino-Alto Adige/Südtirol,410
022021,Bondone,TN,Trentino-Alto Adige/Südtirol,627
022022,Borgo Valsugana,TN,Trentino-Alto Adige/Südtirol,7252
022025,Brentonico,TN,Trentino-Alto Adige/Südtirol,4184
022026,Bresimo,TN,Trentino-Alto Adige/Südtirol,240
022029,Caderzone Terme,TN,Trentino-Alto Adige/Südtirol,692
022032,Calceranica al Lago,TN,Trentino-Alto Adige/Südtirol,1397
022033,Caldes,TN,Trentino-Alto Adige/Südtirol,1122
022034,Caldonazzo,TN,Trentino-Alto Adige/Südtirol,4010
022035,Calliano,TN,Trentino-Alto Adige/Südtirol,2057
022036,Campitello di Fassa,TN,Trentino-Alto Adige/Südtirol,661
022037,Campodenno,TN,Trentino-Alto Adige/Südtirol,1532
022038,Canal San Bovo,TN,Trentino-Alto Adige/Südtirol,1484
022039,Canazei,TN,Trentino-Alto Adige/Südtirol,1903
022040,Capriana,TN,Trentino-Alto Adige/Südtirol,598
022042,Carisolo,TN,Trentino-Alto Adige/Südtirol,895
022043,Carzano,TN,Trentino-Alto Adige/Südtirol,518
022045,Castel Condino,TN,Trentino-Alto Adige/Südtirol,211
022047,Castello-Molina di Fiemme,TN,Trentino-Alto Adige/Südtirol,2327
022048,Castello Tesino,TN,Trentino-Alto Adige/Südtirol,1157
022049,Castelnuovo,TN,Trentino-Alto Adige/Südtirol,1088
022050,Cavalese,TN,Trentino-Alto Adige/Südtirol,4026
022051,Cavareno,TN,Trentino-Alto Adige/Südtirol,1155
022052,Cavedago,TN,Trentino-Alto Adige/Südtirol,609
022053,Cavedine,TN,Trentino-Alto Adige/Südtirol,3103
022054,Cavizzana,TN,Trentino-Alto Adige/Südtirol,231
022058,Cimone,TN,Trentino-Alto Adige/Südtirol,743
022059,Cinte Tesino,TN,Trentino-Alto Adige/Südtirol,352
022060,Cis,TN,Trentino-Alto Adige/Südtirol,294
022061,Civezzano,TN,Trentino-Alto Adige/Südtirol,4177
022062,Cles,TN,Trentino-Alto Adige/Südtirol,7480
022064,Commezzadura,TN,Trentino-Alto Adige/Südtirol,1005
022068,Croviana,TN,Trentino-Alto Adige/Südtirol,677
022071,Dambel,TN,Trentino-Alto Adige/Südtirol,391
022074,Denno,TN,Trentino-Alto Adige/Südtirol,1246
022078,Drena,TN,Trentino-Alto Adige/Südtirol,609
022079,Dro,TN,Trentino-Alto Adige/Südtirol,5088
022081,Fai della Paganella,TN,Trentino-Alto Adige/Südtirol,941
022083,Fiavè,TN,Trentino-Alto Adige/Südtirol,1103
022085,Fierozzo,TN,Trentino-Alto Adige/Südtirol,454
022087,Folgaria,TN,Trentino-Alto Adige/Südtirol,3169
022089,Fornace,TN,Trentino-Alto Adige/Südtirol,1363
022090,Frassilongo,TN,Trentino-Alto Adige/Südtirol,336
022091,Garniga Terme,TN,Trentino-Alto Adige/Südtirol,427
022092,Giovo,TN,Trentino-Alto Adige/Südtirol,2518
022093,Giustino,TN,Trentino-Alto Adige/Südtirol,752
022095,Grigno,TN,Trentino-Alto Adige/Südtirol,2030
022097,Imer,TN,Trentino-Alto Adige/Südtirol,1152
022098,Isera,TN,Trentino-Alto Adige/Südtirol,2816
022102,Lavarone,TN,Trentino-Alto Adige/Südtirol,1205
022103,Lavis,TN,Trentino-Alto Adige/Südtirol,9208
022104,Levico Terme,TN,Trentino-Alto Adige/Südtirol,8334
022106,Livo,TN,Trentino-Alto Adige/Südtirol,774
022108,Lona-Lases,TN,Trentino-Alto Adige/Südtirol,882
022109,Luserna,TN,Trentino-Alto Adige/Südtirol,263
022110,Malé,TN,Trentino-Alto Adige/Südtirol,2296
022112,Massimeno,TN,Trentino-Alto Adige/Südtirol,134
022113,Mazzin,TN,Trentino-Alto Adige/Südtirol,616
022114,Mezzana,TN,Trentino-Alto Adige/Südtirol,883
022115,Mezzano,TN,Trentino-Alto Adige/Südtirol,1584
022116,Mezzocorona,TN,Trentino-Alto Adige/Südtirol,5462
022117,Mezzolombardo,TN,Trentino-Alto Adige/Südtirol,7799
022118,Moena,TN,Trentino-Alto Adige/Südtirol,2551
022120,Molveno,TN,Trentino-Alto Adige/Südtirol,1100
022123,Mori,TN,Trentino-Alto Adige/Südtirol,10328
022124,Nago-Torbole,TN,Trentino-Alto Adige/Südtirol,2732
022127,Nogaredo,TN,Trentino-Alto Adige/Südtirol,2104
022128,Nomi,TN,Trentino-Alto Adige/Südtirol,1360
022129,Novaledo,TN,Trentino-Alto Adige/Südtirol,1151
022130,Ospedaletto,TN,Trentino-Alto Adige/Südtirol,792
022131,Ossana,TN,Trentino-Alto Adige/Südtirol,826
022133,Palù del Fersina,TN,Trentino-Alto Adige/Südtirol,173
022134,Panchià,TN,Trentino-Alto Adige/Südtirol,819
022135,Ronzo-Chienis,TN,Trentino-Alto Adige/Südtirol,1004
022136,Peio,TN,Trentino-Alto Adige/Südtirol,1795
022137,Pellizzano,TN,Trentino-Alto Adige/Südtirol,740
022138,Pelugo,TN,Trentino-Alto Adige/Südtirol,388
022139,Pergine Valsugana,TN,Trentino-Alto Adige/Südtirol,21635
022142,Pieve Tesino,TN,Trentino-Alto Adige/Südtirol,666
022143,Pinzolo,TN,Trentino-Alto Adige/Südtirol,3076
022144,Pomarolo,TN,Trentino-Alto Adige/Südtirol,2416
022147,Predazzo,TN,Trentino-Alto Adige/Südtirol,4510
022150,Rabbi,TN,Trentino-Alto Adige/Südtirol,1374
022153,Riva del Garda,TN,Trentino-Alto Adige/Südtirol,17758
022155,Romeno,TN,Trentino-Alto Adige/Südtirol,1529
022156,Roncegno Terme,TN,Trentino-Alto Adige/Südtirol,3020
022157,Ronchi Valsugana,TN,Trentino-Alto Adige/Südtirol,450
022159,Ronzone,TN,Trentino-Alto Adige/Südtirol,515
022160,Roverè della Luna,TN,Trentino-Alto Adige/Südtirol,1658
022161,Rovereto,TN,Trentino-Alto Adige/Südtirol,40513
022162,Ruffrè-Mendola,TN,Trentino-Alto Adige/Südtirol,399
022163,Rumo,TN,Trentino-Alto Adige/Südtirol,783
022164,Sagron Mis,TN,Trentino-Alto Adige/Südtirol,171
022165,Samone,TN,Trentino-Alto Adige/Südtirol,540
022167,San Michele all'Adige,TN,Trentino-Alto Adige/Südtirol,4098
022168,Sant'Orsola Terme,TN,Trentino-Alto Adige/Südtirol,1141
022169,Sanzeno,TN,Trentino-Alto Adige/Südtirol,900
022170,Sarnonico,TN,Trentino-Alto Adige/Südtirol,783
022171,Scurelle,TN,Trentino-Alto Adige/Südtirol,1381
022172,Segonzano,TN,Trentino-Alto Adige/Südtirol,1408
022173,Sfruz,TN,Trentino-Alto Adige/Südtirol,383
022176,Soraga di Fassa,TN,Trentino-Alto Adige/Südtirol,714
022177,Sover,TN,Trentino-Alto Adige/Südtirol,807
022179,Spiazzo,TN,Trentino-Alto Adige/Südtirol,1275
022180,Spormaggiore,TN,Trentino-Alto Adige/Südtirol,1293
022181,Sporminore,TN,Trentino-Alto Adige/Südtirol,722
022182,Stenico,TN,Trentino-Alto Adige/Südtirol,1186
022183,Storo,TN,Trentino-Alto Adige/Südtirol,4495
022184,Strembo,TN,Trentino-Alto Adige/Südtirol,571
022188,Telve,TN,Trentino-Alto Adige/Südtirol,1938
022189,Telve di Sopra,TN,Trentino-Alto Adige/Südtirol,618
022190,Tenna,TN,Trentino-Alto Adige/Südtirol,1063
022191,Tenno,TN,Trentino-Alto Adige/Südtirol,2054
022193,Terragnolo,TN,Trentino-Alto Adige/Südtirol,703
022195,Terzolas,TN,Trentino-Alto Adige/Südtirol,644
022196,Tesero,TN,Trentino-Alto Adige/Südtirol,2996
022199,Tione di Trento,TN,Trentino-Alto Adige/Südtirol,3772
022200,Ton,TN,Trentino-Alto Adige/Südtirol,1306
022202,Torcegno,TN,Trentino-Alto Adige/Südtirol,704
022203,Trambileno,TN,Trentino-Alto Adige/Südtirol,1519
022205,Trento,TN,Trentino-Alto Adige/Südtirol,119359
022209,Valfloriana,TN,Trentino-Alto Adige/Südtirol,477
022210,Vallarsa,TN,Trentino-Alto Adige/Südtirol,1400
022213,Vermiglio,TN,Trentino-Alto Adige/Südtirol,1767
022216,Vignola-Falesina,TN,Trentino-Alto Adige/Südtirol,217
022222,Villa Lagarina,TN,Trentino-Alto Adige/Südtirol,3865
022224,Volano,TN,Trentino-Alto Adige/Südtirol,3182
022226,Ziano di Fiemme,TN,Trentino-Alto Adige/Südtirol,1752
022228,Comano Terme,TN,Trentino-Alto Adige/Südtirol,3059
022229,Ledro,TN,Trentino-Alto Adige/Südtirol,5478
022230,Predaia,TN,Trentino-Alto Adige/Südtirol,7054
022231,San Lorenzo Dorsino,TN,Trentino-Alto Adige/Südtirol,1565
022232,Valdaone,TN,Trentino-Alto Adige/Südtirol,1165
022233,Dimaro Folgarida,TN,Trentino-Alto Adige/Südtirol,2130
022234,Pieve di Bono-Prezzo,TN,Trentino-Alto Adige/Südtirol,1461
022235,Altavalle,TN,Trentino-Alto Adige/Südtirol,1645
022236,Altopiano della Vigolana,TN,Trentino-Alto Adige/Südtirol,5201
022237,Amblar-Don,TN,Trentino-Alto Adige/Südtirol,554
022238,Borgo Chiese,TN,Trentino-Alto Adige/Südtirol,1926
022239,Borgo Lares,TN,Trentino-Alto Adige/Südtirol,734
022240,Castel Ivano,TN,Trentino-Alto Adige/Südtirol,3309
022241,Cembra Lisignago,TN,Trentino-Alto Adige/Südtirol,2374
022242,Contà,TN,Trentino-Alto Adige/Südtirol,1423
022243,Madruzzo,TN,Trentino-Alto Adige/Südtirol,3006
022244,Porte di Rendena,TN,Trentino-Alto Adige/Südtirol,1814
022245,Primiero San Martino di Castrozza,TN,Trentino-Alto Adige/Südtirol,4964
022246,Sella Giudicarie,TN,Trentino-Alto Adige/Südtirol,2985
022247,Tre Ville,TN,Trentino-Alto Adige/Südtirol,1359
022248,Vallelaghi,TN,Trentino-Alto Adige/Südtirol,5227
022249,Ville d'Anaunia,TN,Trentino-Alto Adige/Südtirol,4659
022250,San Giovanni di Fassa-Sèn Jan,TN,Trentino-Alto Adige/Südtirol,3633
022251,Terre d'Adige,TN,Trentino-Alto Adige/Südtirol,3128
022252,Borgo d'Anaunia,TN,Trentino-Alto Adige/Südtirol,2601
022253,Novella,TN,Trentino-Alto Adige/Südtirol,3581
022254,Ville di Fiemme,TN,Trentino-Alto Adige/Südtirol,2633
023001,Affi,VR,Veneto,2504
023002,Albaredo d'Adige,VR,Veneto,5298
023003,Angiari,VR,Veneto,2544
023004,Arcole,VR,Veneto,6419
023005,Badia Calavena,VR,Veneto,2707
023006,Bardolino,VR,Veneto,6816
023007,Belfiore,VR,Veneto,3408
023008,Bevilacqua,VR,Veneto,1817
023009,Bonavigo,VR,Veneto,1990
023010,Boschi Sant'Anna,VR,Veneto,1385
023011,Bosco Chiesanuova,VR,Veneto,3593
023012,Bovolone,VR,Veneto,16392
023013,Brentino Belluno,VR,Veneto,1368
023014,Brenzone sul Garda,VR,Veneto,2436
023015,Bussolengo,VR,Veneto,21037
023016,Buttapietra,VR,Veneto,7031
023017,Caldiero,VR,Veneto,8160
023018,Caprino Veronese,VR,Veneto,8775
023019,Casaleone,VR,Veneto,5672
023020,Castagnaro,VR,Veneto,3497
023021,Castel d'Azzano,VR,Veneto,12333
023022,Castelnuovo del Garda,VR,Veneto,13306
023023,Cavaion Veronese,VR,Veneto,5995
023024,Cazzano di Tramigna,VR,Veneto,1466
023025,Cerea,VR,Veneto,17304
023026,Cerro Veronese,VR,Veneto,2698
023027,Cologna Veneta,VR,Veneto,8543
023028,Colognola ai Colli,VR,Veneto,8801
023029,Concamarise,VR,Veneto,1060
023030,Costermano sul Garda,VR,Veneto,3996
023031,Dolcè,VR,Veneto,2536
023032,Erbè,VR,Veneto,1922
023033,Erbezzo,VR,Veneto,850
023034,Ferrara di Monte Baldo,VR,Veneto,302
023035,Fumane,VR,Veneto,4193
023036,Garda,VR,Veneto,4044
023037,Gazzo Veronese,VR,Veneto,5226
023038,Grezzana,VR,Veneto,10775
023039,Illasi,VR,Veneto,5149
023040,Isola della Scala,VR,Veneto,11825
023041,Isola Rizza,VR,Veneto,3317
023042,Lavagno,VR,Veneto,8730
023043,Lazise,VR,Veneto,6771
023044,Legnago,VR,Veneto,26084
023045,Malcesine,VR,Veneto,3472
023046,Marano di Valpolicella,VR,Veneto,3085
023047,Mezzane di Sotto,VR,Veneto,2502
023048,Minerbe,VR,Veneto,4644
023049,Montecchia di Crosara,VR,Veneto,4323
023050,Monteforte d'Alpone,VR,Veneto,8953
023051,Mozzecane,VR,Veneto,8200
023052,Negrar di Valpolicella,VR,Veneto,16378
023053,Nogara,VR,Veneto,8488
023054,Nogarole Rocca,VR,Veneto,3888
023055,Oppeano,VR,Veneto,10383
023056,Palù,VR,Veneto,1196
023057,Pastrengo,VR,Veneto,3089
023058,Pescantina,VR,Veneto,17630
023059,Peschiera del Garda,VR,Veneto,10905
023060,Povegliano Veronese,VR,Veneto,7401
023061,Pressana,VR,Veneto,2511
023062,Rivoli Veronese,VR,Veneto,2368
023063,Roncà,VR,Veneto,3755
023064,Ronco all'Adige,VR,Veneto,6195
023065,Roverchiara,VR,Veneto,2596
023066,Roveredo di Guà,VR,Veneto,1657
023067,Roverè Veronese,VR,Veneto,2169
023068,Salizzole,VR,Veneto,3758
023069,San Bonifacio,VR,Veneto,21399
023070,San Giovanni Ilarione,VR,Veneto,4848
023071,San Giovanni Lupatoto,VR,Veneto,25427
023072,Sanguinetto,VR,Veneto,4318
023073,San Martino Buon Albergo,VR,Veneto,16797
023074,San Mauro di Saline,VR,Veneto,606
023075,San Pietro di Morubio,VR,Veneto,3145
023076,San Pietro in Cariano,VR,Veneto,12996
023077,Sant'Ambrogio di Valpolicella,VR,Veneto,11870
023078,Sant'Anna d'Alfaedo,VR,Veneto,2660
023079,San Zeno di Montagna,VR,Veneto,1544
023080,Selva di Progno,VR,Veneto,921
023081,Soave,VR,Veneto,7126
023082,Sommacampagna,VR,Veneto,14480
023083,Sona,VR,Veneto,17761
023084,Sorgà,VR,Veneto,2979
023085,Terrazzo,VR,Veneto,2143
023086,Torri del Benaco,VR,Veneto,2856
023087,Tregnago,VR,Veneto,5065
023088,Trevenzuolo,VR,Veneto,2801
023089,Valeggio sul Mincio,VR,Veneto,16040
023090,Velo Veronese,VR,Veneto,772
023091,Verona,VR,Veneto,255139
023092,Veronella,VR,Veneto,5189
023093,Vestenanova,VR,Veneto,2499
023094,Vigasio,VR,Veneto,10342
023095,Villa Bartolomea,VR,Veneto,5895
023096,Villafranca di Verona,VR,Veneto,32785
023097,Zevio,VR,Veneto,15937
023098,Zimella,VR,Veneto,4881
024001,Agugliaro,VI,Veneto,1406
024002,Albettone,VI,Veneto,1959
024003,Alonte,VI,Veneto,1558
024004,Altavilla Vicentina,VI,Veneto,11760
024005,Altissimo,VI,Veneto,2157
024006,Arcugnano,VI,Veneto,7595
024007,Arsiero,VI,Veneto,3065
024008,Arzignano,VI,Veneto,25894
024009,Asiago,VI,Veneto,6203
024010,Asigliano Veneto,VI,Veneto,841
024012,Bassano del Grappa,VI,Veneto,42279
024013,Bolzano Vicentino,VI,Veneto,6505
024014,Breganze,VI,Veneto,8304
024015,Brendola,VI,Veneto,6609
024016,Bressanvido,VI,Veneto,3083
024017,Brogliano,VI,Veneto,4011
024018,Caldogno,VI,Veneto,11304
024019,Caltrano,VI,Veneto,2544
024020,Calvene,VI,Veneto,1270
024021,Camisano Vicentino,VI,Veneto,11085
024022,Campiglia dei Berici,VI,Veneto,1669
024024,Carrè,VI,Veneto,3446
024025,Cartigliano,VI,Veneto,3637
024026,Cassola,VI,Veneto,15415
024027,Castegnero,VI,Veneto,2801
024028,Castelgomberto,VI,Veneto,6145
024029,Chiampo,VI,Veneto,12566
024030,Chiuppano,VI,Veneto,2560
024032,Cogollo del Cengio,VI,Veneto,3127
024034,Cornedo Vicentino,VI,Veneto,11740
024035,Costabissara,VI,Veneto,7648
024036,Creazzo,VI,Veneto,11219
024037,Crespadoro,VI,Veneto,1257
024038,Dueville,VI,Veneto,13578
024039,Enego,VI,Veneto,1497
024040,Fara Vicentino,VI,Veneto,3715
024041,Foza,VI,Veneto,674
024042,Gallio,VI,Veneto,2354
024043,Gambellara,VI,Veneto,3454
024046,Grisignano di Zocco,VI,Veneto,4319
024047,Grumolo delle Abbadesse,VI,Veneto,3900
024048,Isola Vicentina,VI,Veneto,10290
024049,Laghi,VI,Veneto,135
024050,Lastebasse,VI,Veneto,174
024051,Longare,VI,Veneto,5531
024052,Lonigo,VI,Veneto,16058
024053,Lugo di Vicenza,VI,Veneto,3510
024055,Malo,VI,Veneto,14706
024056,Marano Vicentino,VI,Veneto,9211
024057,Marostica,VI,Veneto,14121
024060,Montebello Vicentino,VI,Veneto,6317
024061,Montecchio Maggiore,VI,Veneto,24063
024062,Montecchio Precalcino,VI,Veneto,4869
024063,Monte di Malo,VI,Veneto,2836
024064,Montegalda,VI,Veneto,3324
024065,Montegaldella,VI,Veneto,1765
024066,Monteviale,VI,Veneto,2786
024067,Monticello Conte Otto,VI,Veneto,9094
024068,Montorso Vicentino,VI,Veneto,3001
024070,Mussolente,VI,Veneto,7535
024071,Nanto,VI,Veneto,3052
024072,Nogarole Vicentino,VI,Veneto,1263
024073,Nove,VI,Veneto,4854
024074,Noventa Vicentina,VI,Veneto,9286
024075,Orgiano,VI,Veneto,2976
024076,Pedemonte,VI,Veneto,677
024077,Pianezze,VI,Veneto,2225
024078,Piovene Rocchette,VI,Veneto,8327
024079,Pojana Maggiore,VI,Veneto,4249
024080,Posina,VI,Veneto,582
024081,Pove del Grappa,VI,Veneto,3133
024082,Pozzoleone,VI,Veneto,2752
024083,Quinto Vicentino,VI,Veneto,5836
024084,Recoaro Terme,VI,Veneto,5767
024085,Roana,VI,Veneto,4154
024086,Romano d'Ezzelino,VI,Veneto,14002
024087,Rosà,VI,Veneto,14653
024088,Rossano Veneto,VI,Veneto,8296
024089,Rotzo,VI,Veneto,644
024090,Salcedo,VI,Veneto,989
024091,Sandrigo,VI,Veneto,8226
024094,San Pietro Mussolino,VI,Veneto,1504
024095,Santorso,VI,Veneto,5633
024096,San Vito di Leguzzano,VI,Veneto,3502
024097,Sarcedo,VI,Veneto,5299
024098,Sarego,VI,Veneto,6868
024099,Schiavon,VI,Veneto,2601
024100,Schio,VI,Veneto,38989
024101,Solagna,VI,Veneto,1830
024102,Sossano,VI,Veneto,4136
024104,Tezze sul Brenta,VI,Veneto,12999
024105,Thiene,VI,Veneto,24330
024106,Tonezza del Cimone,VI,Veneto,511
024107,Torrebelvicino,VI,Veneto,5860
024108,Torri di Quartesolo,VI,Veneto,11817
024110,Trissino,VI,Veneto,8651
024111,Valdagno,VI,Veneto,25801
024112,Valdastico,VI,Veneto,1186
024113,Valli del Pasubio,VI,Veneto,3018
024115,Velo d'Astico,VI,Veneto,2224
024116,Vicenza,VI,Veneto,110741
024117,Villaga,VI,Veneto,1924
024118,Villaverla,VI,Veneto,6006
024119,Zanè,VI,Veneto,6498
024120,Zermeghedo,VI,Veneto,1333
024121,Zovencedo,VI,Veneto,815
024122,Zugliano,VI,Veneto,6850
024123,Val Liona,VI,Veneto,3072
024124,Barbarano Mossano,VI,Veneto,6188
024125,Valbrenta,VI,Veneto,4867
024126,Colceresa,VI,Veneto,5957
024127,Lusiana Conco,VI,Veneto,4567
024128,Sovizzo,VI,Veneto,8213
025001,Agordo,BL,Veneto,4062
025003,Alleghe,BL,Veneto,1064
025004,Arsiè,BL,Veneto,2174
025005,Auronzo di Cadore,BL,Veneto,2982
025006,Belluno,BL,Veneto,35499
025007,Borca di Cadore,BL,Veneto,790
025008,Calalzo di Cadore,BL,Veneto,1799
025010,Cencenighe Agordino,BL,Veneto,1202
025011,Cesiomaggiore,BL,Veneto,3954
025012,Chies d'Alpago,BL,Veneto,1244
025013,Cibiana di Cadore,BL,Veneto,323
025014,Colle Santa Lucia,BL,Veneto,339
025015,Comelico Superiore,BL,Veneto,2050
025016,Cortina d'Ampezzo,BL,Veneto,5399
025017,Danta di Cadore,BL,Veneto,421
025018,Domegge di Cadore,BL,Veneto,2235
025019,Falcade,BL,Veneto,1734
025021,Feltre,BL,Veneto,20600
025022,Fonzaso,BL,Veneto,2966
025023,Canale d'Agordo,BL,Veneto,1045
025025,Gosaldo,BL,Veneto,511
025026,Lamon,BL,Veneto,2576
025027,La Valle Agordina,BL,Veneto,1040
025029,Limana,BL,Veneto,5455
025030,Livinallongo del Col di Lana,BL,Veneto,1218
025032,Lorenzago di Cadore,BL,Veneto,527
025033,Lozzo di Cadore,BL,Veneto,1212
025035,Ospitale di Cadore,BL,Veneto,259
025036,Pedavena,BL,Veneto,4321
025037,Perarolo di Cadore,BL,Veneto,359
025039,Pieve di Cadore,BL,Veneto,3588
025040,Ponte nelle Alpi,BL,Veneto,7903
025043,Rivamonte Agordino,BL,Veneto,592
025044,Rocca Pietore,BL,Veneto,1119
025045,San Gregorio nelle Alpi,BL,Veneto,1582
025046,San Nicolò di Comelico,BL,Veneto,368
025047,San Pietro di Cadore,BL,Veneto,1412
025048,Santa Giustina,BL,Veneto,6621
025049,San Tomaso Agordino,BL,Veneto,593
025050,Santo Stefano di Cadore,BL,Veneto,2276
025051,San Vito di Cadore,BL,Veneto,1925
025053,Sedico,BL,Veneto,10134
025054,Selva di Cadore,BL,Veneto,504
025055,Seren del Grappa,BL,Veneto,2323
025056,Sospirolo,BL,Veneto,3130
025057,Soverzene,BL,Veneto,362
025058,Sovramonte,BL,Veneto,1287
025059,Taibon Agordino,BL,Veneto,1710
025060,Tambre,BL,Veneto,1261
025062,Vallada Agordina,BL,Veneto,458
025063,Valle di Cadore,BL,Veneto,1812
025065,Vigo di Cadore,BL,Veneto,1322
025066,Vodo Cadore,BL,Veneto,822
025067,Voltago Agordino,BL,Veneto,785
025069,Zoppè di Cadore,BL,Veneto,175
025071,Longarone,BL,Veneto,4982
025072,Alpago,BL,Veneto,6579
025073,Val di Zoldo,BL,Veneto,2708
025074,Borgo Valbelluna,BL,Veneto,13620
025075,Setteville,BL,Veneto,5952
026001,Altivole,TV,Veneto,7088
026002,Arcade,TV,Veneto,4476
026003,Asolo,TV,Veneto,8917
026004,Borso del Grappa,TV,Veneto,5971
026005,Breda di Piave,TV,Veneto,7642
026006,Caerano di San Marco,TV,Veneto,7819
026007,Cappella Maggiore,TV,Veneto,4662
026008,Carbonera,TV,Veneto,11239
026009,Casale sul Sile,TV,Veneto,13067
026010,Casier,TV,Veneto,11425
026011,Castelcucco,TV,Veneto,2317
026012,Castelfranco Veneto,TV,Veneto,33241
026013,Castello di Godego,TV,Veneto,6898
026014,Cavaso del Tomba,TV,Veneto,2941
026015,Cessalto,TV,Veneto,3835
026016,Chiarano,TV,Veneto,3337
026017,Cimadolmo,TV,Veneto,3364
026018,Cison di Valmarino,TV,Veneto,2411
026019,Codognè,TV,Veneto,5246
026020,Colle Umberto,TV,Veneto,4972
026021,Conegliano,TV,Veneto,34675
026022,Cordignano,TV,Veneto,6784
026023,Cornuda,TV,Veneto,6017
026025,Crocetta del Montello,TV,Veneto,6074
026026,Farra di Soligo,TV,Veneto,8497
026027,Follina,TV,Veneto,3614
026028,Fontanelle,TV,Veneto,5559
026029,Fonte,TV,Veneto,6063
026030,Fregona,TV,Veneto,2738
026031,Gaiarine,TV,Veneto,5826
026032,Giavera del Montello,TV,Veneto,5110
026033,Godega di Sant'Urbano,TV,Veneto,6014
026034,Gorgo al Monticano,TV,Veneto,3976
026035,Istrana,TV,Veneto,9088
026036,Loria,TV,Veneto,9221
026037,Mansuè,TV,Veneto,4850
026038,Mareno di Piave,TV,Veneto,9353
026039,Maser,TV,Veneto,5094
026040,Maserada sul Piave,TV,Veneto,9149
026041,Meduna di Livenza,TV,Veneto,2972
026042,Miane,TV,Veneto,2978
026043,Mogliano Veneto,TV,Veneto,28145
026044,Monastier di Treviso,TV,Veneto,4432
026045,Monfumo,TV,Veneto,1300
026046,Montebelluna,TV,Veneto,31144
026047,Morgano,TV,Veneto,4513
026048,Moriago della Battaglia,TV,Veneto,2857
026049,Motta di Livenza,TV,Veneto,10522
026050,Nervesa della Battaglia,TV,Veneto,6595
026051,Oderzo,TV,Veneto,20348
026052,Ormelle,TV,Veneto,4480
026053,Orsago,TV,Veneto,3720
026055,Paese,TV,Veneto,22184
026056,Pederobba,TV,Veneto,7257
026057,Pieve di Soligo,TV,Veneto,11452
026058,Ponte di Piave,TV,Veneto,8331
026059,Ponzano Veneto,TV,Veneto,13027
026060,Portobuffolè,TV,Veneto,747
026061,Possagno,TV,Veneto,2299
026062,Povegliano,TV,Veneto,5143
026063,Preganziol,TV,Veneto,16738
026064,Quinto di Treviso,TV,Veneto,10093
026065,Refrontolo,TV,Veneto,1697
026066,Resana,TV,Veneto,9340
026067,Revine Lago,TV,Veneto,2099
026068,Riese Pio X,TV,Veneto,10921
026069,Roncade,TV,Veneto,14592
026070,Salgareda,TV,Veneto,6523
026071,San Biagio di Callalta,TV,Veneto,12631
026072,San Fior,TV,Veneto,6843
026073,San Pietro di Feletto,TV,Veneto,5132
026074,San Polo di Piave,TV,Veneto,4795
026075,Santa Lucia di Piave,TV,Veneto,9056
026076,San Vendemiano,TV,Veneto,9680
026077,San Zenone degli Ezzelini,TV,Veneto,7318
026078,Sarmede,TV,Veneto,2960
026079,Segusino,TV,Veneto,1804
026080,Sernaglia della Battaglia,TV,Veneto,6145
026081,Silea,TV,Veneto,10459
026082,Spresiano,TV,Veneto,12400
026083,Susegana,TV,Veneto,11698
026084,Tarzo,TV,Veneto,4119
026085,Trevignano,TV,Veneto,10676
026086,Treviso,TV,Veneto,86113
026087,Valdobbiadene,TV,Veneto,9872
026088,Vazzola,TV,Veneto,6674
026089,Vedelago,TV,Veneto,16558
026090,Vidor,TV,Veneto,3559
026091,Villorba,TV,Veneto,17563
026092,Vittorio Veneto,TV,Veneto,27242
026093,Volpago del Montello,TV,Veneto,9989
026094,Zenson di Piave,TV,Veneto,1765
026095,Zero Branco,TV,Veneto,11695
026096,Pieve del Grappa,TV,Veneto,6576
027001,Annone Veneto,VE,Veneto,3917
027002,Campagna Lupia,VE,Veneto,7116
027003,Campolongo Maggiore,VE,Veneto,10698
027004,Camponogara,VE,Veneto,12979
027005,Caorle,VE,Veneto,10978
027006,Cavarzere,VE,Veneto,12730
027007,Ceggia,VE,Veneto,6250
027008,Chioggia,VE,Veneto,46951
027009,Cinto Caomaggiore,VE,Veneto,3172
027010,Cona,VE,Veneto,2767
027011,Concordia Sagittaria,VE,Veneto,10212
027012,Dolo,VE,Veneto,14993
027013,Eraclea,VE,Veneto,11820
027014,Fiesso d'Artico,VE,Veneto,8702
027015,Fossalta di Piave,VE,Veneto,4251
027016,Fossalta di Portogruaro,VE,Veneto,5747
027017,Fossò,VE,Veneto,7118
027018,Gruaro,VE,Veneto,2700
027019,Jesolo,VE,Veneto,27120
027020,Marcon,VE,Veneto,17664
027021,Martellago,VE,Veneto,21184
027022,Meolo,VE,Veneto,6155
027023,Mira,VE,Veneto,37465
027024,Mirano,VE,Veneto,27114
027025,Musile di Piave,VE,Veneto,11407
027026,Noale,VE,Veneto,16225
027027,Noventa di Piave,VE,Veneto,7015
027028,Pianiga,VE,Veneto,12305
027029,Portogruaro,VE,Veneto,24301
027030,Pramaggiore,VE,Veneto,4721
027031,Quarto d'Altino,VE,Veneto,8012
027032,Salzano,VE,Veneto,12768
027033,San Donà di Piave,VE,Veneto,42261
027034,San Michele al Tagliamento,VE,Veneto,11329
027035,Santa Maria di Sala,VE,Veneto,17488
027036,San Stino di Livenza,VE,Veneto,12726
027037,Scorzè,VE,Veneto,18996
027038,Spinea,VE,Veneto,27933
027039,Stra,VE,Veneto,7506
027040,Teglio Veneto,VE,Veneto,2224
027041,Torre di Mosto,VE,Veneto,4753
027042,Venezia,VE,Veneto,249385
027043,Vigonovo,VE,Veneto,9814
027044,Cavallino-Treporti,VE,Veneto,13105
028001,Abano Terme,PD,Veneto,20479
028002,Agna,PD,Veneto,3175
028003,Albignasego,PD,Veneto,27601
028004,Anguillara Veneta,PD,Veneto,4076
028005,Arquà Petrarca,PD,Veneto,1781
028006,Arre,PD,Veneto,2089
028007,Arzergrande,PD,Veneto,4841
028008,Bagnoli di Sopra,PD,Veneto,3361
028009,Baone,PD,Veneto,3024
028010,Barbona,PD,Veneto,567
028011,Battaglia Terme,PD,Veneto,3869
028012,Boara Pisani,PD,Veneto,2362
028013,Borgoricco,PD,Veneto,9084
028014,Bovolenta,PD,Veneto,3394
028015,Brugine,PD,Veneto,7178
028016,Cadoneghe,PD,Veneto,15763
028017,Campodarsego,PD,Veneto,15128
028018,Campodoro,PD,Veneto,2727
028019,Camposampiero,PD,Veneto,11878
028020,Campo San Martino,PD,Veneto,5547
028021,Candiana,PD,Veneto,2142
028023,Carmignano di Brenta,PD,Veneto,7546
028026,Cartura,PD,Veneto,4564
028027,Casale di Scodosia,PD,Veneto,4637
028028,Casalserugo,PD,Veneto,5293
028029,Castelbaldo,PD,Veneto,1443
028030,Cervarese Santa Croce,PD,Veneto,5557
028031,Cinto Euganeo,PD,Veneto,1884
028032,Cittadella,PD,Veneto,20047
028033,Codevigo,PD,Veneto,6280
028034,Conselve,PD,Veneto,9993
028035,Correzzola,PD,Veneto,5273
028036,Curtarolo,PD,Veneto,7150
028037,Este,PD,Veneto,15856
028038,Fontaniva,PD,Veneto,8094
028039,Galliera Veneta,PD,Veneto,7165
028040,Galzignano Terme,PD,Veneto,4271
028041,Gazzo,PD,Veneto,4295
028042,Grantorto,PD,Veneto,4435
028043,Granze,PD,Veneto,1873
028044,Legnaro,PD,Veneto,9564
028045,Limena,PD,Veneto,8237
028046,Loreggia,PD,Veneto,7725
028047,Lozzo Atestino,PD,Veneto,3076
028048,Maserà di Padova,PD,Veneto,9261
028049,Masi,PD,Veneto,1823
028050,Massanzago,PD,Veneto,6112
028052,Megliadino San Vitale,PD,Veneto,1821
028053,Merlara,PD,Veneto,2521
028054,Mestrino,PD,Veneto,11953
028055,Monselice,PD,Veneto,17042
028056,Montagnana,PD,Veneto,9193
028057,Montegrotto Terme,PD,Veneto,11628
028058,Noventa Padovana,PD,Veneto,11268
028059,Ospedaletto Euganeo,PD,Veneto,5578
028060,Padova,PD,Veneto,208202
028061,Pernumia,PD,Veneto,3754
028062,Piacenza d'Adige,PD,Veneto,1285
028063,Piazzola sul Brenta,PD,Veneto,11074
028064,Piombino Dese,PD,Veneto,9550
028065,Piove di Sacco,PD,Veneto,20291
028066,Polverara,PD,Veneto,3428
028067,Ponso,PD,Veneto,2415
028068,Pontelongo,PD,Veneto,3698
028069,Ponte San Nicolò,PD,Veneto,13150
028070,Pozzonovo,PD,Veneto,3455
028071,Rovolon,PD,Veneto,4863
028072,Rubano,PD,Veneto,17243
028073,Saccolongo,PD,Veneto,5029
028075,San Giorgio delle Pertiche,PD,Veneto,10092
028076,San Giorgio in Bosco,PD,Veneto,6307
028077,San Martino di Lupari,PD,Veneto,13319
028078,San Pietro in Gu,PD,Veneto,4107
028079,San Pietro Viminario,PD,Veneto,2982
028080,Santa Giustina in Colle,PD,Veneto,7139
028082,Sant'Angelo di Piove di Sacco,PD,Veneto,7347
028083,Sant'Elena,PD,Veneto,2514
028084,Sant'Urbano,PD,Veneto,1914
028085,Saonara,PD,Veneto,10877
028086,Selvazzano Dentro,PD,Veneto,22931
028087,Solesino,PD,Veneto,6712
028088,Stanghella,PD,Veneto,4165
028089,Teolo,PD,Veneto,8930
028090,Terrassa Padovana,PD,Veneto,2716
028091,Tombolo,PD,Veneto,8184
028092,Torreglia,PD,Veneto,6029
028093,Trebaseleghe,PD,Veneto,12968
028094,Tribano,PD,Veneto,4219
028095,Urbana,PD,Veneto,2016
028096,Veggiano,PD,Veneto,4812
028097,Vescovana,PD,Veneto,1646
028099,Vigodarzere,PD,Veneto,13281
028100,Vigonza,PD,Veneto,23465
028101,Villa del Conte,PD,Veneto,5617
028102,Villa Estense,PD,Veneto,2021
028103,Villafranca Padovana,PD,Veneto,10580
028104,Villanova di Camposampiero,PD,Veneto,6140
028105,Vo',PD,Veneto,3211
028106,Due Carrare,PD,Veneto,8974
028107,Borgo Veneto,PD,Veneto,7045
028108,Santa Caterina d'Este,PD,Veneto,2319
029001,Adria,RO,Veneto,18878
029002,Ariano nel Polesine,RO,Veneto,3757
029003,Arquà Polesine,RO,Veneto,2578
029004,Badia Polesine,RO,Veneto,10378
029005,Bagnolo di Po,RO,Veneto,1203
029006,Bergantino,RO,Veneto,2340
029007,Bosaro,RO,Veneto,1412
029008,Calto,RO,Veneto,699
029009,Canaro,RO,Veneto,2569
029010,Canda,RO,Veneto,812
029011,Castelguglielmo,RO,Veneto,1510
029012,Castelmassa,RO,Veneto,4026
029013,Castelnovo Bariano,RO,Veneto,2588
029014,Ceneselli,RO,Veneto,1573
029015,Ceregnano,RO,Veneto,3377
029017,Corbola,RO,Veneto,2246
029018,Costa di Rovigo,RO,Veneto,2420
029019,Crespino,RO,Veneto,1787
029021,Ficarolo,RO,Veneto,2199
029022,Fiesso Umbertiano,RO,Veneto,3882
029023,Frassinelle Polesine,RO,Veneto,1326
029024,Fratta Polesine,RO,Veneto,2445
029025,Gaiba,RO,Veneto,932
029026,Gavello,RO,Veneto,1418
029027,Giacciano con Baruchella,RO,Veneto,2083
029028,Guarda Veneta,RO,Veneto,1100
029029,Lendinara,RO,Veneto,11538
029030,Loreo,RO,Veneto,3177
029031,Lusia,RO,Veneto,3196
029032,Melara,RO,Veneto,1704
029033,Occhiobello,RO,Veneto,12022
029034,Papozze,RO,Veneto,1408
029035,Pettorazza Grimani,RO,Veneto,1392
029036,Pincara,RO,Veneto,1062
029037,Polesella,RO,Veneto,3676
029038,Pontecchio Polesine,RO,Veneto,2222
029039,Porto Tolle,RO,Veneto,8607
029040,Rosolina,RO,Veneto,6043
029041,Rovigo,RO,Veneto,49994
029042,Salara,RO,Veneto,1027
029043,San Bellino,RO,Veneto,1075
029044,San Martino di Venezze,RO,Veneto,3806
029045,Stienta,RO,Veneto,3019
029046,Taglio di Po,RO,Veneto,7836
029047,Trecenta,RO,Veneto,2605
029048,Villadose,RO,Veneto,4640
029049,Villamarzana,RO,Veneto,1112
029050,Villanova del Ghebbo,RO,Veneto,1933
029051,Villanova Marchesana,RO,Veneto,876
029052,Porto Viro,RO,Veneto,13675
030001,Aiello del Friuli,UD,Friuli-Venezia Giulia,2086
030002,Amaro,UD,Friuli-Venezia Giulia,854
030003,Ampezzo,UD,Friuli-Venezia Giulia,877
030004,Aquileia,UD,Friuli-Venezia Giulia,3124
030005,Arta Terme,UD,Friuli-Venezia Giulia,1971
030006,Artegna,UD,Friuli-Venezia Giulia,2898
030007,Attimis,UD,Friuli-Venezia Giulia,1664
030008,Bagnaria Arsa,UD,Friuli-Venezia Giulia,3403
030009,Basiliano,UD,Friuli-Venezia Giulia,5148
030010,Bertiolo,UD,Friuli-Venezia Giulia,2330
030011,Bicinicco,UD,Friuli-Venezia Giulia,1733
030012,Bordano,UD,Friuli-Venezia Giulia,689
030013,Buja,UD,Friuli-Venezia Giulia,6336
030014,Buttrio,UD,Friuli-Venezia Giulia,3898
030015,Camino al Tagliamento,UD,Friuli-Venezia Giulia,1508
030016,Campoformido,UD,Friuli-Venezia Giulia,7832
030018,Carlino,UD,Friuli-Venezia Giulia,2606
030019,Cassacco,UD,Friuli-Venezia Giulia,2787
030020,Castions di Strada,UD,Friuli-Venezia Giulia,3682
030021,Cavazzo Carnico,UD,Friuli-Venezia Giulia,959
030022,Cercivento,UD,Friuli-Venezia Giulia,604
030023,Cervignano del Friuli,UD,Friuli-Venezia Giulia,13743
030024,Chiopris-Viscone,UD,Friuli-Venezia Giulia,707
030025,Chiusaforte,UD,Friuli-Venezia Giulia,582
030026,Cividale del Friuli,UD,Friuli-Venezia Giulia,10804
030027,Codroipo,UD,Friuli-Venezia Giulia,15721
030028,Colloredo di Monte Albano,UD,Friuli-Venezia Giulia,2184
030029,Comeglians,UD,Friuli-Venezia Giulia,422
030030,Corno di Rosazzo,UD,Friuli-Venezia Giulia,3099
030031,Coseano,UD,Friuli-Venezia Giulia,1977
030032,Dignano,UD,Friuli-Venezia Giulia,2221
030033,Dogna,UD,Friuli-Venezia Giulia,148
030034,Drenchia,UD,Friuli-Venezia Giulia,88
030035,Enemonzo,UD,Friuli-Venezia Giulia,1231
030036,Faedis,UD,Friuli-Venezia Giulia,2731
030037,Fagagna,UD,Friuli-Venezia Giulia,6076
030039,Flaibano,UD,Friuli-Venezia Giulia,1113
030040,Forni Avoltri,UD,Friuli-Venezia Giulia,495
030041,Forni di Sopra,UD,Friuli-Venezia Giulia,890
030042,Forni di Sotto,UD,Friuli-Venezia Giulia,518
030043,Gemona del Friuli,UD,Friuli-Venezia Giulia,10416
030044,Gonars,UD,Friuli-Venezia Giulia,4552
030045,Grimacco,UD,Friuli-Venezia Giulia,299
030046,Latisana,UD,Friuli-Venezia Giulia,13162
030047,Lauco,UD,Friuli-Venezia Giulia,626
030048,Lestizza,UD,Friuli-Venezia Giulia,3569
030049,Lignano Sabbiadoro,UD,Friuli-Venezia Giulia,6973
030051,Lusevera,UD,Friuli-Venezia Giulia,611
030052,Magnano in Riviera,UD,Friuli-Venezia Giulia,2232
030053,Majano,UD,Friuli-Venezia Giulia,5703
030054,Malborghetto Valbruna,UD,Friuli-Venezia Giulia,888
030055,Manzano,UD,Friuli-Venezia Giulia,6275
030056,Marano Lagunare,UD,Friuli-Venezia Giulia,1677
030057,Martignacco,UD,Friuli-Venezia Giulia,6835
030058,Mereto di Tomba,UD,Friuli-Venezia Giulia,2497
030059,Moggio Udinese,UD,Friuli-Venezia Giulia,1589
030060,Moimacco,UD,Friuli-Venezia Giulia,1567
030061,Montenars,UD,Friuli-Venezia Giulia,494
030062,Mortegliano,UD,Friuli-Venezia Giulia,4839
030063,Moruzzo,UD,Friuli-Venezia Giulia,2392
030064,Muzzana del Turgnano,UD,Friuli-Venezia Giulia,2320
030065,Nimis,UD,Friuli-Venezia Giulia,2628
030066,Osoppo,UD,Friuli-Venezia Giulia,2803
030067,Ovaro,UD,Friuli-Venezia Giulia,1686
030068,Pagnacco,UD,Friuli-Venezia Giulia,5080
030069,Palazzolo dello Stella,UD,Friuli-Venezia Giulia,2893
030070,Palmanova,UD,Friuli-Venezia Giulia,5282
030071,Paluzza,UD,Friuli-Venezia Giulia,1892
030072,Pasian di Prato,UD,Friuli-Venezia Giulia,9291
030073,Paularo,UD,Friuli-Venezia Giulia,2278
030074,Pavia di Udine,UD,Friuli-Venezia Giulia,5466
030075,Pocenia,UD,Friuli-Venezia Giulia,2287
030076,Pontebba,UD,Friuli-Venezia Giulia,1292
030077,Porpetto,UD,Friuli-Venezia Giulia,2425
030078,Povoletto,UD,Friuli-Venezia Giulia,5387
030079,Pozzuolo del Friuli,UD,Friuli-Venezia Giulia,6891
030080,Pradamano,UD,Friuli-Venezia Giulia,3536
030081,Prato Carnico,UD,Friuli-Venezia Giulia,796
030082,Precenicco,UD,Friuli-Venezia Giulia,1464
030083,Premariacco,UD,Friuli-Venezia Giulia,3919
030084,Preone,UD,Friuli-Venezia Giulia,247
030085,Prepotto,UD,Friuli-Venezia Giulia,696
030086,Pulfero,UD,Friuli-Venezia Giulia,832
030087,Ragogna,UD,Friuli-Venezia Giulia,2843
030088,Ravascletto,UD,Friuli-Venezia Giulia,497
030089,Raveo,UD,Friuli-Venezia Giulia,425
030090,Reana del Rojale,UD,Friuli-Venezia Giulia,4723
030091,Remanzacco,UD,Friuli-Venezia Giulia,5904
030092,Resia,UD,Friuli-Venezia Giulia,904
030093,Resiutta,UD,Friuli-Venezia Giulia,266
030094,Rigolato,UD,Friuli-Venezia Giulia,354
030095,Rive d'Arcano,UD,Friuli-Venezia Giulia,2400
030097,Ronchis,UD,Friuli-Venezia Giulia,1939
030098,Ruda,UD,Friuli-Venezia Giulia,2802
030099,San Daniele del Friuli,UD,Friuli-Venezia Giulia,7909
030100,San Giorgio di Nogaro,UD,Friuli-Venezia Giulia,7285
030101,San Giovanni al Natisone,UD,Friuli-Venezia Giulia,5995
030102,San Leonardo,UD,Friuli-Venezia Giulia,1021
030103,San Pietro al Natisone,UD,Friuli-Venezia Giulia,2069
030104,Santa Maria la Longa,UD,Friuli-Venezia Giulia,2303
030105,San Vito al Torre,UD,Friuli-Venezia Giulia,1223
030106,San Vito di Fagagna,UD,Friuli-Venezia Giulia,1668
030107,Sauris,UD,Friuli-Venezia Giulia,375
030108,Savogna,UD,Friuli-Venezia Giulia,349
030109,Sedegliano,UD,Friuli-Venezia Giulia,3695
030110,Socchieve,UD,Friuli-Venezia Giulia,846
030111,Stregna,UD,Friuli-Venezia Giulia,289
030112,Sutrio,UD,Friuli-Venezia Giulia,1191
030113,Taipana,UD,Friuli-Venezia Giulia,529
030114,Talmassons,UD,Friuli-Venezia Giulia,3821
030116,Tarcento,UD,Friuli-Venezia Giulia,8886
030117,Tarvisio,UD,Friuli-Venezia Giulia,3850
030118,Tavagnacco,UD,Friuli-Venezia Giulia,14583
030120,Terzo d'Aquileia,UD,Friuli-Venezia Giulia,2705
030121,Tolmezzo,UD,Friuli-Venezia Giulia,9638
030122,Torreano,UD,Friuli-Venezia Giulia,2043
030123,Torviscosa,UD,Friuli-Venezia Giulia,2572
030124,Trasaghis,UD,Friuli-Venezia Giulia,2060
030126,Treppo Grande,UD,Friuli-Venezia Giulia,1724
030127,Tricesimo,UD,Friuli-Venezia Giulia,7605
030128,Trivignano Udinese,UD,Friuli-Venezia Giulia,1514
030129,Udine,UD,Friuli-Venezia Giulia,98501
030130,Varmo,UD,Friuli-Venezia Giulia,2605
030131,Venzone,UD,Friuli-Venezia Giulia,1941
030132,Verzegnis,UD,Friuli-Venezia Giulia,834
030133,Villa Santina,UD,Friuli-Venezia Giulia,2153
030135,Visco,UD,Friuli-Venezia Giulia,838
030136,Zuglio,UD,Friuli-Venezia Giulia,535
030137,Forgaria nel Friuli,UD,Friuli-Venezia Giulia,1667
030138,Campolongo Tapogliano,UD,Friuli-Venezia Giulia,1105
030188,Rivignano Teor,UD,Friuli-Venezia Giulia,6309
030189,Sappada,UD,Friuli-Venezia Giulia,1301
030190,Fiumicello Villa Vicentina,UD,Friuli-Venezia Giulia,6251
030191,Treppo Ligosullo,UD,Friuli-Venezia Giulia,654
031001,Capriva del Friuli,GO,Friuli-Venezia Giulia,1566
031002,Cormons,GO,Friuli-Venezia Giulia,7001
031003,Doberdò del Lago-Doberdob,GO,Friuli-Venezia Giulia,1293
031004,Dolegna del Collio,GO,Friuli-Venezia Giulia,285
031005,Farra d'Isonzo,GO,Friuli-Venezia Giulia,1681
031006,Fogliano Redipuglia,GO,Friuli-Venezia Giulia,2966
031007,Gorizia,GO,Friuli-Venezia Giulia,33679
031008,Gradisca d'Isonzo,GO,Friuli-Venezia Giulia,6394
031009,Grado,GO,Friuli-Venezia Giulia,7454
031010,Mariano del Friuli,GO,Friuli-Venezia Giulia,1478
031011,Medea,GO,Friuli-Venezia Giulia,956
031012,Monfalcone,GO,Friuli-Venezia Giulia,30767
031013,Moraro,GO,Friuli-Venezia Giulia,722
031014,Mossa,GO,Friuli-Venezia Giulia,1512
031015,Romans d'Isonzo,GO,Friuli-Venezia Giulia,3556
031016,Ronchi dei Legionari,GO,Friuli-Venezia Giulia,11859
031017,Sagrado,GO,Friuli-Venezia Giulia,2132
031018,San Canzian d'Isonzo,GO,Friuli-Venezia Giulia,6048
031019,San Floriano del Collio-Števerjan,GO,Friuli-Venezia Giulia,718
031020,San Lorenzo Isontino,GO,Friuli-Venezia Giulia,1479
031021,San Pier d'Isonzo,GO,Friuli-Venezia Giulia,1914
031022,Savogna d'Isonzo-Sovodnje ob Soči,GO,Friuli-Venezia Giulia,1678
031023,Staranzano,GO,Friuli-Venezia Giulia,7130
031024,Turriaco,GO,Friuli-Venezia Giulia,2784
031025,Villesse,GO,Friuli-Venezia Giulia,1665
032001,Duino Aurisina-Devin Nabrežina,TS,Friuli-Venezia Giulia,8185
032002,Monrupino-Repentabor,TS,Friuli-Venezia Giulia,836
032003,Muggia,TS,Friuli-Venezia Giulia,12627
032004,San Dorligo della Valle-Dolina,TS,Friuli-Venezia Giulia,5622
032005,Sgonico-Zgonik,TS,Friuli-Venezia Giulia,1948
032006,Trieste,TS,Friuli-Venezia Giulia,198622
033001,Agazzano,PC,Emilia-Romagna,2054
033002,Alseno,PC,Emilia-Romagna,4785
033003,Besenzone,PC,Emilia-Romagna,936
033004,Bettola,PC,Emilia-Romagna,2627
033005,Bobbio,PC,Emilia-Romagna,3344
033006,Borgonovo Val Tidone,PC,Emilia-Romagna,8305
033007,Cadeo,PC,Emilia-Romagna,6116
033008,Calendasco,PC,Emilia-Romagna,2465
033010,Caorso,PC,Emilia-Romagna,4797
033011,Carpaneto Piacentino,PC,Emilia-Romagna,7775
033012,Castell'Arquato,PC,Emilia-Romagna,4712
033013,Castel San Giovanni,PC,Emilia-Romagna,14402
033014,Castelvetro Piacentino,PC,Emilia-Romagna,5430
033015,Cerignale,PC,Emilia-Romagna,109
033016,Coli,PC,Emilia-Romagna,877
033017,Corte Brugnatella,PC,Emilia-Romagna,501
033018,Cortemaggiore,PC,Emilia-Romagna,4757
033019,Farini,PC,Emilia-Romagna,1044
033020,Ferriere,PC,Emilia-Romagna,1081
033021,Fiorenzuola d'Arda,PC,Emilia-Romagna,15048
033022,Gazzola,PC,Emilia-Romagna,2201
033023,Gossolengo,PC,Emilia-Romagna,5695
033024,Gragnano Trebbiense,PC,Emilia-Romagna,4515
033025,Gropparello,PC,Emilia-Romagna,2173
033026,Lugagnano Val d'Arda,PC,Emilia-Romagna,3927
033027,Monticelli d'Ongina,PC,Emilia-Romagna,5223
033028,Morfasso,PC,Emilia-Romagna,849
033030,Ottone,PC,Emilia-Romagna,390
033032,Piacenza,PC,Emilia-Romagna,103737
033033,Pianello Val Tidone,PC,Emilia-Romagna,2179
033034,Piozzano,PC,Emilia-Romagna,581
033035,Podenzano,PC,Emilia-Romagna,9045
033036,Ponte dell'Olio,PC,Emilia-Romagna,4694
033037,Pontenure,PC,Emilia-Romagna,6719
033038,Rivergaro,PC,Emilia-Romagna,7172
033039,Rottofreno,PC,Emilia-Romagna,12320
033040,San Giorgio Piacentino,PC,Emilia-Romagna,5586
033041,San Pietro in Cerro,PC,Emilia-Romagna,739
033042,Sarmato,PC,Emilia-Romagna,3108
033043,Travo,PC,Emilia-Romagna,2165
033044,Vernasca,PC,Emilia-Romagna,2029
033045,Vigolzone,PC,Emilia-Romagna,4324
033046,Villanova sull'Arda,PC,Emilia-Romagna,1666
033047,Zerba,PC,Emilia-Romagna,66
033048,Ziano Piacentino,PC,Emilia-Romagna,2550
033049,Alta Val Tidone,PC,Emilia-Romagna,2927
034001,Albareto,PR,Emilia-Romagna,2038
034002,Bardi,PR,Emilia-Romagna,1947
034003,Bedonia,PR,Emilia-Romagna,3103
034004,Berceto,PR,Emilia-Romagna,1917
034005,Bore,PR,Emilia-Romagna,619
034006,Borgo Val di Taro,PR,Emilia-Romagna,6736
034007,Busseto,PR,Emilia-Romagna,6902
034008,Calestano,PR,Emilia-Romagna,2183
034009,Collecchio,PR,Emilia-Romagna,14911
034010,Colorno,PR,Emilia-Romagna,9174
034011,Compiano,PR,Emilia-Romagna,1047
034012,Corniglio,PR,Emilia-Romagna,1779
034013,Felino,PR,Emilia-Romagna,9278
034014,Fidenza,PR,Emilia-Romagna,27573
034015,Fontanellato,PR,Emilia-Romagna,7095
034016,Fontevivo,PR,Emilia-Romagna,5529
034017,Fornovo di Taro,PR,Emilia-Romagna,6039
034018,Langhirano,PR,Emilia-Romagna,10964
034019,Lesignano de' Bagni,PR,Emilia-Romagna,5142
034020,Medesano,PR,Emilia-Romagna,10762
034022,Monchio delle Corti,PR,Emilia-Romagna,836
034023,Montechiarugolo,PR,Emilia-Romagna,11444
034024,Neviano degli Arduini,PR,Emilia-Romagna,3465
034025,Noceto,PR,Emilia-Romagna,13367
034026,Palanzano,PR,Emilia-Romagna,999
034027,Parma,PR,Emilia-Romagna,199450
034028,Pellegrino Parmense,PR,Emilia-Romagna,967
034030,Roccabianca,PR,Emilia-Romagna,2938
034031,Sala Baganza,PR,Emilia-Romagna,6105
034032,Salsomaggiore Terme,PR,Emilia-Romagna,20640
034033,San Secondo Parmense,PR,Emilia-Romagna,5921
034035,Solignano,PR,Emilia-Romagna,1664
034036,Soragna,PR,Emilia-Romagna,4797
034038,Terenzo,PR,Emilia-Romagna,1138
034039,Tizzano Val Parma,PR,Emilia-Romagna,2226
034040,Tornolo,PR,Emilia-Romagna,846
034041,Torrile,PR,Emilia-Romagna,7709
034042,Traversetolo,PR,Emilia-Romagna,9687
034044,Valmozzola,PR,Emilia-Romagna,527
034045,Varano de' Melegari,PR,Emilia-Romagna,2589
034046,Varsi,PR,Emilia-Romagna,1149
034049,Sissa Trecasali,PR,Emilia-Romagna,7995
034050,Polesine Zibello,PR,Emilia-Romagna,3137
034051,Sorbolo Mezzani,PR,Emilia-Romagna,13175
035001,Albinea,RE,Emilia-Romagna,8986
035002,Bagnolo in Piano,RE,Emilia-Romagna,9588
035003,Baiso,RE,Emilia-Romagna,3268
035004,Bibbiano,RE,Emilia-Romagna,10199
035005,Boretto,RE,Emilia-Romagna,5456
035006,Brescello,RE,Emilia-Romagna,5556
035008,Cadelbosco di Sopra,RE,Emilia-Romagna,10727
035009,Campagnola Emilia,RE,Emilia-Romagna,5551
035010,Campegine,RE,Emilia-Romagna,5414
035011,Carpineti,RE,Emilia-Romagna,3905
035012,Casalgrande,RE,Emilia-Romagna,19039
035013,Casina,RE,Emilia-Romagna,4619
035014,Castellarano,RE,Emilia-Romagna,15160
035015,Castelnovo di Sotto,RE,Emilia-Romagna,8707
035016,Castelnovo ne' Monti,RE,Emilia-Romagna,10407
035017,Cavriago,RE,Emilia-Romagna,9947
035018,Canossa,RE,Emilia-Romagna,3796
035020,Correggio,RE,Emilia-Romagna,25234
035021,Fabbrico,RE,Emilia-Romagna,6931
035022,Gattatico,RE,Emilia-Romagna,5823
035023,Gualtieri,RE,Emilia-Romagna,6364
035024,Guastalla,RE,Emilia-Romagna,14675
035026,Luzzara,RE,Emilia-Romagna,8577
035027,Montecchio Emilia,RE,Emilia-Romagna,10441
035028,Novellara,RE,Emilia-Romagna,13406
035029,Poviglio,RE,Emilia-Romagna,7240
035030,Quattro Castella,RE,Emilia-Romagna,13226
035032,Reggiolo,RE,Emilia-Romagna,9318
035033,Reggio nell'Emilia,RE,Emilia-Romagna,172921
035034,Rio Saliceto,RE,Emilia-Romagna,6099
035035,Rolo,RE,Emilia-Romagna,4040
035036,Rubiera,RE,Emilia-Romagna,14522
035037,San Martino in Rio,RE,Emilia-Romagna,8246
035038,San Polo d'Enza,RE,Emilia-Romagna,6140
035039,Sant'Ilario d'Enza,RE,Emilia-Romagna,11423
035040,Scandiano,RE,Emilia-Romagna,25979
035041,Toano,RE,Emilia-Romagna,4189
035042,Vetto,RE,Emilia-Romagna,1802
035043,Vezzano sul Crostolo,RE,Emilia-Romagna,4433
035044,Viano,RE,Emilia-Romagna,3472
035045,Villa Minozzo,RE,Emilia-Romagna,3507
035046,Ventasso,RE,Emilia-Romagna,3824
036001,Bastiglia,MO,Emilia-Romagna,4244
036002,Bomporto,MO,Emilia-Romagna,10398
036003,Campogalliano,MO,Emilia-Romagna,8516
036004,Camposanto,MO,Emilia-Romagna,3397
036005,Carpi,MO,Emilia-Romagna,74041
036006,Castelfranco Emilia,MO,Emilia-Romagna,33625
036007,Castelnuovo Rangone,MO,Emilia-Romagna,15116
036008,Castelvetro di Modena,MO,Emilia-Romagna,10960
036009,Cavezzo,MO,Emilia-Romagna,7236
036010,Concordia sulla Secchia,MO,Emilia-Romagna,8541
036011,Fanano,MO,Emilia-Romagna,2984
036012,Finale Emilia,MO,Emilia-Romagna,15570
036013,Fiorano Modenese,MO,Emilia-Romagna,16610
036014,Fiumalbo,MO,Emilia-Romagna,1177
036015,Formigine,MO,Emilia-Romagna,34496
036016,Frassinoro,MO,Emilia-Romagna,1697
036017,Guiglia,MO,Emilia-Romagna,4356
036018,Lama Mocogno,MO,Emilia-Romagna,2679
036019,Maranello,MO,Emilia-Romagna,17360
036020,Marano sul Panaro,MO,Emilia-Romagna,5319
036021,Medolla,MO,Emilia-Romagna,6531
036022,Mirandola,MO,Emilia-Romagna,24921
036023,Modena,MO,Emilia-Romagna,184361
036024,Montecreto,MO,Emilia-Romagna,951
036025,Montefiorino,MO,Emilia-Romagna,2119
036026,Montese,MO,Emilia-Romagna,3374
036027,Nonantola,MO,Emilia-Romagna,16186
036028,Novi di Modena,MO,Emilia-Romagna,10413
036029,Palagano,MO,Emilia-Romagna,2034
036030,Pavullo nel Frignano,MO,Emilia-Romagna,18405
036031,Pievepelago,MO,Emilia-Romagna,2096
036032,Polinago,MO,Emilia-Romagna,1604
036033,Prignano sulla Secchia,MO,Emilia-Romagna,3898
036034,Ravarino,MO,Emilia-Romagna,6388
036035,Riolunato,MO,Emilia-Romagna,657
036036,San Cesario sul Panaro,MO,Emilia-Romagna,6676
036037,San Felice sul Panaro,MO,Emilia-Romagna,11049
036038,San Possidonio,MO,Emilia-Romagna,3577
036039,San Prospero,MO,Emilia-Romagna,6261
036040,Sassuolo,MO,Emilia-Romagna,41123
036041,Savignano sul Panaro,MO,Emilia-Romagna,9591
036042,Serramazzoni,MO,Emilia-Romagna,8980
036043,Sestola,MO,Emilia-Romagna,2401
036044,Soliera,MO,Emilia-Romagna,15460
036045,Spilamberto,MO,Emilia-Romagna,12968
036046,Vignola,MO,Emilia-Romagna,26310
036047,Zocca,MO,Emilia-Romagna,4846
037001,Anzola dell'Emilia,BO,Emilia-Romagna,12414
037002,Argelato,BO,Emilia-Romagna,9573
037003,Baricella,BO,Emilia-Romagna,7207
037005,Bentivoglio,BO,Emilia-Romagna,5855
037006,Bologna,BO,Emilia-Romagna,391473
037007,Borgo Tossignano,BO,Emilia-Romagna,3231
037008,Budrio,BO,Emilia-Romagna,18494
037009,Calderara di Reno,BO,Emilia-Romagna,13767
037010,Camugnano,BO,Emilia-Romagna,1911
037011,Casalecchio di Reno,BO,Emilia-Romagna,35359
037012,Casalfiumanese,BO,Emilia-Romagna,3361
037013,Castel d'Aiano,BO,Emilia-Romagna,1969
037014,Castel del Rio,BO,Emilia-Romagna,1224
037015,Castel di Casio,BO,Emilia-Romagna,3348
037016,Castel Guelfo di Bologna,BO,Emilia-Romagna,4473
037017,Castello d'Argile,BO,Emilia-Romagna,6694
037019,Castel Maggiore,BO,Emilia-Romagna,18479
037020,Castel San Pietro Terme,BO,Emilia-Romagna,20702
037021,Castenaso,BO,Emilia-Romagna,16670
037022,Castiglione dei Pepoli,BO,Emilia-Romagna,5499
037024,Crevalcore,BO,Emilia-Romagna,14210
037025,Dozza,BO,Emilia-Romagna,6513
037026,Fontanelice,BO,Emilia-Romagna,1910
037027,Gaggio Montano,BO,Emilia-Romagna,4931
037028,Galliera,BO,Emilia-Romagna,5776
037030,Granarolo dell'Emilia,BO,Emilia-Romagna,13117
037031,Grizzana Morandi,BO,Emilia-Romagna,3947
037032,Imola,BO,Emilia-Romagna,69702
037033,Lizzano in Belvedere,BO,Emilia-Romagna,2295
037034,Loiano,BO,Emilia-Romagna,4589
037035,Malalbergo,BO,Emilia-Romagna,9403
037036,Marzabotto,BO,Emilia-Romagna,6926
037037,Medicina,BO,Emilia-Romagna,16817
037038,Minerbio,BO,Emilia-Romagna,8959
037039,Molinella,BO,Emilia-Romagna,15910
037040,Monghidoro,BO,Emilia-Romagna,3934
037041,Monterenzio,BO,Emilia-Romagna,6169
037042,Monte San Pietro,BO,Emilia-Romagna,10845
037044,Monzuno,BO,Emilia-Romagna,6433
037045,Mordano,BO,Emilia-Romagna,4588
037046,Ozzano dell'Emilia,BO,Emilia-Romagna,14416
037047,Pianoro,BO,Emilia-Romagna,17852
037048,Pieve di Cento,BO,Emilia-Romagna,7431
037050,Sala Bolognese,BO,Emilia-Romagna,8451
037051,San Benedetto Val di Sambro,BO,Emilia-Romagna,4268
037052,San Giorgio di Piano,BO,Emilia-Romagna,9771
037053,San Giovanni in Persiceto,BO,Emilia-Romagna,28195
037054,San Lazzaro di Savena,BO,Emilia-Romagna,32950
037055,San Pietro in Casale,BO,Emilia-Romagna,13206
037056,Sant'Agata Bolognese,BO,Emilia-Romagna,7345
037057,Sasso Marconi,BO,Emilia-Romagna,14829
037059,Vergato,BO,Emilia-Romagna,7946
037060,Zola Predosa,BO,Emilia-Romagna,19516
037061,Valsamoggia,BO,Emilia-Romagna,32258
037062,Alto Reno Terme,BO,Emilia-Romagna,7179
038001,Argenta,FE,Emilia-Romagna,21295
038003,Bondeno,FE,Emilia-Romagna,14179
038004,Cento,FE,Emilia-Romagna,35836
038005,Codigoro,FE,Emilia-Romagna,10932
038006,Comacchio,FE,Emilia-Romagna,22003
038007,Copparo,FE,Emilia-Romagna,15657
038008,Ferrara,FE,Emilia-Romagna,129048
038010,Jolanda di Savoia,FE,Emilia-Romagna,2595
038011,Lagosanto,FE,Emilia-Romagna,4658
038012,Masi Torello,FE,Emilia-Romagna,2241
038014,Mesola,FE,Emilia-Romagna,6315
038017,Ostellato,FE,Emilia-Romagna,5609
038018,Poggio Renatico,FE,Emilia-Romagna,9720
038019,Portomaggiore,FE,Emilia-Romagna,12433
038022,Vigarano Mainarda,FE,Emilia-Romagna,7637
038023,Voghiera,FE,Emilia-Romagna,3594
038025,Goro,FE,Emilia-Romagna,3353
038027,Fiscaglia,FE,Emilia-Romagna,8563
038028,Terre del Reno,FE,Emilia-Romagna,10457
038029,Riva del Po,FE,Emilia-Romagna,7401
038030,Tresignana,FE,Emilia-Romagna,6956
039001,Alfonsine,RA,Emilia-Romagna,11667
039002,Bagnacavallo,RA,Emilia-Romagna,16519
039003,Bagnara di Romagna,RA,Emilia-Romagna,2317
039004,Brisighella,RA,Emilia-Romagna,7181
039005,Casola Valsenio,RA,Emilia-Romagna,2489
039006,Castel Bolognese,RA,Emilia-Romagna,9484
039007,Cervia,RA,Emilia-Romagna,29075
039008,Conselice,RA,Emilia-Romagna,9734
039009,Cotignola,RA,Emilia-Romagna,7337
039010,Faenza,RA,Emilia-Romagna,58750
039011,Fusignano,RA,Emilia-Romagna,8258
039012,Lugo,RA,Emilia-Romagna,32128
039013,Massa Lombarda,RA,Emilia-Romagna,10928
039014,Ravenna,RA,Emilia-Romagna,156475
039015,Riolo Terme,RA,Emilia-Romagna,5824
039016,Russi,RA,Emilia-Romagna,12282
039017,Sant'Agata sul Santerno,RA,Emilia-Romagna,2834
039018,Solarolo,RA,Emilia-Romagna,4461
040001,Bagno di Romagna,FC,Emilia-Romagna,5584
040003,Bertinoro,FC,Emilia-Romagna,11193
040004,Borghi,FC,Emilia-Romagna,2915
040005,Castrocaro Terme e Terra del Sole,FC,Emilia-Romagna,6530
040007,Cesena,FC,Emilia-Romagna,95620
040008,Cesenatico,FC,Emilia-Romagna,26042
040009,Civitella di Romagna,FC,Emilia-Romagna,3626
040011,Dovadola,FC,Emilia-Romagna,1591
040012,Forlì,FC,Emilia-Romagna,118053
040013,Forlimpopoli,FC,Emilia-Romagna,13140
040014,Galeata,FC,Emilia-Romagna,2556
040015,Gambettola,FC,Emilia-Romagna,10963
040016,Gatteo,FC,Emilia-Romagna,9469
040018,Longiano,FC,Emilia-Romagna,7194
040019,Meldola,FC,Emilia-Romagna,10037
040020,Mercato Saraceno,FC,Emilia-Romagna,6826
040022,Modigliana,FC,Emilia-Romagna,4301
040028,Montiano,FC,Emilia-Romagna,1695
040031,Portico e San Benedetto,FC,Emilia-Romagna,716
040032,Predappio,FC,Emilia-Romagna,6364
040033,Premilcuore,FC,Emilia-Romagna,675
040036,Rocca San Casciano,FC,Emilia-Romagna,1823
040037,Roncofreddo,FC,Emilia-Romagna,3558
040041,San Mauro Pascoli,FC,Emilia-Romagna,12458
040043,Santa Sofia,FC,Emilia-Romagna,4033
040044,Sarsina,FC,Emilia-Romagna,3287
040045,Savignano sul Rubicone,FC,Emilia-Romagna,18147
040046,Sogliano al Rubicone,FC,Emilia-Romagna,3145
040049,Tredozio,FC,Emilia-Romagna,1075
040050,Verghereto,FC,Emilia-Romagna,1721
041001,Acqualagna,PU,Marche,4153
041002,Apecchio,PU,Marche,1663
041005,Belforte all'Isauro,PU,Marche,728
041006,Borgo Pace,PU,Marche,520
041007,Cagli,PU,Marche,7878
041008,Cantiano,PU,Marche,1962
041009,Carpegna,PU,Marche,1674
041010,Cartoceto,PU,Marche,7955
041013,Fano,PU,Marche,59871
041014,Fermignano,PU,Marche,8268
041015,Fossombrone,PU,Marche,9028
041016,Fratte Rosa,PU,Marche,827
041017,Frontino,PU,Marche,290
041018,Frontone,PU,Marche,1192
041019,Gabicce Mare,PU,Marche,5411
041020,Gradara,PU,Marche,4899
041021,Isola del Piano,PU,Marche,517
041022,Lunano,PU,Marche,1412
041023,Macerata Feltria,PU,Marche,1880
041025,Mercatello sul Metauro,PU,Marche,1320
041026,Mercatino Conca,PU,Marche,1078
041027,Mombaroccio,PU,Marche,2156
041028,Mondavio,PU,Marche,3592
041029,Mondolfo,PU,Marche,14406
041030,Montecalvo in Foglia,PU,Marche,2779
041031,Monte Cerignone,PU,Marche,568
041034,Montefelcino,PU,Marche,2427
041035,Monte Grimano Terme,PU,Marche,1137
041036,Montelabbate,PU,Marche,7066
041038,Monte Porzio,PU,Marche,2852
041041,Peglio,PU,Marche,690
041043,Pergola,PU,Marche,5745
041044,Pesaro,PU,Marche,95270
041045,Petriano,PU,Marche,2814
041047,Piandimeleto,PU,Marche,2052
041048,Pietrarubbia,PU,Marche,652
041049,Piobbico,PU,Marche,1808
041051,San Costanzo,PU,Marche,4648
041054,San Lorenzo in Campo,PU,Marche,3157
041057,Sant'Angelo in Vado,PU,Marche,3905
041058,Sant'Ippolito,PU,Marche,1506
041061,Serra Sant'Abbondio,PU,Marche,846
041064,Tavoleto,PU,Marche,831
041065,Tavullia,PU,Marche,8018
041066,Urbania,PU,Marche,6888
041067,Urbino,PU,Marche,13868
041068,Vallefoglia,PU,Marche,14943
041069,Colli al Metauro,PU,Marche,12349
041070,Terre Roveresche,PU,Marche,5182
041071,Sassocorvaro Auditore,PU,Marche,4875
042001,Agugliano,AN,Marche,4632
042002,Ancona,AN,Marche,100151
042003,Arcevia,AN,Marche,4245
042004,Barbara,AN,Marche,1267
042005,Belvedere Ostrense,AN,Marche,2070
042006,Camerano,AN,Marche,6997
042007,Camerata Picena,AN,Marche,2481
042008,Castelbellino,AN,Marche,4905
042010,Castelfidardo,AN,Marche,18333
042011,Castelleone di Suasa,AN,Marche,1542
042012,Castelplanio,AN,Marche,3612
042013,Cerreto d'Esi,AN,Marche,3333
042014,Chiaravalle,AN,Marche,14179
042015,Corinaldo,AN,Marche,4729
042016,Cupramontana,AN,Marche,4321
042017,Fabriano,AN,Marche,28469
042018,Falconara Marittima,AN,Marche,26022
042019,Filottrano,AN,Marche,8849
042020,Genga,AN,Marche,1612
042021,Jesi,AN,Marche,39430
042022,Loreto,AN,Marche,13083
042023,Maiolati Spontini,AN,Marche,5927
042024,Mergo,AN,Marche,970
042025,Monsano,AN,Marche,3184
042026,Montecarotto,AN,Marche,1849
042027,Montemarciano,AN,Marche,9827
042029,Monte Roberto,AN,Marche,2992
042030,Monte San Vito,AN,Marche,6680
042031,Morro d'Alba,AN,Marche,1800
042032,Numana,AN,Marche,3737
042033,Offagna,AN,Marche,2117
042034,Osimo,AN,Marche,34780
042035,Ostra,AN,Marche,6216
042036,Ostra Vetere,AN,Marche,3042
042037,Poggio San Marcello,AN,Marche,683
042038,Polverigi,AN,Marche,4539
042040,Rosora,AN,Marche,1788
042041,San Marcello,AN,Marche,2006
042042,San Paolo di Jesi,AN,Marche,909
042043,Santa Maria Nuova,AN,Marche,3880
042044,Sassoferrato,AN,Marche,6797
042045,Senigallia,AN,Marche,43808
042046,Serra de' Conti,AN,Marche,3515
042047,Serra San Quirico,AN,Marche,2469
042048,Sirolo,AN,Marche,4090
042049,Staffolo,AN,Marche,2149
042050,Trecastelli,AN,Marche,7597
043002,Apiro,MC,Marche,2015
043003,Appignano,MC,Marche,4119
043004,Belforte del Chienti,MC,Marche,1829
043005,Bolognola,MC,Marche,148
043006,Caldarola,MC,Marche,1621
043007,Camerino,MC,Marche,5935
043008,Camporotondo di Fiastrone,MC,Marche,461
043009,Castelraimondo,MC,Marche,4180
043010,Castelsantangelo sul Nera,MC,Marche,207
043011,Cessapalombo,MC,Marche,409
043012,Cingoli,MC,Marche,9438
043013,Civitanova Marche,MC,Marche,41929
043014,Colmurano,MC,Marche,1121
043015,Corridonia,MC,Marche,14684
043016,Esanatoglia,MC,Marche,1877
043017,Fiastra,MC,Marche,600
043019,Fiuminata,MC,Marche,1194
043020,Gagliole,MC,Marche,513
043021,Gualdo,MC,Marche,700
043022,Loro Piceno,MC,Marche,2155
043023,Macerata,MC,Marche,40689
043024,Matelica,MC,Marche,9026
043025,Mogliano,MC,Marche,4245
043026,Montecassiano,MC,Marche,6694
043027,Monte Cavallo,MC,Marche,100
043028,Montecosaro,MC,Marche,7370
043029,Montefano,MC,Marche,3304
043030,Montelupone,MC,Marche,3380
043031,Monte San Giusto,MC,Marche,7411
043032,Monte San Martino,MC,Marche,668
043033,Morrovalle,MC,Marche,9773
043034,Muccia,MC,Marche,786
043035,Penna San Giovanni,MC,Marche,901
043036,Petriolo,MC,Marche,1821
043038,Pieve Torina,MC,Marche,1204
043039,Pioraco,MC,Marche,915
043040,Poggio San Vicino,MC,Marche,195
043041,Pollenza,MC,Marche,6149
043042,Porto Recanati,MC,Marche,12734
043043,Potenza Picena,MC,Marche,15470
043044,Recanati,MC,Marche,20558
043045,Ripe San Ginesio,MC,Marche,797
043046,San Ginesio,MC,Marche,3047
043047,San Severino Marche,MC,Marche,11793
043048,Sant'Angelo in Pontano,MC,Marche,1219
043049,Sarnano,MC,Marche,3058
043050,Sefro,MC,Marche,425
043051,Serrapetrona,MC,Marche,848
043052,Serravalle di Chienti,MC,Marche,1035
043053,Tolentino,MC,Marche,17439
043054,Treia,MC,Marche,9002
043055,Urbisaglia,MC,Marche,2363
043056,Ussita,MC,Marche,332
043057,Visso,MC,Marche,920
043058,Valfornace,MC,Marche,883
044001,Acquasanta Terme,AP,Marche,2411
044002,Acquaviva Picena,AP,Marche,3586
044005,Appignano del Tronto,AP,Marche,1641
044006,Arquata del Tronto,AP,Marche,910
044007,Ascoli Piceno,AP,Marche,45193
044010,Carassai,AP,Marche,1042
044011,Castel di Lama,AP,Marche,8412
044012,Castignano,AP,Marche,2511
044013,Castorano,AP,Marche,2274
044014,Colli del Tronto,AP,Marche,3681
044015,Comunanza,AP,Marche,2919
044016,Cossignano,AP,Marche,879
044017,Cupra Marittima,AP,Marche,5343
044020,Folignano,AP,Marche,8649
044021,Force,AP,Marche,1080
044023,Grottammare,AP,Marche,15913
044027,Maltignano,AP,Marche,2173
044029,Massignano,AP,Marche,1609
044031,Monsampolo del Tronto,AP,Marche,4379
044032,Montalto delle Marche,AP,Marche,1814
044034,Montedinove,AP,Marche,443
044036,Montefiore dell'Aso,AP,Marche,1946
044038,Montegallo,AP,Marche,364
044044,Montemonaco,AP,Marche,518
044045,Monteprandone,AP,Marche,13111
044054,Offida,AP,Marche,4569
044056,Palmiano,AP,Marche,150
044063,Ripatransone,AP,Marche,4105
044064,Roccafluvione,AP,Marche,1816
044065,Rotella,AP,Marche,764
044066,San Benedetto del Tronto,AP,Marche,46976
044071,Spinetoli,AP,Marche,7159
044073,Venarotta,AP,Marche,1862
045001,Aulla,MS,Toscana,10915
045002,Bagnone,MS,Toscana,1686
045003,Carrara,MS,Toscana,59723
045004,Casola in Lunigiana,MS,Toscana,901
045005,Comano,MS,Toscana,636
045006,Filattiera,MS,Toscana,2147
045007,Fivizzano,MS,Toscana,6886
045008,Fosdinovo,MS,Toscana,4580
045009,Licciana Nardi,MS,Toscana,4706
045010,Massa,MS,Toscana,65547
045011,Montignoso,MS,Toscana,10050
045012,Mulazzo,MS,Toscana,2269
045013,Podenzana,MS,Toscana,2153
045014,Pontremoli,MS,Toscana,6867
045015,Tresana,MS,Toscana,1880
045016,Villafranca in Lunigiana,MS,Toscana,4801
045017,Zeri,MS,Toscana,890
046001,Altopascio,LU,Toscana,16186
046002,Bagni di Lucca,LU,Toscana,5476
046003,Barga,LU,Toscana,9293
046004,Borgo a Mozzano,LU,Toscana,6683
046005,Camaiore,LU,Toscana,31763
046006,Camporgiano,LU,Toscana,1982
046007,Capannori,LU,Toscana,46739
046008,Careggine,LU,Toscana,487
046009,Castelnuovo di Garfagnana,LU,Toscana,5605
046010,Castiglione di Garfagnana,LU,Toscana,1685
046011,Coreglia Antelminelli,LU,Toscana,5075
046013,Forte dei Marmi,LU,Toscana,6550
046014,Fosciandora,LU,Toscana,553
046015,Gallicano,LU,Toscana,3592
046017,Lucca,LU,Toscana,88464
046018,Massarosa,LU,Toscana,21782
046019,Minucciano,LU,Toscana,1713
046020,Molazzana,LU,Toscana,953
046021,Montecarlo,LU,Toscana,4343
046022,Pescaglia,LU,Toscana,3154
046023,Piazza al Serchio,LU,Toscana,2031
046024,Pietrasanta,LU,Toscana,22678
046025,Pieve Fosciana,LU,Toscana,2184
046026,Porcari,LU,Toscana,8908
046027,San Romano in Garfagnana,LU,Toscana,1295
046028,Seravezza,LU,Toscana,12284
046030,Stazzema,LU,Toscana,2783
046031,Vagli Sotto,LU,Toscana,761
046033,Viareggio,LU,Toscana,60680
046034,Villa Basilica,LU,Toscana,1460
046035,Villa Collemandina,LU,Toscana,1155
046036,Fabbriche di Vergemoli,LU,Toscana,695
046037,Sillano Giuncugnano,LU,Toscana,965
047002,Agliana,PT,Toscana,17984
047003,Buggiano,PT,Toscana,8738
047005,Lamporecchio,PT,Toscana,7360
047006,Larciano,PT,Toscana,6341
047007,Marliana,PT,Toscana,3353
047008,Massa e Cozzile,PT,Toscana,7752
047009,Monsummano Terme,PT,Toscana,20863
047010,Montale,PT,Toscana,10463
047011,Montecatini-Terme,PT,Toscana,21805
047012,Pescia,PT,Toscana,19213
047013,Pieve a Nievole,PT,Toscana,9235
047014,Pistoia,PT,Toscana,89094
047016,Ponte Buggianese,PT,Toscana,8893
047017,Quarrata,PT,Toscana,27028
047018,Sambuca Pistoiese,PT,Toscana,1406
047020,Serravalle Pistoiese,PT,Toscana,11830
047021,Uzzano,PT,Toscana,5646
047022,Chiesina Uzzanese,PT,Toscana,4619
047023,Abetone Cutigliano,PT,Toscana,1834
047024,San Marcello Piteglio,PT,Toscana,7410
048001,Bagno a Ripoli,FI,Toscana,24806
048002,Barberino di Mugello,FI,Toscana,10981
048004,Borgo San Lorenzo,FI,Toscana,18412
048005,Calenzano,FI,Toscana,18008
048006,Campi Bisenzio,FI,Toscana,47435
048008,Capraia e Limite,FI,Toscana,7804
048010,Castelfiorentino,FI,Toscana,17488
048011,Cerreto Guidi,FI,Toscana,10659
048012,Certaldo,FI,Toscana,15731
048013,Dicomano,FI,Toscana,5610
048014,Empoli,FI,Toscana,49526
048015,Fiesole,FI,Toscana,13742
048017,Firenze,FI,Toscana,361625
048018,Firenzuola,FI,Toscana,4444
048019,Fucecchio,FI,Toscana,22919
048020,Gambassi Terme,FI,Toscana,4872
048021,Greve in Chianti,FI,Toscana,13365
048022,Impruneta,FI,Toscana,14186
048024,Lastra a Signa,FI,Toscana,19880
048025,Londa,FI,Toscana,1848
048026,Marradi,FI,Toscana,2808
048027,Montaione,FI,Toscana,3433
048028,Montelupo Fiorentino,FI,Toscana,14272
048030,Montespertoli,FI,Toscana,13197
048031,Palazzuolo sul Senio,FI,Toscana,1095
048032,Pelago,FI,Toscana,7966
048033,Pontassieve,FI,Toscana,20122
048035,Reggello,FI,Toscana,16555
048036,Rignano sull'Arno,FI,Toscana,8511
048037,Rufina,FI,Toscana,7103
048038,San Casciano in Val di Pesa,FI,Toscana,16288
048039,San Godenzo,FI,Toscana,1115
048041,Scandicci,FI,Toscana,49135
048043,Sesto Fiorentino,FI,Toscana,49237
048044,Signa,FI,Toscana,18990
048046,Vaglia,FI,Toscana,5371
048049,Vicchio,FI,Toscana,8164
048050,Vinci,FI,Toscana,14574
048052,Figline e Incisa Valdarno,FI,Toscana,23291
048053,Scarperia e San Piero,FI,Toscana,11943
048054,Barberino Tavarnelle,FI,Toscana,11983
049001,Bibbona,LI,Toscana,3172
049002,Campiglia Marittima,LI,Toscana,12235
049003,Campo nell'Elba,LI,Toscana,4629
049004,Capoliveri,LI,Toscana,3970
049005,Capraia Isola,LI,Toscana,347
049006,Castagneto Carducci,LI,Toscana,8639
049007,Cecina,LI,Toscana,28022
049008,Collesalvetti,LI,Toscana,16390
049009,Livorno,LI,Toscana,152451
049010,Marciana,LI,Toscana,2049
049011,Marciana Marina,LI,Toscana,1852
049012,Piombino,LI,Toscana,32374
049013,Porto Azzurro,LI,Toscana,3687
049014,Portoferraio,LI,Toscana,11748
049017,Rosignano Marittimo,LI,Toscana,30103
049018,San Vincenzo,LI,Toscana,6342
049019,Sassetta,LI,Toscana,554
049020,Suvereto,LI,Toscana,2902
049021,Rio,LI,Toscana,3427
050001,Bientina,PI,Toscana,8681
050002,Buti,PI,Toscana,5532
050003,Calci,PI,Toscana,6263
050004,Calcinaia,PI,Toscana,12824
050005,Capannoli,PI,Toscana,6339
050006,Casale Marittimo,PI,Toscana,1047
050008,Cascina,PI,Toscana,44816
050009,Castelfranco di Sotto,PI,Toscana,13752
050010,Castellina Marittima,PI,Toscana,1948
050011,Castelnuovo di Val di Cecina,PI,Toscana,2055
050012,Chianni,PI,Toscana,1276
050014,Fauglia,PI,Toscana,3655
050015,Guardistallo,PI,Toscana,1201
050016,Lajatico,PI,Toscana,1252
050019,Montecatini Val di Cecina,PI,Toscana,1689
050020,Montescudaio,PI,Toscana,2192
050021,Monteverdi Marittimo,PI,Toscana,769
050022,Montopoli in Val d'Arno,PI,Toscana,11261
050023,Orciano Pisano,PI,Toscana,635
050024,Palaia,PI,Toscana,4562
050025,Peccioli,PI,Toscana,4635
050026,Pisa,PI,Toscana,90146
050027,Pomarance,PI,Toscana,5254
050028,Ponsacco,PI,Toscana,15693
050029,Pontedera,PI,Toscana,30028
050030,Riparbella,PI,Toscana,1692
050031,San Giuliano Terme,PI,Toscana,30867
050032,San Miniato,PI,Toscana,27769
050033,Santa Croce sull'Arno,PI,Toscana,15114
050034,Santa Luce,PI,Toscana,1580
050035,Santa Maria a Monte,PI,Toscana,13473
050036,Terricciola,PI,Toscana,4373
050037,Vecchiano,PI,Toscana,11822
050038,Vicopisano,PI,Toscana,8582
050039,Volterra,PI,Toscana,9362
050040,Casciana Terme Lari,PI,Toscana,12110
050041,Crespina Lorenzana,PI,Toscana,5339
051001,Anghiari,AR,Toscana,5343
051002,Arezzo,AR,Toscana,96506
051003,Badia Tedalda,AR,Toscana,941
051004,Bibbiena,AR,Toscana,11971
051005,Bucine,AR,Toscana,9906
051006,Capolona,AR,Toscana,5203
051007,Caprese Michelangelo,AR,Toscana,1325
051008,Castel Focognano,AR,Toscana,2931
051010,Castel San Niccolò,AR,Toscana,2493
051011,Castiglion Fibocchi,AR,Toscana,2122
051012,Castiglion Fiorentino,AR,Toscana,12823
051013,Cavriglia,AR,Toscana,9504
051014,Chitignano,AR,Toscana,872
051015,Chiusi della Verna,AR,Toscana,1892
051016,Civitella in Val di Chiana,AR,Toscana,8608
051017,Cortona,AR,Toscana,20725
051018,Foiano della Chiana,AR,Toscana,9026
051020,Loro Ciuffenna,AR,Toscana,5874
051021,Lucignano,AR,Toscana,3394
051022,Marciano della Chiana,AR,Toscana,3517
051023,Montemignaio,AR,Toscana,495
051024,Monterchi,AR,Toscana,1719
051025,Monte San Savino,AR,Toscana,8588
051026,Montevarchi,AR,Toscana,24044
051027,Ortignano Raggiolo,AR,Toscana,834
051030,Pieve Santo Stefano,AR,Toscana,2966
051031,Poppi,AR,Toscana,5732
051033,San Giovanni Valdarno,AR,Toscana,16564
051034,Sansepolcro,AR,Toscana,15192
051035,Sestino,AR,Toscana,1150
051037,Subbiano,AR,Toscana,6405
051038,Talla,AR,Toscana,964
051039,Terranuova Bracciolini,AR,Toscana,12135
051040,Castelfranco Piandiscò,AR,Toscana,9808
051041,Pratovecchio Stia,AR,Toscana,5406
051042,Laterina Pergine Valdarno,AR,Toscana,6291
052001,Abbadia San Salvatore,SI,Toscana,6117
052002,Asciano,SI,Toscana,6782
052003,Buonconvento,SI,Toscana,2936
052004,Casole d'Elsa,SI,Toscana,3669
052005,Castellina in Chianti,SI,Toscana,2591
052006,Castelnuovo Berardenga,SI,Toscana,8764
052007,Castiglione d'Orcia,SI,Toscana,2046
052008,Cetona,SI,Toscana,2441
052009,Chianciano Terme,SI,Toscana,7143
052010,Chiusdino,SI,Toscana,1704
052011,Chiusi,SI,Toscana,8052
052012,Colle di Val d'Elsa,SI,Toscana,21665
052013,Gaiole in Chianti,SI,Toscana,2460
052015,Montepulciano,SI,Toscana,13017
052016,Monteriggioni,SI,Toscana,10063
052017,Monteroni d'Arbia,SI,Toscana,9019
052018,Monticiano,SI,Toscana,1636
052019,Murlo,SI,Toscana,2475
052020,Piancastagnaio,SI,Toscana,3839
052021,Pienza,SI,Toscana,1900
052022,Poggibonsi,SI,Toscana,28048
052023,Radda in Chianti,SI,Toscana,1431
052024,Radicofani,SI,Toscana,1024
052025,Radicondoli,SI,Toscana,969
052026,Rapolano Terme,SI,Toscana,5103
052027,San Casciano dei Bagni,SI,Toscana,1417
052028,San Gimignano,SI,Toscana,7463
052030,San Quirico d'Orcia,SI,Toscana,2530
052031,Sarteano,SI,Toscana,4494
052032,Siena,SI,Toscana,53180
052033,Sinalunga,SI,Toscana,12093
052034,Sovicille,SI,Toscana,9844
052035,Torrita di Siena,SI,Toscana,6942
052036,Trequanda,SI,Toscana,1115
052037,Montalcino,SI,Toscana,5530
053001,Arcidosso,GR,Toscana,4341
053002,Campagnatico,GR,Toscana,2345
053003,Capalbio,GR,Toscana,3660
053004,Castel del Piano,GR,Toscana,4803
053005,Castell'Azzara,GR,Toscana,1254
053006,Castiglione della Pescaia,GR,Toscana,7056
053007,Cinigiano,GR,Toscana,2466
053008,Civitella Paganico,GR,Toscana,2953
053009,Follonica,GR,Toscana,20000
053010,Gavorrano,GR,Toscana,8356
053011,Grosseto,GR,Toscana,81275
053012,Isola del Giglio,GR,Toscana,1279
053013,Magliano in Toscana,GR,Toscana,3249
053014,Manciano,GR,Toscana,6850
053015,Massa Marittima,GR,Toscana,8197
053016,Monte Argentario,GR,Toscana,11605
053017,Montieri,GR,Toscana,1189
053018,Orbetello,GR,Toscana,13917
053019,Pitigliano,GR,Toscana,3515
053020,Roccalbegna,GR,Toscana,909
053021,Roccastrada,GR,Toscana,8767
053022,Santa Fiora,GR,Toscana,2504
053023,Scansano,GR,Toscana,4360
053024,Scarlino,GR,Toscana,3680
053025,Seggiano,GR,Toscana,1054
053026,Sorano,GR,Toscana,2983
053027,Monterotondo Marittimo,GR,Toscana,1274
053028,Semproniano,GR,Toscana,1022
054001,Assisi,PG,Umbria,27400
054002,Bastia Umbra,PG,Umbria,21497
054003,Bettona,PG,Umbria,4247
054004,Bevagna,PG,Umbria,4736
054005,Campello sul Clitunno,PG,Umbria,2311
054006,Cannara,PG,Umbria,4169
054007,Cascia,PG,Umbria,2930
054008,Castel Ritaldi,PG,Umbria,2994
054009,Castiglione del Lago,PG,Umbria,15202
054010,Cerreto di Spoleto,PG,Umbria,961
054011,Citerna,PG,Umbria,3383
054012,Città della Pieve,PG,Umbria,7377
054013,Città di Castello,PG,Umbria,37847
054014,Collazzone,PG,Umbria,3284
054015,Corciano,PG,Umbria,21603
054016,Costacciaro,PG,Umbria,1020
054017,Deruta,PG,Umbria,9562
054018,Foligno,PG,Umbria,55262
054019,Fossato di Vico,PG,Umbria,2585
054020,Fratta Todina,PG,Umbria,1913
054021,Giano dell'Umbria,PG,Umbria,3669
054022,Gualdo Cattaneo,PG,Umbria,5628
054023,Gualdo Tadino,PG,Umbria,14133
054024,Gubbio,PG,Umbria,30190
054025,Lisciano Niccone,PG,Umbria,602
054026,Magione,PG,Umbria,14662
054027,Marsciano,PG,Umbria,17962
054028,Massa Martana,PG,Umbria,3553
054029,Monte Castello di Vibio,PG,Umbria,1378
054030,Montefalco,PG,Umbria,5266
054031,Monteleone di Spoleto,PG,Umbria,535
054032,Monte Santa Maria Tiberina,PG,Umbria,1045
054033,Montone,PG,Umbria,1534
054034,Nocera Umbra,PG,Umbria,5474
054035,Norcia,PG,Umbria,4399
054036,Paciano,PG,Umbria,923
054037,Panicale,PG,Umbria,5317
054038,Passignano sul Trasimeno,PG,Umbria,5686
054039,Perugia,PG,Umbria,162384
054040,Piegaro,PG,Umbria,3321
054041,Pietralunga,PG,Umbria,2010
054042,Poggiodomo,PG,Umbria,81
054043,Preci,PG,Umbria,678
054044,San Giustino,PG,Umbria,11020
054045,Sant'Anatolia di Narco,PG,Umbria,490
054046,Scheggia e Pascelupo,PG,Umbria,1231
054047,Scheggino,PG,Umbria,422
054048,Sellano,PG,Umbria,918
054049,Sigillo,PG,Umbria,2282
054050,Spello,PG,Umbria,8208
054051,Spoleto,PG,Umbria,35875
054052,Todi,PG,Umbria,15432
054053,Torgiano,PG,Umbria,6628
054054,Trevi,PG,Umbria,7969
054055,Tuoro sul Trasimeno,PG,Umbria,3793
054056,Umbertide,PG,Umbria,16207
054057,Valfabbrica,PG,Umbria,3225
054058,Vallo di Nera,PG,Umbria,317
054059,Valtopina,PG,Umbria,1258
055001,Acquasparta,TR,Umbria,4330
055002,Allerona,TR,Umbria,1679
055003,Alviano,TR,Umbria,1318
055004,Amelia,TR,Umbria,11404
055005,Arrone,TR,Umbria,2504
055006,Attigliano,TR,Umbria,1962
055007,Baschi,TR,Umbria,2544
055008,Calvi dell'Umbria,TR,Umbria,1660
055009,Castel Giorgio,TR,Umbria,1992
055010,Castel Viscardo,TR,Umbria,2640
055011,Fabro,TR,Umbria,2570
055012,Ferentillo,TR,Umbria,1767
055013,Ficulle,TR,Umbria,1548
055014,Giove,TR,Umbria,1829
055015,Guardea,TR,Umbria,1714
055016,Lugnano in Teverina,TR,Umbria,1390
055017,Montecastrilli,TR,Umbria,4787
055018,Montecchio,TR,Umbria,1427
055019,Montefranco,TR,Umbria,1243
055020,Montegabbione,TR,Umbria,1095
055021,Monteleone d'Orvieto,TR,Umbria,1357
055022,Narni,TR,Umbria,17626
055023,Orvieto,TR,Umbria,19052
055024,Otricoli,TR,Umbria,1717
055025,Parrano,TR,Umbria,492
055026,Penna in Teverina,TR,Umbria,1024
055027,Polino,TR,Umbria,233
055028,Porano,TR,Umbria,1816
055029,San Gemini,TR,Umbria,4611
055030,San Venanzo,TR,Umbria,2122
055031,Stroncone,TR,Umbria,4606
055032,Terni,TR,Umbria,106272
055033,Avigliano Umbro,TR,Umbria,2308
056001,Acquapendente,VT,Lazio,5222
056002,Arlena di Castro,VT,Lazio,791
056003,Bagnoregio,VT,Lazio,3258
056004,Barbarano Romano,VT,Lazio,980
056005,Bassano Romano,VT,Lazio,4680
056006,Bassano in Teverina,VT,Lazio,1272
056007,Blera,VT,Lazio,2895
056008,Bolsena,VT,Lazio,3649
056009,Bomarzo,VT,Lazio,1695
056010,Calcata,VT,Lazio,905
056011,Canepina,VT,Lazio,2900
056012,Canino,VT,Lazio,5029
056013,Capodimonte,VT,Lazio,1647
056014,Capranica,VT,Lazio,6351
056015,Caprarola,VT,Lazio,5160
056016,Carbognano,VT,Lazio,1951
056017,Castel Sant'Elia,VT,Lazio,2411
056018,Castiglione in Teverina,VT,Lazio,2289
056019,Celleno,VT,Lazio,1315
056020,Cellere,VT,Lazio,1087
056021,Civita Castellana,VT,Lazio,15011
056022,Civitella d'Agliano,VT,Lazio,1444
056023,Corchiano,VT,Lazio,3531
056024,Fabrica di Roma,VT,Lazio,8167
056025,Faleria,VT,Lazio,2024
056026,Farnese,VT,Lazio,1337
056027,Gallese,VT,Lazio,2551
056028,Gradoli,VT,Lazio,1220
056029,Graffignano,VT,Lazio,2058
056030,Grotte di Castro,VT,Lazio,2374
056031,Ischia di Castro,VT,Lazio,2107
056032,Latera,VT,Lazio,772
056033,Lubriano,VT,Lazio,841
056034,Marta,VT,Lazio,3211
056035,Montalto di Castro,VT,Lazio,8679
056036,Montefiascone,VT,Lazio,12979
056037,Monte Romano,VT,Lazio,1847
056038,Monterosi,VT,Lazio,4789
056039,Nepi,VT,Lazio,9550
056040,Onano,VT,Lazio,865
056041,Oriolo Romano,VT,Lazio,3673
056042,Orte,VT,Lazio,9243
056043,Piansano,VT,Lazio,2039
056044,Proceno,VT,Lazio,521
056045,Ronciglione,VT,Lazio,8439
056046,Villa San Giovanni in Tuscia,VT,Lazio,1212
056047,San Lorenzo Nuovo,VT,Lazio,2029
056048,Soriano nel Cimino,VT,Lazio,7888
056049,Sutri,VT,Lazio,6764
056050,Tarquinia,VT,Lazio,15862
056051,Tessennano,VT,Lazio,283
056052,Tuscania,VT,Lazio,8088
056053,Valentano,VT,Lazio,2854
056054,Vallerano,VT,Lazio,2349
056055,Vasanello,VT,Lazio,3959
056056,Vejano,VT,Lazio,2147
056057,Vetralla,VT,Lazio,13370
056058,Vignanello,VT,Lazio,4260
056059,Viterbo,VT,Lazio,66767
056060,Vitorchiano,VT,Lazio,5221
057001,Accumoli,RI,Lazio,493
057002,Amatrice,RI,Lazio,2146
057003,Antrodoco,RI,Lazio,2238
057004,Ascrea,RI,Lazio,195
057005,Belmonte in Sabina,RI,Lazio,653
057006,Borbona,RI,Lazio,573
057007,Borgorose,RI,Lazio,4210
057008,Borgo Velino,RI,Lazio,901
057009,Cantalice,RI,Lazio,2386
057010,Cantalupo in Sabina,RI,Lazio,1657
057011,Casaprota,RI,Lazio,678
057012,Casperia,RI,Lazio,1215
057013,Castel di Tora,RI,Lazio,271
057014,Castelnuovo di Farfa,RI,Lazio,987
057015,Castel Sant'Angelo,RI,Lazio,1156
057016,Cittaducale,RI,Lazio,6400
057017,Cittareale,RI,Lazio,374
057018,Collalto Sabino,RI,Lazio,369
057019,Colle di Tora,RI,Lazio,348
057020,Collegiove,RI,Lazio,133
057021,Collevecchio,RI,Lazio,1575
057022,Colli sul Velino,RI,Lazio,465
057023,Concerviano,RI,Lazio,282
057024,Configni,RI,Lazio,556
057025,Contigliano,RI,Lazio,3657
057026,Cottanello,RI,Lazio,517
057027,Fara in Sabina,RI,Lazio,13968
057028,Fiamignano,RI,Lazio,1151
057029,Forano,RI,Lazio,3230
057030,Frasso Sabino,RI,Lazio,733
057031,Greccio,RI,Lazio,1448
057032,Labro,RI,Lazio,342
057033,Leonessa,RI,Lazio,2019
057034,Longone Sabino,RI,Lazio,510
057035,Magliano Sabina,RI,Lazio,3457
057036,Marcetelli,RI,Lazio,53
057037,Micigliano,RI,Lazio,119
057038,Mompeo,RI,Lazio,504
057039,Montasola,RI,Lazio,398
057040,Montebuono,RI,Lazio,844
057041,Monteleone Sabino,RI,Lazio,1128
057042,Montenero Sabino,RI,Lazio,268
057043,Monte San Giovanni in Sabina,RI,Lazio,664
057044,Montopoli di Sabina,RI,Lazio,4109
057045,Morro Reatino,RI,Lazio,334
057046,Nespolo,RI,Lazio,207
057047,Orvinio,RI,Lazio,379
057048,Paganico Sabino,RI,Lazio,155
057049,Pescorocchiano,RI,Lazio,1797
057050,Petrella Salto,RI,Lazio,1014
057051,Poggio Bustone,RI,Lazio,1957
057052,Poggio Catino,RI,Lazio,1303
057053,Poggio Mirteto,RI,Lazio,6081
057054,Poggio Moiano,RI,Lazio,2795
057055,Poggio Nativo,RI,Lazio,2582
057056,Poggio San Lorenzo,RI,Lazio,563
057057,Posta,RI,Lazio,518
057058,Pozzaglia Sabina,RI,Lazio,303
057059,Rieti,RI,Lazio,44866
057060,Rivodutri,RI,Lazio,1121
057061,Roccantica,RI,Lazio,542
057062,Rocca Sinibalda,RI,Lazio,801
057063,Salisano,RI,Lazio,462
057064,Scandriglia,RI,Lazio,3347
057065,Selci,RI,Lazio,1117
057066,Stimigliano,RI,Lazio,2205
057067,Tarano,RI,Lazio,1369
057068,Toffia,RI,Lazio,1050
057069,Torricella in Sabina,RI,Lazio,1283
057070,Torri in Sabina,RI,Lazio,1209
057071,Turania,RI,Lazio,233
057072,Vacone,RI,Lazio,214
057073,Varco Sabino,RI,Lazio,148
058001,Affile,RM,Lazio,1403
058002,Agosta,RM,Lazio,1679
058003,Albano Laziale,RM,Lazio,39706
058004,Allumiere,RM,Lazio,3772
058005,Anguillara Sabazia,RM,Lazio,19037
058006,Anticoli Corrado,RM,Lazio,841
058007,Anzio,RM,Lazio,60063
058008,Arcinazzo Romano,RM,Lazio,1245
058009,Ariccia,RM,Lazio,17938
058010,Arsoli,RM,Lazio,1347
058011,Artena,RM,Lazio,13676
058012,Bellegra,RM,Lazio,2578
058013,Bracciano,RM,Lazio,18349
058014,Camerata Nuova,RM,Lazio,403
058015,Campagnano di Roma,RM,Lazio,10987
058016,Canale Monterano,RM,Lazio,4164
058017,Canterano,RM,Lazio,343
058018,Capena,RM,Lazio,11071
058019,Capranica Prenestina,RM,Lazio,310
058020,Carpineto Romano,RM,Lazio,3911
058021,Casape,RM,Lazio,610
058022,Castel Gandolfo,RM,Lazio,8536
058023,Castel Madama,RM,Lazio,7022
058024,Castelnuovo di Porto,RM,Lazio,8610
058025,Castel San Pietro Romano,RM,Lazio,838
058026,Cave,RM,Lazio,10935
058027,Cerreto Laziale,RM,Lazio,1075
058028,Cervara di Roma,RM,Lazio,453
058029,Cerveteri,RM,Lazio,38206
058030,Ciciliano,RM,Lazio,1248
058031,Cineto Romano,RM,Lazio,579
058032,Civitavecchia,RM,Lazio,51359
058033,Civitella San Paolo,RM,Lazio,2046
058034,Colleferro,RM,Lazio,20381
058035,Colonna,RM,Lazio,4226
058036,Fiano Romano,RM,Lazio,16893
058037,Filacciano,RM,Lazio,481
058038,Formello,RM,Lazio,13925
058039,Frascati,RM,Lazio,22948
058040,Gallicano nel Lazio,RM,Lazio,6578
058041,Gavignano,RM,Lazio,1854
058042,Genazzano,RM,Lazio,5737
058043,Genzano di Roma,RM,Lazio,22329
058044,Gerano,RM,Lazio,1110
058045,Gorga,RM,Lazio,649
058046,Grottaferrata,RM,Lazio,20345
058047,Guidonia Montecelio,RM,Lazio,89420
058048,Jenne,RM,Lazio,324
058049,Labico,RM,Lazio,6409
058050,Lanuvio,RM,Lazio,12897
058051,Licenza,RM,Lazio,988
058052,Magliano Romano,RM,Lazio,1379
058053,Mandela,RM,Lazio,931
058054,Manziana,RM,Lazio,7838
058055,Marano Equo,RM,Lazio,757
058056,Marcellina,RM,Lazio,7160
058057,Marino,RM,Lazio,46667
058058,Mazzano Romano,RM,Lazio,2935
058059,Mentana,RM,Lazio,22615
058060,Monte Compatri,RM,Lazio,11633
058061,Monteflavio,RM,Lazio,1150
058062,Montelanico,RM,Lazio,2003
058063,Montelibretti,RM,Lazio,5098
058064,Monte Porzio Catone,RM,Lazio,8597
058065,Monterotondo,RM,Lazio,41185
058066,Montorio Romano,RM,Lazio,1908
058067,Moricone,RM,Lazio,2373
058068,Morlupo,RM,Lazio,8553
058069,Nazzano,RM,Lazio,1298
058070,Nemi,RM,Lazio,1854
058071,Nerola,RM,Lazio,1961
058072,Nettuno,RM,Lazio,48111
058073,Olevano Romano,RM,Lazio,6292
058074,Palestrina,RM,Lazio,22110
058075,Palombara Sabina,RM,Lazio,13157
058076,Percile,RM,Lazio,213
058077,Pisoniano,RM,Lazio,711
058078,Poli,RM,Lazio,2233
058079,Pomezia,RM,Lazio,64970
058080,Ponzano Romano,RM,Lazio,1265
058081,Riano,RM,Lazio,10494
058082,Rignano Flaminio,RM,Lazio,10170
058083,Riofreddo,RM,Lazio,750
058084,Rocca Canterano,RM,Lazio,170
058085,Rocca di Cave,RM,Lazio,364
058086,Rocca di Papa,RM,Lazio,17989
058087,Roccagiovine,RM,Lazio,246
058088,Rocca Priora,RM,Lazio,12130
058089,Rocca Santo Stefano,RM,Lazio,906
058090,Roiate,RM,Lazio,639
058091,Roma,RM,Lazio,2745062
058092,Roviano,RM,Lazio,1232
058093,Sacrofano,RM,Lazio,7512
058094,Sambuci,RM,Lazio,833
058095,San Gregorio da Sassola,RM,Lazio,1385
058096,San Polo dei Cavalieri,RM,Lazio,2804
058097,Santa Marinella,RM,Lazio,18445
058098,Sant'Angelo Romano,RM,Lazio,5066
058099,Sant'Oreste,RM,Lazio,3398
058100,San Vito Romano,RM,Lazio,3012
058101,Saracinesco,RM,Lazio,177
058102,Segni,RM,Lazio,8961
058103,Subiaco,RM,Lazio,8527
058104,Tivoli,RM,Lazio,55321
058105,Tolfa,RM,Lazio,4691
058106,Torrita Tiberina,RM,Lazio,1116
058107,Trevignano Romano,RM,Lazio,5755
058108,Vallepietra,RM,Lazio,223
058109,Vallinfreda,RM,Lazio,260
058110,Valmontone,RM,Lazio,15654
058111,Velletri,RM,Lazio,53048
058112,Vicovaro,RM,Lazio,3520
058113,Vivaro Romano,RM,Lazio,150
058114,Zagarolo,RM,Lazio,18963
058115,Lariano,RM,Lazio,13297
058116,Ladispoli,RM,Lazio,40968
058117,Ardea,RM,Lazio,51374
058118,Ciampino,RM,Lazio,38913
058119,San Cesareo,RM,Lazio,16383
058120,Fiumicino,RM,Lazio,83415
058122,Fonte Nuova,RM,Lazio,32787
059001,Aprilia,LT,Lazio,74697
059002,Bassiano,LT,Lazio,1432
059003,Campodimele,LT,Lazio,545
059004,Castelforte,LT,Lazio,4010
059005,Cisterna di Latina,LT,Lazio,36255
059006,Cori,LT,Lazio,10465
059007,Fondi,LT,Lazio,40310
059008,Formia,LT,Lazio,36775
059009,Gaeta,LT,Lazio,18908
059010,Itri,LT,Lazio,10579
059011,Latina,LT,Lazio,127450
059012,Lenola,LT,Lazio,4095
059013,Maenza,LT,Lazio,2956
059014,Minturno,LT,Lazio,20400
059015,Monte San Biagio,LT,Lazio,6028
059016,Norma,LT,Lazio,3723
059017,Pontinia,LT,Lazio,15084
059018,Ponza,LT,Lazio,3295
059019,Priverno,LT,Lazio,13694
059020,Prossedi,LT,Lazio,1112
059021,Roccagorga,LT,Lazio,4087
059022,Rocca Massima,LT,Lazio,1127
059023,Roccasecca dei Volsci,LT,Lazio,1060
059024,Sabaudia,LT,Lazio,19326
059025,San Felice Circeo,LT,Lazio,10089
059026,Santi Cosma e Damiano,LT,Lazio,6878
059027,Sermoneta,LT,Lazio,9951
059028,Sezze,LT,Lazio,23766
059029,Sonnino,LT,Lazio,7465
059030,Sperlonga,LT,Lazio,2990
059031,Spigno Saturnia,LT,Lazio,2845
059032,Terracina,LT,Lazio,45055
059033,Ventotene,LT,Lazio,678
060001,Acquafondata,FR,Lazio,253
060002,Acuto,FR,Lazio,1779
060003,Alatri,FR,Lazio,27436
060004,Alvito,FR,Lazio,2434
060005,Amaseno,FR,Lazio,4029
060006,Anagni,FR,Lazio,20630
060007,Aquino,FR,Lazio,4898
060008,Arce,FR,Lazio,5376
060009,Arnara,FR,Lazio,2136
060010,Arpino,FR,Lazio,6512
060011,Atina,FR,Lazio,4079
060012,Ausonia,FR,Lazio,2405
060013,Belmonte Castello,FR,Lazio,657
060014,Boville Ernica,FR,Lazio,8214
060015,Broccostella,FR,Lazio,2609
060016,Campoli Appennino,FR,Lazio,1596
060017,Casalattico,FR,Lazio,515
060018,Casalvieri,FR,Lazio,2385
060019,Cassino,FR,Lazio,34760
060020,Castelliri,FR,Lazio,3089
060021,Castelnuovo Parano,FR,Lazio,827
060022,Castrocielo,FR,Lazio,3727
060023,Castro dei Volsci,FR,Lazio,4337
060024,Ceccano,FR,Lazio,21962
060025,Ceprano,FR,Lazio,7940
060026,Cervaro,FR,Lazio,7708
060027,Colfelice,FR,Lazio,1747
060028,Collepardo,FR,Lazio,855
060029,Colle San Magno,FR,Lazio,603
060030,Coreno Ausonio,FR,Lazio,1464
060031,Esperia,FR,Lazio,3545
060032,Falvaterra,FR,Lazio,503
060033,Ferentino,FR,Lazio,19902
060034,Filettino,FR,Lazio,533
060035,Fiuggi,FR,Lazio,10180
060036,Fontana Liri,FR,Lazio,2589
060037,Fontechiari,FR,Lazio,1191
060038,Frosinone,FR,Lazio,42836
060039,Fumone,FR,Lazio,1929
060040,Gallinaro,FR,Lazio,1164
060041,Giuliano di Roma,FR,Lazio,2310
060042,Guarcino,FR,Lazio,1488
060043,Isola del Liri,FR,Lazio,10517
060044,Monte San Giovanni Campano,FR,Lazio,11794
060045,Morolo,FR,Lazio,3114
060046,Paliano,FR,Lazio,7852
060047,Pastena,FR,Lazio,1248
060048,Patrica,FR,Lazio,3049
060049,Pescosolido,FR,Lazio,1372
060050,Picinisco,FR,Lazio,1106
060051,Pico,FR,Lazio,2554
060052,Piedimonte San Germano,FR,Lazio,6326
060053,Piglio,FR,Lazio,4248
060054,Pignataro Interamna,FR,Lazio,2374
060055,Pofi,FR,Lazio,3847
060056,Pontecorvo,FR,Lazio,12067
060057,Posta Fibreno,FR,Lazio,1035
060058,Ripi,FR,Lazio,4991
060059,Rocca d'Arce,FR,Lazio,835
060060,Roccasecca,FR,Lazio,6671
060061,San Biagio Saracinisco,FR,Lazio,289
060062,San Donato Val di Comino,FR,Lazio,1852
060063,San Giorgio a Liri,FR,Lazio,2927
060064,San Giovanni Incarico,FR,Lazio,2966
060065,Sant'Ambrogio sul Garigliano,FR,Lazio,865
060066,Sant'Andrea del Garigliano,FR,Lazio,1263
060067,Sant'Apollinare,FR,Lazio,1765
060068,Sant'Elia Fiumerapido,FR,Lazio,5549
060069,Santopadre,FR,Lazio,1175
060070,San Vittore del Lazio,FR,Lazio,2339
060071,Serrone,FR,Lazio,2935
060072,Settefrati,FR,Lazio,700
060073,Sgurgola,FR,Lazio,2380
060074,Sora,FR,Lazio,24672
060075,Strangolagalli,FR,Lazio,2253
060076,Supino,FR,Lazio,4557
060077,Terelle,FR,Lazio,263
060078,Torre Cajetani,FR,Lazio,1317
060079,Torrice,FR,Lazio,4648
060080,Trevi nel Lazio,FR,Lazio,1699
060081,Trivigliano,FR,Lazio,1594
060082,Vallecorsa,FR,Lazio,2323
060083,Vallemaio,FR,Lazio,881
060084,Vallerotonda,FR,Lazio,1365
060085,Veroli,FR,Lazio,19402
060086,Vicalvi,FR,Lazio,694
060087,Vico nel Lazio,FR,Lazio,2050
060088,Villa Latina,FR,Lazio,1129
060089,Villa Santa Lucia,FR,Lazio,2436
060090,Villa Santo Stefano,FR,Lazio,1564
060091,Viticuso,FR,Lazio,282
061001,Ailano,CE,Campania,1127
061002,Alife,CE,Campania,7249
061003,Alvignano,CE,Campania,4433
061004,Arienzo,CE,Campania,5399
061005,Aversa,CE,Campania,48860
061006,Baia e Latina,CE,Campania,1982
061007,Bellona,CE,Campania,6055
061008,Caianello,CE,Campania,1825
061009,Caiazzo,CE,Campania,5077
061010,Calvi Risorta,CE,Campania,5380
061011,Camigliano,CE,Campania,1971
061012,Cancello ed Arnone,CE,Campania,5783
061013,Capodrise,CE,Campania,10003
061014,Capriati a Volturno,CE,Campania,1381
061015,Capua,CE,Campania,18017
061016,Carinaro,CE,Campania,7182
061017,Carinola,CE,Campania,7042
061018,Casagiove,CE,Campania,12833
061019,Casal di Principe,CE,Campania,22004
061020,Casaluce,CE,Campania,9396
061021,Casapulla,CE,Campania,8264
061022,Caserta,CE,Campania,72757
061023,Castel Campagnano,CE,Campania,1415
061024,Castel di Sasso,CE,Campania,995
061025,Castello del Matese,CE,Campania,1322
061026,Castel Morrone,CE,Campania,3574
061027,Castel Volturno,CE,Campania,31230
061028,Cervino,CE,Campania,4719
061029,Cesa,CE,Campania,9848
061030,Ciorlano,CE,Campania,347
061031,Conca della Campania,CE,Campania,1126
061032,Curti,CE,Campania,6617
061033,Dragoni,CE,Campania,1862
061034,Fontegreca,CE,Campania,737
061035,Formicola,CE,Campania,1393
061036,Francolise,CE,Campania,4661
061037,Frignano,CE,Campania,8974
061038,Gallo Matese,CE,Campania,439
061039,Galluccio,CE,Campania,1987
061040,Giano Vetusto,CE,Campania,665
061041,Gioia Sannitica,CE,Campania,3206
061042,Grazzanise,CE,Campania,6805
061043,Gricignano di Aversa,CE,Campania,13223
061044,Letino,CE,Campania,610
061045,Liberi,CE,Campania,1008
061046,Lusciano,CE,Campania,16371
061047,Macerata Campania,CE,Campania,10072
061048,Maddaloni,CE,Campania,36538
061049,Marcianise,CE,Campania,38044
061050,Marzano Appio,CE,Campania,1913
061051,Mignano Monte Lungo,CE,Campania,2974
061052,Mondragone,CE,Campania,28329
061053,Orta di Atella,CE,Campania,27454
061054,Parete,CE,Campania,13271
061055,Pastorano,CE,Campania,2852
061056,Piana di Monte Verna,CE,Campania,2074
061057,Piedimonte Matese,CE,Campania,9988
061058,Pietramelara,CE,Campania,4450
061059,Pietravairano,CE,Campania,2782
061060,Pignataro Maggiore,CE,Campania,5819
061061,Pontelatone,CE,Campania,1520
061062,Portico di Caserta,CE,Campania,7738
061063,Prata Sannita,CE,Campania,1321
061064,Pratella,CE,Campania,1324
061065,Presenzano,CE,Campania,1608
061066,Raviscanina,CE,Campania,1129
061067,Recale,CE,Campania,7708
061068,Riardo,CE,Campania,2170
061069,Rocca d'Evandro,CE,Campania,2927
061070,Roccamonfina,CE,Campania,3087
061071,Roccaromana,CE,Campania,843
061072,Rocchetta e Croce,CE,Campania,439
061073,Ruviano,CE,Campania,1626
061074,San Cipriano d'Aversa,CE,Campania,13496
061075,San Felice a Cancello,CE,Campania,16810
061076,San Gregorio Matese,CE,Campania,842
061077,San Marcellino,CE,Campania,14723
061078,San Nicola la Strada,CE,Campania,21842
061079,San Pietro Infine,CE,Campania,775
061080,San Potito Sannitico,CE,Campania,1947
061081,San Prisco,CE,Campania,12094
061082,Santa Maria a Vico,CE,Campania,14375
061083,Santa Maria Capua Vetere,CE,Campania,32055
061084,Santa Maria la Fossa,CE,Campania,2502
061085,San Tammaro,CE,Campania,5752
061086,Sant'Angelo d'Alife,CE,Campania,2047
061087,Sant'Arpino,CE,Campania,15567
061088,Sessa Aurunca,CE,Campania,20035
061089,Sparanise,CE,Campania,7299
061090,Succivo,CE,Campania,8918
061091,Teano,CE,Campania,10951
061092,Teverola,CE,Campania,15043
061093,Tora e Piccilli,CE,Campania,735
061094,Trentola Ducenta,CE,Campania,20897
061095,Vairano Patenora,CE,Campania,6416
061096,Valle Agricola,CE,Campania,706
061097,Valle di Maddaloni,CE,Campania,2573
061098,Villa di Briano,CE,Campania,7562
061099,Villa Literno,CE,Campania,13030
061100,Vitulazio,CE,Campania,7725
061101,Falciano del Massico,CE,Campania,3429
061102,Cellole,CE,Campania,8292
061103,Casapesenna,CE,Campania,7427
061104,San Marco Evangelista,CE,Campania,6474
062001,Airola,BN,Campania,8089
062002,Amorosi,BN,Campania,2629
062003,Apice,BN,Campania,5175
062004,Apollosa,BN,Campania,2419
062005,Arpaia,BN,Campania,1983
062006,Arpaise,BN,Campania,722
062007,Baselice,BN,Campania,1980
062008,Benevento,BN,Campania,55330
062009,Bonea,BN,Campania,1336
062010,Bucciano,BN,Campania,1950
062011,Buonalbergo,BN,Campania,1478
062012,Calvi,BN,Campania,2465
062013,Campolattaro,BN,Campania,959
062014,Campoli del Monte Taburno,BN,Campania,1642
062015,Casalduni,BN,Campania,1176
062016,Castelfranco in Miscano,BN,Campania,761
062017,Castelpagano,BN,Campania,1317
062018,Castelpoto,BN,Campania,1093
062019,Castelvenere,BN,Campania,2367
062020,Castelvetere in Val Fortore,BN,Campania,915
062021,Cautano,BN,Campania,1850
062022,Ceppaloni,BN,Campania,3181
062023,Cerreto Sannita,BN,Campania,3498
062024,Circello,BN,Campania,2058
062025,Colle Sannita,BN,Campania,2155
062026,Cusano Mutri,BN,Campania,3733
062027,Dugenta,BN,Campania,2627
062028,Durazzano,BN,Campania,2057
062029,Faicchio,BN,Campania,3161
062030,Foglianise,BN,Campania,3101
062031,Foiano di Val Fortore,BN,Campania,1301
062032,Forchia,BN,Campania,1190
062033,Fragneto l'Abate,BN,Campania,893
062034,Fragneto Monforte,BN,Campania,1646
062035,Frasso Telesino,BN,Campania,1946
062036,Ginestra degli Schiavoni,BN,Campania,378
062037,Guardia Sanframondi,BN,Campania,4465
062038,Limatola,BN,Campania,4220
062039,Melizzano,BN,Campania,1636
062040,Moiano,BN,Campania,3986
062041,Molinara,BN,Campania,1388
062042,Montefalcone di Val Fortore,BN,Campania,1260
062043,Montesarchio,BN,Campania,12969
062044,Morcone,BN,Campania,4422
062045,Paduli,BN,Campania,3524
062046,Pago Veiano,BN,Campania,2167
062047,Pannarano,BN,Campania,1962
062048,Paolisi,BN,Campania,1940
062049,Paupisi,BN,Campania,1381
062050,Pesco Sannita,BN,Campania,1798
062051,Pietraroja,BN,Campania,493
062052,Pietrelcina,BN,Campania,2869
062053,Ponte,BN,Campania,2388
062054,Pontelandolfo,BN,Campania,1941
062055,Puglianello,BN,Campania,1262
062056,Reino,BN,Campania,1063
062057,San Bartolomeo in Galdo,BN,Campania,4191
062058,San Giorgio del Sannio,BN,Campania,9633
062059,San Giorgio La Molara,BN,Campania,2645
062060,San Leucio del Sannio,BN,Campania,2877
062061,San Lorenzello,BN,Campania,2079
062062,San Lorenzo Maggiore,BN,Campania,1855
062063,San Lupo,BN,Campania,667
062064,San Marco dei Cavoti,BN,Campania,2895
062065,San Martino Sannita,BN,Campania,1136
062066,San Nazzaro,BN,Campania,819
062067,San Nicola Manfredi,BN,Campania,3373
062068,San Salvatore Telesino,BN,Campania,3856
062069,Santa Croce del Sannio,BN,Campania,857
062070,Sant'Agata de' Goti,BN,Campania,10007
062071,Sant'Angelo a Cupolo,BN,Campania,3989
062072,Sassinoro,BN,Campania,606
062073,Solopaca,BN,Campania,3376
062074,Telese Terme,BN,Campania,7607
062075,Tocco Caudio,BN,Campania,1459
062076,Torrecuso,BN,Campania,3224
062077,Vitulano,BN,Campania,2662
062078,Sant'Arcangelo Trimonte,BN,Campania,460
063001,Acerra,NA,Campania,58585
063002,Afragola,NA,Campania,61581
063003,Agerola,NA,Campania,7844
063004,Anacapri,NA,Campania,6746
063005,Arzano,NA,Campania,31613
063006,Bacoli,NA,Campania,24783
063007,Barano d'Ischia,NA,Campania,9953
063008,Boscoreale,NA,Campania,25645
063009,Boscotrecase,NA,Campania,9796
063010,Brusciano,NA,Campania,16149
063011,Caivano,NA,Campania,35886
063012,Calvizzano,NA,Campania,12869
063013,Camposano,NA,Campania,5010
063014,Capri,NA,Campania,6705
063015,Carbonara di Nola,NA,Campania,2463
063016,Cardito,NA,Campania,21434
063017,Casalnuovo di Napoli,NA,Campania,46663
063018,Casamarciano,NA,Campania,2990
063019,Casamicciola Terme,NA,Campania,7361
063020,Casandrino,NA,Campania,13055
063021,Casavatore,NA,Campania,18244
063022,Casola di Napoli,NA,Campania,3598
063023,Casoria,NA,Campania,73257
063024,Castellammare di Stabia,NA,Campania,61937
063025,Castello di Cisterna,NA,Campania,7855
063026,Cercola,NA,Campania,16702
063027,Cicciano,NA,Campania,12342
063028,Cimitile,NA,Campania,6907
063029,Comiziano,NA,Campania,1665
063030,Crispano,NA,Campania,11566
063031,Forio,NA,Campania,17464
063032,Frattamaggiore,NA,Campania,28677
063033,Frattaminore,NA,Campania,15412
063034,Giugliano in Campania,NA,Campania,125018
063035,Gragnano,NA,Campania,27420
063036,Grumo Nevano,NA,Campania,17057
063037,Ischia,NA,Campania,19415
063038,Lacco Ameno,NA,Campania,4469
063039,Lettere,NA,Campania,6019
063040,Liveri,NA,Campania,1474
063041,Marano di Napoli,NA,Campania,57631
063042,Mariglianella,NA,Campania,8047
063043,Marigliano,NA,Campania,29496
063044,Massa Lubrense,NA,Campania,14116
063045,Melito di Napoli,NA,Campania,36156
063046,Meta,NA,Campania,7855
063047,Monte di Procida,NA,Campania,11735
063048,Mugnano di Napoli,NA,Campania,35506
063049,Napoli,NA,Campania,905050
063050,Nola,NA,Campania,34064
063051,Ottaviano,NA,Campania,23364
063052,Palma Campania,NA,Campania,16254
063053,Piano di Sorrento,NA,Campania,12136
063054,Pimonte,NA,Campania,5883
063055,Poggiomarino,NA,Campania,22803
063056,Pollena Trocchia,NA,Campania,12654
063057,Pomigliano d'Arco,NA,Campania,39607
063058,Pompei,NA,Campania,23517
063059,Portici,NA,Campania,51213
063060,Pozzuoli,NA,Campania,74665
063061,Procida,NA,Campania,9971
063062,Qualiano,NA,Campania,24799
063063,Quarto,NA,Campania,41531
063064,Ercolano,NA,Campania,49179
063065,Roccarainola,NA,Campania,6463
063066,San Gennaro Vesuviano,NA,Campania,12164
063067,San Giorgio a Cremano,NA,Campania,41585
063068,San Giuseppe Vesuviano,NA,Campania,30550
063069,San Paolo Bel Sito,NA,Campania,3358
063070,San Sebastiano al Vesuvio,NA,Campania,8571
063071,Sant'Agnello,NA,Campania,8425
063072,Sant'Anastasia,NA,Campania,25999
063073,Sant'Antimo,NA,Campania,32516
063074,Sant'Antonio Abate,NA,Campania,18766
063075,San Vitaliano,NA,Campania,6580
063076,Saviano,NA,Campania,16063
063077,Scisciano,NA,Campania,6371
063078,Serrara Fontana,NA,Campania,3065
063079,Somma Vesuviana,NA,Campania,33225
063080,Sorrento,NA,Campania,14949
063081,Striano,NA,Campania,9266
063082,Terzigno,NA,Campania,17373
063083,Torre Annunziata,NA,Campania,39496
063084,Torre del Greco,NA,Campania,78839
063085,Tufino,NA,Campania,3350
063086,Vico Equense,NA,Campania,20133
063087,Villaricca,NA,Campania,31482
063088,Visciano,NA,Campania,4119
063089,Volla,NA,Campania,25921
063090,Santa Maria la Carità,NA,Campania,11902
063091,Trecase,NA,Campania,8522
063092,Massa di Somma,NA,Campania,4933
064001,Aiello del Sabato,AV,Campania,4045
064002,Altavilla Irpina,AV,Campania,3803
064003,Andretta,AV,Campania,1630
064004,Aquilonia,AV,Campania,1381
064005,Ariano Irpino,AV,Campania,20657
064006,Atripalda,AV,Campania,10182
064007,Avella,AV,Campania,7417
064008,Avellino,AV,Campania,51819
064009,Bagnoli Irpino,AV,Campania,2990
064010,Baiano,AV,Campania,4371
064011,Bisaccia,AV,Campania,3424
064012,Bonito,AV,Campania,2169
064013,Cairano,AV,Campania,281
064014,Calabritto,AV,Campania,2096
064015,Calitri,AV,Campania,4090
064016,Candida,AV,Campania,1083
064017,Caposele,AV,Campania,3185
064018,Capriglia Irpina,AV,Campania,2184
064019,Carife,AV,Campania,1242
064020,Casalbore,AV,Campania,1514
064021,Cassano Irpino,AV,Campania,959
064022,Castel Baronia,AV,Campania,1047
064023,Castelfranci,AV,Campania,1666
064024,Castelvetere sul Calore,AV,Campania,1454
064025,Cervinara,AV,Campania,8718
064026,Cesinali,AV,Campania,2512
064027,Chianche,AV,Campania,458
064028,Chiusano di San Domenico,AV,Campania,2055
064029,Contrada,AV,Campania,3087
064030,Conza della Campania,AV,Campania,1269
064031,Domicella,AV,Campania,1794
064032,Flumeri,AV,Campania,2462
064033,Fontanarosa,AV,Campania,2832
064034,Forino,AV,Campania,5218
064035,Frigento,AV,Campania,3396
064036,Gesualdo,AV,Campania,3194
064037,Greci,AV,Campania,594
064038,Grottaminarda,AV,Campania,7564
064039,Grottolella,AV,Campania,1811
064040,Guardia Lombardi,AV,Campania,1446
064041,Lacedonia,AV,Campania,2011
064042,Lapio,AV,Campania,1421
064043,Lauro,AV,Campania,3243
064044,Lioni,AV,Campania,5862
064045,Luogosano,AV,Campania,1062
064046,Manocalzati,AV,Campania,2991
064047,Marzano di Nola,AV,Campania,1656
064048,Melito Irpino,AV,Campania,1759
064049,Mercogliano,AV,Campania,11416
064050,Mirabella Eclano,AV,Campania,6546
064051,Montaguto,AV,Campania,333
064052,Montecalvo Irpino,AV,Campania,3226
064053,Montefalcione,AV,Campania,3042
064054,Monteforte Irpino,AV,Campania,11352
064055,Montefredane,AV,Campania,2153
064056,Montefusco,AV,Campania,1183
064057,Montella,AV,Campania,7137
064058,Montemarano,AV,Campania,2520
064059,Montemiletto,AV,Campania,5013
064060,Monteverde,AV,Campania,660
064063,Morra De Sanctis,AV,Campania,1083
064064,Moschiano,AV,Campania,1535
064065,Mugnano del Cardinale,AV,Campania,5115
064066,Nusco,AV,Campania,3783
064067,Ospedaletto d'Alpinolo,AV,Campania,1963
064068,Pago del Vallo di Lauro,AV,Campania,1684
064069,Parolise,AV,Campania,612
064070,Paternopoli,AV,Campania,2068
064071,Petruro Irpino,AV,Campania,297
064072,Pietradefusi,AV,Campania,1919
064073,Pietrastornina,AV,Campania,1463
064074,Prata di Principato Ultra,AV,Campania,2655
064075,Pratola Serra,AV,Campania,3561
064076,Quadrelle,AV,Campania,1864
064077,Quindici,AV,Campania,1757
064078,Roccabascerana,AV,Campania,2343
064079,Rocca San Felice,AV,Campania,765
064080,Rotondi,AV,Campania,3329
064081,Salza Irpina,AV,Campania,727
064082,San Mango sul Calore,AV,Campania,1104
064083,San Martino Valle Caudina,AV,Campania,4733
064084,San Michele di Serino,AV,Campania,2391
064085,San Nicola Baronia,AV,Campania,737
064086,San Potito Ultra,AV,Campania,1457
064087,San Sossio Baronia,AV,Campania,1462
064088,Santa Lucia di Serino,AV,Campania,1342
064089,Sant'Andrea di Conza,AV,Campania,1341
064090,Sant'Angelo all'Esca,AV,Campania,688
064091,Sant'Angelo a Scala,AV,Campania,672
064092,Sant'Angelo dei Lombardi,AV,Campania,3783
064093,Santa Paolina,AV,Campania,1125
064095,Santo Stefano del Sole,AV,Campania,2046
064096,Savignano Irpino,AV,Campania,1010
064097,Scampitella,AV,Campania,981
064098,Senerchia,AV,Campania,708
064099,Serino,AV,Campania,6563
064100,Sirignano,AV,Campania,2941
064101,Solofra,AV,Campania,11921
064102,Sorbo Serpico,AV,Campania,512
064103,Sperone,AV,Campania,3627
064104,Sturno,AV,Campania,2704
064105,Summonte,AV,Campania,1469
064106,Taurano,AV,Campania,1405
064107,Taurasi,AV,Campania,2056
064108,Teora,AV,Campania,1424
064109,Torella dei Lombardi,AV,Campania,1945
064110,Torre Le Nocelle,AV,Campania,1223
064111,Torrioni,AV,Campania,461
064112,Trevico,AV,Campania,789
064113,Tufo,AV,Campania,757
064114,Vallata,AV,Campania,2405
064115,Vallesaccarda,AV,Campania,1195
064116,Venticano,AV,Campania,2284
064117,Villamaina,AV,Campania,896
064118,Villanova del Battista,AV,Campania,1439
064119,Volturara Irpina,AV,Campania,2878
064120,Zungoli,AV,Campania,898
064121,Montoro,AV,Campania,19513
065001,Acerno,SA,Campania,2418
065002,Agropoli,SA,Campania,21418
065003,Albanella,SA,Campania,6339
065004,Alfano,SA,Campania,891
065005,Altavilla Silentina,SA,Campania,7058
065006,Amalfi,SA,Campania,4572
065007,Angri,SA,Campania,34353
065008,Aquara,SA,Campania,1237
065009,Ascea,SA,Campania,5914
065010,Atena Lucana,SA,Campania,2400
065011,Atrani,SA,Campania,751
065012,Auletta,SA,Campania,2106
065013,Baronissi,SA,Campania,16788
065014,Battipaglia,SA,Campania,49504
065015,Bellosguardo,SA,Campania,639
065016,Bracigliano,SA,Campania,5343
065017,Buccino,SA,Campania,4462
065018,Buonabitacolo,SA,Campania,2454
065019,Caggiano,SA,Campania,2486
065020,Calvanico,SA,Campania,1407
065021,Camerota,SA,Campania,6741
065022,Campagna,SA,Campania,17194
065023,Campora,SA,Campania,297
065024,Cannalonga,SA,Campania,939
065025,Capaccio Paestum,SA,Campania,22463
065026,Casalbuono,SA,Campania,1013
065027,Casaletto Spartano,SA,Campania,1222
065028,Casal Velino,SA,Campania,5368
065029,Caselle in Pittari,SA,Campania,1860
065030,Castelcivita,SA,Campania,1370
065031,Castellabate,SA,Campania,8672
065032,Castelnuovo Cilento,SA,Campania,2849
065033,Castelnuovo di Conza,SA,Campania,557
065034,Castel San Giorgio,SA,Campania,13758
065035,Castel San Lorenzo,SA,Campania,2182
065036,Castiglione del Genovesi,SA,Campania,1280
065037,Cava de' Tirreni,SA,Campania,49330
065038,Celle di Bulgheria,SA,Campania,1677
065039,Centola,SA,Campania,5020
065040,Ceraso,SA,Campania,2195
065041,Cetara,SA,Campania,1886
065042,Cicerale,SA,Campania,1178
065043,Colliano,SA,Campania,3387
065044,Conca dei Marini,SA,Campania,635
065045,Controne,SA,Campania,757
065046,Contursi Terme,SA,Campania,3158
065047,Corbara,SA,Campania,2518
065048,Corleto Monforte,SA,Campania,462
065049,Cuccaro Vetere,SA,Campania,510
065050,Eboli,SA,Campania,37656
065051,Felitto,SA,Campania,1140
065052,Fisciano,SA,Campania,14237
065053,Furore,SA,Campania,678
065054,Futani,SA,Campania,1048
065055,Giffoni Sei Casali,SA,Campania,4951
065056,Giffoni Valle Piana,SA,Campania,11461
065057,Gioi,SA,Campania,1058
065058,Giungano,SA,Campania,1305
065059,Ispani,SA,Campania,971
065060,Laureana Cilento,SA,Campania,1255
065061,Laurino,SA,Campania,1200
065062,Laurito,SA,Campania,647
065063,Laviano,SA,Campania,1261
065064,Lustra,SA,Campania,1005
065065,Magliano Vetere,SA,Campania,573
065066,Maiori,SA,Campania,5211
065067,Mercato San Severino,SA,Campania,21309
065068,Minori,SA,Campania,2528
065069,Moio della Civitella,SA,Campania,1810
065070,Montano Antilia,SA,Campania,1644
065071,Montecorice,SA,Campania,2592
065072,Montecorvino Pugliano,SA,Campania,11212
065073,Montecorvino Rovella,SA,Campania,12308
065074,Monteforte Cilento,SA,Campania,531
065075,Monte San Giacomo,SA,Campania,1354
065076,Montesano sulla Marcellana,SA,Campania,6281
065077,Morigerati,SA,Campania,577
065078,Nocera Inferiore,SA,Campania,43291
065079,Nocera Superiore,SA,Campania,23396
065080,Novi Velia,SA,Campania,2328
065081,Ogliastro Cilento,SA,Campania,2307
065082,Olevano sul Tusciano,SA,Campania,6571
065083,Oliveto Citra,SA,Campania,3601
065084,Omignano,SA,Campania,1636
065085,Orria,SA,Campania,887
065086,Ottati,SA,Campania,564
065087,Padula,SA,Campania,4775
065088,Pagani,SA,Campania,35117
065089,Palomonte,SA,Campania,3772
065090,Pellezzano,SA,Campania,10824
065091,Perdifumo,SA,Campania,1802
065092,Perito,SA,Campania,763
065093,Pertosa,SA,Campania,632
065094,Petina,SA,Campania,984
065095,Piaggine,SA,Campania,1056
065096,Pisciotta,SA,Campania,2416
065097,Polla,SA,Campania,5084
065098,Pollica,SA,Campania,2048
065099,Pontecagnano Faiano,SA,Campania,26334
065100,Positano,SA,Campania,3643
065101,Postiglione,SA,Campania,2019
065102,Praiano,SA,Campania,1920
065103,Prignano Cilento,SA,Campania,1111
065104,Ravello,SA,Campania,2335
065105,Ricigliano,SA,Campania,1039
065106,Roccadaspide,SA,Campania,6900
065107,Roccagloriosa,SA,Campania,1535
065108,Roccapiemonte,SA,Campania,8676
065109,Rofrano,SA,Campania,1222
065110,Romagnano al Monte,SA,Campania,369
065111,Roscigno,SA,Campania,570
065112,Rutino,SA,Campania,744
065113,Sacco,SA,Campania,394
065114,Sala Consilina,SA,Campania,12103
065115,Salento,SA,Campania,1734
065116,Salerno,SA,Campania,125323
065117,Salvitelle,SA,Campania,457
065118,San Cipriano Picentino,SA,Campania,6738
065119,San Giovanni a Piro,SA,Campania,3591
065120,San Gregorio Magno,SA,Campania,3798
065121,San Mango Piemonte,SA,Campania,2616
065122,San Marzano sul Sarno,SA,Campania,10209
065123,San Mauro Cilento,SA,Campania,824
065124,San Mauro la Bruca,SA,Campania,500
065125,San Pietro al Tanagro,SA,Campania,1699
065126,San Rufo,SA,Campania,1585
065127,Santa Marina,SA,Campania,3220
065128,Sant'Angelo a Fasanella,SA,Campania,498
065129,Sant'Arsenio,SA,Campania,2639
065130,Sant'Egidio del Monte Albino,SA,Campania,7683
065131,Santomenna,SA,Campania,368
065132,San Valentino Torio,SA,Campania,10994
065133,Sanza,SA,Campania,2313
065134,Sapri,SA,Campania,6261
065135,Sarno,SA,Campania,30937
065136,Sassano,SA,Campania,4680
065137,Scafati,SA,Campania,47574
065138,Scala,SA,Campania,1507
065139,Serramezzana,SA,Campania,272
065140,Serre,SA,Campania,3671
065141,Sessa Cilento,SA,Campania,1129
065142,Siano,SA,Campania,9226
065143,Sicignano degli Alburni,SA,Campania,3057
065144,Stella Cilento,SA,Campania,612
065145,Stio,SA,Campania,759
065146,Teggiano,SA,Campania,6967
065147,Torchiara,SA,Campania,1908
065148,Torraca,SA,Campania,1214
065149,Torre Orsaia,SA,Campania,1928
065150,Tortorella,SA,Campania,462
065151,Tramonti,SA,Campania,4209
065152,Trentinara,SA,Campania,1573
065153,Valle dell'Angelo,SA,Campania,217
065154,Vallo della Lucania,SA,Campania,7779
065155,Valva,SA,Campania,1539
065156,Vibonati,SA,Campania,3235
065157,Vietri sul Mare,SA,Campania,6878
065158,Bellizzi,SA,Campania,13330
066001,Acciano,AQ,Abruzzo,252
066002,Aielli,AQ,Abruzzo,1370
066003,Alfedena,AQ,Abruzzo,917
066004,Anversa degli Abruzzi,AQ,Abruzzo,304
066005,Ateleta,AQ,Abruzzo,1103
066006,Avezzano,AQ,Abruzzo,41238
066007,Balsorano,AQ,Abruzzo,3196
066008,Barete,AQ,Abruzzo,634
066009,Barisciano,AQ,Abruzzo,1637
066010,Barrea,AQ,Abruzzo,677
066011,Bisegna,AQ,Abruzzo,212
066012,Bugnara,AQ,Abruzzo,998
066013,Cagnano Amiterno,AQ,Abruzzo,1079
066014,Calascio,AQ,Abruzzo,119
066015,Campo di Giove,AQ,Abruzzo,742
066016,Campotosto,AQ,Abruzzo,428
066017,Canistro,AQ,Abruzzo,949
066018,Cansano,AQ,Abruzzo,216
066019,Capestrano,AQ,Abruzzo,811
066020,Capistrello,AQ,Abruzzo,4596
066021,Capitignano,AQ,Abruzzo,602
066022,Caporciano,AQ,Abruzzo,201
066023,Cappadocia,AQ,Abruzzo,588
066024,Carapelle Calvisio,AQ,Abruzzo,68
066025,Carsoli,AQ,Abruzzo,4952
066026,Castel del Monte,AQ,Abruzzo,379
066027,Castel di Ieri,AQ,Abruzzo,273
066028,Castel di Sangro,AQ,Abruzzo,6590
066029,Castellafiume,AQ,Abruzzo,1077
066030,Castelvecchio Calvisio,AQ,Abruzzo,125
066031,Castelvecchio Subequo,AQ,Abruzzo,803
066032,Celano,AQ,Abruzzo,10121
066033,Cerchio,AQ,Abruzzo,1542
066034,Civita d'Antino,AQ,Abruzzo,923
066035,Civitella Alfedena,AQ,Abruzzo,287
066036,Civitella Roveto,AQ,Abruzzo,3018
066037,Cocullo,AQ,Abruzzo,203
066038,Collarmele,AQ,Abruzzo,752
066039,Collelongo,AQ,Abruzzo,1055
066040,Collepietro,AQ,Abruzzo,200
066041,Corfinio,AQ,Abruzzo,947
066042,Fagnano Alto,AQ,Abruzzo,337
066043,Fontecchio,AQ,Abruzzo,280
066044,Fossa,AQ,Abruzzo,682
066045,Gagliano Aterno,AQ,Abruzzo,221
066046,Gioia dei Marsi,AQ,Abruzzo,1688
066047,Goriano Sicoli,AQ,Abruzzo,523
066048,Introdacqua,AQ,Abruzzo,1928
066049,L'Aquila,AQ,Abruzzo,70803
066050,Lecce nei Marsi,AQ,Abruzzo,1476
066051,Luco dei Marsi,AQ,Abruzzo,5935
066052,Lucoli,AQ,Abruzzo,847
066053,Magliano de' Marsi,AQ,Abruzzo,3400
066054,Massa d'Albe,AQ,Abruzzo,1337
066055,Molina Aterno,AQ,Abruzzo,328
066056,Montereale,AQ,Abruzzo,2183
066057,Morino,AQ,Abruzzo,1280
066058,Navelli,AQ,Abruzzo,583
066059,Ocre,AQ,Abruzzo,1095
066060,Ofena,AQ,Abruzzo,462
066061,Opi,AQ,Abruzzo,373
066062,Oricola,AQ,Abruzzo,1274
066063,Ortona dei Marsi,AQ,Abruzzo,366
066064,Ortucchio,AQ,Abruzzo,1736
066065,Ovindoli,AQ,Abruzzo,1154
066066,Pacentro,AQ,Abruzzo,1057
066067,Pereto,AQ,Abruzzo,630
066068,Pescasseroli,AQ,Abruzzo,1993
066069,Pescina,AQ,Abruzzo,3654
066070,Pescocostanzo,AQ,Abruzzo,1081
066071,Pettorano sul Gizio,AQ,Abruzzo,1259
066072,Pizzoli,AQ,Abruzzo,4186
066073,Poggio Picenze,AQ,Abruzzo,1028
066074,Prata d'Ansidonia,AQ,Abruzzo,424
066075,Pratola Peligna,AQ,Abruzzo,6881
066076,Prezza,AQ,Abruzzo,804
066077,Raiano,AQ,Abruzzo,2595
066078,Rivisondoli,AQ,Abruzzo,680
066079,Roccacasale,AQ,Abruzzo,562
066080,Rocca di Botte,AQ,Abruzzo,891
066081,Rocca di Cambio,AQ,Abruzzo,523
066082,Rocca di Mezzo,AQ,Abruzzo,1314
066083,Rocca Pia,AQ,Abruzzo,153
066084,Roccaraso,AQ,Abruzzo,1460
066085,San Benedetto dei Marsi,AQ,Abruzzo,3715
066086,San Benedetto in Perillis,AQ,Abruzzo,100
066087,San Demetrio ne' Vestini,AQ,Abruzzo,2002
066088,San Pio delle Camere,AQ,Abruzzo,663
066089,Sante Marie,AQ,Abruzzo,1053
066090,Sant'Eusanio Forconese,AQ,Abruzzo,364
066091,Santo Stefano di Sessanio,AQ,Abruzzo,102
066092,San Vincenzo Valle Roveto,AQ,Abruzzo,2013
066093,Scanno,AQ,Abruzzo,1662
066094,Scontrone,AQ,Abruzzo,535
066095,Scoppito,AQ,Abruzzo,3809
066096,Scurcola Marsicana,AQ,Abruzzo,2700
066097,Secinaro,AQ,Abruzzo,302
066098,Sulmona,AQ,Abruzzo,21610
066099,Tagliacozzo,AQ,Abruzzo,6417
066100,Tione degli Abruzzi,AQ,Abruzzo,243
066101,Tornimparte,AQ,Abruzzo,2729
066102,Trasacco,AQ,Abruzzo,5804
066103,Villalago,AQ,Abruzzo,490
066104,Villa Santa Lucia degli Abruzzi,AQ,Abruzzo,76
066105,Villa Sant'Angelo,AQ,Abruzzo,511
066106,Villavallelonga,AQ,Abruzzo,822
066107,Villetta Barrea,AQ,Abruzzo,589
066108,Vittorito,AQ,Abruzzo,804
067001,Alba Adriatica,TE,Abruzzo,13325
067002,Ancarano,TE,Abruzzo,1874
067003,Arsita,TE,Abruzzo,717
067004,Atri,TE,Abruzzo,9814
067005,Basciano,TE,Abruzzo,2312
067006,Bellante,TE,Abruzzo,6833
067007,Bisenti,TE,Abruzzo,1642
067008,Campli,TE,Abruzzo,6612
067009,Canzano,TE,Abruzzo,1736
067010,Castel Castagna,TE,Abruzzo,400
067011,Castellalto,TE,Abruzzo,7234
067012,Castelli,TE,Abruzzo,907
067013,Castiglione Messer Raimondo,TE,Abruzzo,1961
067014,Castilenti,TE,Abruzzo,1307
067015,Cellino Attanasio,TE,Abruzzo,2184
067016,Cermignano,TE,Abruzzo,1397
067017,Civitella del Tronto,TE,Abruzzo,4555
067018,Colledara,TE,Abruzzo,2078
067019,Colonnella,TE,Abruzzo,3718
067020,Controguerra,TE,Abruzzo,2174
067021,Corropoli,TE,Abruzzo,5158
067022,Cortino,TE,Abruzzo,541
067023,Crognaleto,TE,Abruzzo,1009
067024,Fano Adriano,TE,Abruzzo,243
067025,Giulianova,TE,Abruzzo,23556
067026,Isola del Gran Sasso d'Italia,TE,Abruzzo,4400
067027,Montefino,TE,Abruzzo,896
067028,Montorio al Vomano,TE,Abruzzo,7344
067029,Morro d'Oro,TE,Abruzzo,3530
067030,Mosciano Sant'Angelo,TE,Abruzzo,9206
067031,Nereto,TE,Abruzzo,5465
067032,Notaresco,TE,Abruzzo,6351
067033,Penna Sant'Andrea,TE,Abruzzo,1627
067034,Pietracamela,TE,Abruzzo,196
067035,Pineto,TE,Abruzzo,14761
067036,Rocca Santa Maria,TE,Abruzzo,450
067037,Roseto degli Abruzzi,TE,Abruzzo,25938
067038,Sant'Egidio alla Vibrata,TE,Abruzzo,9913
067039,Sant'Omero,TE,Abruzzo,5077
067040,Silvi,TE,Abruzzo,15478
067041,Teramo,TE,Abruzzo,51400
067042,Torano Nuovo,TE,Abruzzo,1440
067043,Torricella Sicura,TE,Abruzzo,2365
067044,Tortoreto,TE,Abruzzo,12206
067045,Tossicia,TE,Abruzzo,1204
067046,Valle Castellana,TE,Abruzzo,818
067047,Martinsicuro,TE,Abruzzo,16483
068001,Abbateggio,PE,Abruzzo,345
068002,Alanno,PE,Abruzzo,3262
068003,Bolognano,PE,Abruzzo,1003
068004,Brittoli,PE,Abruzzo,236
068005,Bussi sul Tirino,PE,Abruzzo,2188
068006,Cappelle sul Tavo,PE,Abruzzo,4106
068007,Caramanico Terme,PE,Abruzzo,1703
068008,Carpineto della Nora,PE,Abruzzo,498
068009,Castiglione a Casauria,PE,Abruzzo,723
068010,Catignano,PE,Abruzzo,1232
068011,Cepagatti,PE,Abruzzo,11030
068012,Città Sant'Angelo,PE,Abruzzo,14935
068013,Civitaquana,PE,Abruzzo,1156
068014,Civitella Casanova,PE,Abruzzo,1505
068015,Collecorvino,PE,Abruzzo,6065
068016,Corvara,PE,Abruzzo,186
068017,Cugnoli,PE,Abruzzo,1324
068018,Elice,PE,Abruzzo,1615
068019,Farindola,PE,Abruzzo,1293
068020,Lettomanoppello,PE,Abruzzo,2603
068021,Loreto Aprutino,PE,Abruzzo,7037
068022,Manoppello,PE,Abruzzo,6762
068023,Montebello di Bertona,PE,Abruzzo,803
068024,Montesilvano,PE,Abruzzo,53557
068025,Moscufo,PE,Abruzzo,3166
068026,Nocciano,PE,Abruzzo,1684
068027,Penne,PE,Abruzzo,10906
068028,Pescara,PE,Abruzzo,118487
068029,Pescosansonesco,PE,Abruzzo,439
068030,Pianella,PE,Abruzzo,8563
068031,Picciano,PE,Abruzzo,1278
068032,Pietranico,PE,Abruzzo,416
068033,Popoli Terme,PE,Abruzzo,4574
068034,Roccamorice,PE,Abruzzo,840
068035,Rosciano,PE,Abruzzo,4114
068036,Salle,PE,Abruzzo,250
068037,Sant'Eufemia a Maiella,PE,Abruzzo,233
068038,San Valentino in Abruzzo Citeriore,PE,Abruzzo,1788
068039,Scafa,PE,Abruzzo,3388
068040,Serramonacesca,PE,Abruzzo,493
068041,Spoltore,PE,Abruzzo,18924
068042,Tocco da Casauria,PE,Abruzzo,2325
068043,Torre de' Passeri,PE,Abruzzo,2862
068044,Turrivalignani,PE,Abruzzo,785
068045,Vicoli,PE,Abruzzo,357
068046,Villa Celiera,PE,Abruzzo,524
069001,Altino,CH,Abruzzo,3010
069002,Archi,CH,Abruzzo,1929
069003,Ari,CH,Abruzzo,1071
069004,Arielli,CH,Abruzzo,1042
069005,Atessa,CH,Abruzzo,10208
069006,Bomba,CH,Abruzzo,686
069007,Borrello,CH,Abruzzo,328
069008,Bucchianico,CH,Abruzzo,4892
069009,Montebello sul Sangro,CH,Abruzzo,80
069010,Canosa Sannita,CH,Abruzzo,1207
069011,Carpineto Sinello,CH,Abruzzo,486
069012,Carunchio,CH,Abruzzo,535
069013,Casacanditella,CH,Abruzzo,1172
069014,Casalanguida,CH,Abruzzo,789
069015,Casalbordino,CH,Abruzzo,5591
069016,Casalincontrada,CH,Abruzzo,2960
069017,Casoli,CH,Abruzzo,5033
069018,Castel Frentano,CH,Abruzzo,4181
069019,Castelguidone,CH,Abruzzo,270
069020,Castiglione Messer Marino,CH,Abruzzo,1398
069021,Celenza sul Trigno,CH,Abruzzo,758
069022,Chieti,CH,Abruzzo,48368
069023,Civitaluparella,CH,Abruzzo,272
069024,Civitella Messer Raimondo,CH,Abruzzo,738
069025,Colledimacine,CH,Abruzzo,149
069026,Colledimezzo,CH,Abruzzo,401
069027,Crecchio,CH,Abruzzo,2550
069028,Cupello,CH,Abruzzo,4899
069029,Dogliola,CH,Abruzzo,304
069030,Fara Filiorum Petri,CH,Abruzzo,1972
069031,Fara San Martino,CH,Abruzzo,1253
069032,Filetto,CH,Abruzzo,807
069033,Fossacesia,CH,Abruzzo,6269
069034,Fraine,CH,Abruzzo,238
069035,Francavilla al Mare,CH,Abruzzo,25521
069036,Fresagrandinaria,CH,Abruzzo,913
069037,Frisa,CH,Abruzzo,1594
069038,Furci,CH,Abruzzo,779
069039,Gamberale,CH,Abruzzo,267
069040,Gessopalena,CH,Abruzzo,1137
069041,Gissi,CH,Abruzzo,2401
069042,Giuliano Teatino,CH,Abruzzo,1105
069043,Guardiagrele,CH,Abruzzo,8161
069044,Guilmi,CH,Abruzzo,443
069045,Lama dei Peligni,CH,Abruzzo,1007
069046,Lanciano,CH,Abruzzo,33843
069047,Lentella,CH,Abruzzo,653
069048,Lettopalena,CH,Abruzzo,306
069049,Liscia,CH,Abruzzo,623
069050,Miglianico,CH,Abruzzo,4620
069051,Montazzoli,CH,Abruzzo,790
069052,Monteferrante,CH,Abruzzo,100
069053,Montelapiano,CH,Abruzzo,68
069054,Montenerodomo,CH,Abruzzo,562
069055,Monteodorisio,CH,Abruzzo,2314
069056,Mozzagrogna,CH,Abruzzo,2422
069057,Orsogna,CH,Abruzzo,3595
069058,Ortona,CH,Abruzzo,21921
069059,Paglieta,CH,Abruzzo,4100
069060,Palena,CH,Abruzzo,1196
069061,Palmoli,CH,Abruzzo,851
069062,Palombaro,CH,Abruzzo,921
069063,Pennadomo,CH,Abruzzo,201
069064,Pennapiedimonte,CH,Abruzzo,365
069065,Perano,CH,Abruzzo,1463
069066,Pizzoferrato,CH,Abruzzo,949
069067,Poggiofiorito,CH,Abruzzo,751
069068,Pollutri,CH,Abruzzo,2016
069069,Pretoro,CH,Abruzzo,859
069070,Quadri,CH,Abruzzo,672
069071,Rapino,CH,Abruzzo,1115
069072,Ripa Teatina,CH,Abruzzo,3899
069073,Roccamontepiano,CH,Abruzzo,1533
069074,Rocca San Giovanni,CH,Abruzzo,2299
069075,Roccascalegna,CH,Abruzzo,1011
069076,Roccaspinalveti,CH,Abruzzo,1121
069077,Roio del Sangro,CH,Abruzzo,101
069078,Rosello,CH,Abruzzo,175
069079,San Buono,CH,Abruzzo,835
069080,San Giovanni Lipioni,CH,Abruzzo,139
069081,San Giovanni Teatino,CH,Abruzzo,14541
069082,San Martino sulla Marrucina,CH,Abruzzo,868
069083,San Salvo,CH,Abruzzo,19918
069084,Santa Maria Imbaro,CH,Abruzzo,2022
069085,Sant'Eusanio del Sangro,CH,Abruzzo,2224
069086,San Vito Chietino,CH,Abruzzo,5058
069087,Scerni,CH,Abruzzo,2901
069088,Schiavi di Abruzzo,CH,Abruzzo,616
069089,Taranta Peligna,CH,Abruzzo,301
069090,Tollo,CH,Abruzzo,3868
069091,Torino di Sangro,CH,Abruzzo,2925
069092,Tornareccio,CH,Abruzzo,1640
069093,Torrebruna,CH,Abruzzo,635
069094,Torrevecchia Teatina,CH,Abruzzo,4183
069095,Torricella Peligna,CH,Abruzzo,1077
069096,Treglio,CH,Abruzzo,1721
069097,Tufillo,CH,Abruzzo,307
069098,Vacri,CH,Abruzzo,1471
069099,Vasto,CH,Abruzzo,40920
069100,Villalfonsina,CH,Abruzzo,855
069101,Villamagna,CH,Abruzzo,2126
069102,Villa Santa Maria,CH,Abruzzo,1072
069103,Pietraferrazzana,CH,Abruzzo,126
069104,Fallo,CH,Abruzzo,121
070001,Acquaviva Collecroce,CB,Molise,536
070002,Baranello,CB,Molise,2424
070003,Bojano,CB,Molise,7496
070004,Bonefro,CB,Molise,1128
070005,Busso,CB,Molise,1142
070006,Campobasso,CB,Molise,47399
070007,Campochiaro,CB,Molise,556
070008,Campodipietra,CB,Molise,2403
070009,Campolieto,CB,Molise,793
070010,Campomarino,CB,Molise,7974
070011,Casacalenda,CB,Molise,1824
070012,Casalciprano,CB,Molise,424
070013,Castelbottaccio,CB,Molise,223
070014,Castellino del Biferno,CB,Molise,417
070015,Castelmauro,CB,Molise,1075
070016,Castropignano,CB,Molise,839
070017,Cercemaggiore,CB,Molise,3529
070018,Cercepiccola,CB,Molise,660
070019,Civitacampomarano,CB,Molise,277
070020,Colle d'Anchise,CB,Molise,709
070021,Colletorto,CB,Molise,1618
070022,Duronia,CB,Molise,378
070023,Ferrazzano,CB,Molise,3390
070024,Fossalto,CB,Molise,1099
070025,Gambatesa,CB,Molise,1233
070026,Gildone,CB,Molise,707
070027,Guardialfiera,CB,Molise,942
070028,Guardiaregia,CB,Molise,659
070029,Guglionesi,CB,Molise,4874
070030,Jelsi,CB,Molise,1530
070031,Larino,CB,Molise,6257
070032,Limosano,CB,Molise,661
070033,Lucito,CB,Molise,616
070034,Lupara,CB,Molise,391
070035,Macchia Valfortore,CB,Molise,439
070036,Mafalda,CB,Molise,1074
070037,Matrice,CB,Molise,1019
070038,Mirabello Sannitico,CB,Molise,2034
070039,Molise,CB,Molise,144
070040,Monacilioni,CB,Molise,439
070041,Montagano,CB,Molise,951
070042,Montecilfone,CB,Molise,1220
070043,Montefalcone nel Sannio,CB,Molise,1313
070044,Montelongo,CB,Molise,276
070045,Montemitro,CB,Molise,282
070046,Montenero di Bisaccia,CB,Molise,6186
070047,Montorio nei Frentani,CB,Molise,342
070048,Morrone del Sannio,CB,Molise,505
070049,Oratino,CB,Molise,1678
070050,Palata,CB,Molise,1455
070051,Petacciato,CB,Molise,3553
070052,Petrella Tifernina,CB,Molise,990
070053,Pietracatella,CB,Molise,1192
070054,Pietracupa,CB,Molise,181
070055,Portocannone,CB,Molise,2323
070056,Provvidenti,CB,Molise,97
070057,Riccia,CB,Molise,4646
070058,Ripabottoni,CB,Molise,410
070059,Ripalimosani,CB,Molise,2970
070060,Roccavivara,CB,Molise,567
070061,Rotello,CB,Molise,1123
070062,Salcito,CB,Molise,639
070063,San Biase,CB,Molise,117
070064,San Felice del Molise,CB,Molise,525
070065,San Giacomo degli Schiavoni,CB,Molise,1375
070066,San Giovanni in Galdo,CB,Molise,495
070067,San Giuliano del Sannio,CB,Molise,956
070068,San Giuliano di Puglia,CB,Molise,957
070069,San Martino in Pensilis,CB,Molise,4365
070070,San Massimo,CB,Molise,825
070071,San Polo Matese,CB,Molise,487
070072,Santa Croce di Magliano,CB,Molise,3820
070073,Sant'Angelo Limosano,CB,Molise,298
070074,Sant'Elia a Pianisi,CB,Molise,1480
070075,Sepino,CB,Molise,1815
070076,Spinete,CB,Molise,1128
070077,Tavenna,CB,Molise,545
070078,Termoli,CB,Molise,31754
070079,Torella del Sannio,CB,Molise,676
070080,Toro,CB,Molise,1209
070081,Trivento,CB,Molise,4298
070082,Tufara,CB,Molise,748
070083,Ururi,CB,Molise,2321
070084,Vinchiaturo,CB,Molise,3298
071001,Accadia,FG,Puglia,2204
071002,Alberona,FG,Puglia,836
071003,Anzano di Puglia,FG,Puglia,1055
071004,Apricena,FG,Puglia,12486
071005,Ascoli Satriano,FG,Puglia,5634
071006,Biccari,FG,Puglia,2579
071007,Bovino,FG,Puglia,2862
071008,Cagnano Varano,FG,Puglia,6525
071009,Candela,FG,Puglia,2696
071010,Carapelle,FG,Puglia,6868
071011,Carlantino,FG,Puglia,746
071012,Carpino,FG,Puglia,3698
071013,Casalnuovo Monterotaro,FG,Puglia,1402
071014,Casalvecchio di Puglia,FG,Puglia,1620
071015,Castelluccio dei Sauri,FG,Puglia,1958
071016,Castelluccio Valmaggiore,FG,Puglia,1177
071017,Castelnuovo della Daunia,FG,Puglia,1218
071018,Celenza Valfortore,FG,Puglia,1267
071019,Celle di San Vito,FG,Puglia,143
071020,Cerignola,FG,Puglia,56711
071021,Chieuti,FG,Puglia,1467
071022,Deliceto,FG,Puglia,3424
071023,Faeto,FG,Puglia,624
071024,Foggia,FG,Puglia,145078
071025,Ischitella,FG,Puglia,4028
071026,Isole Tremiti,FG,Puglia,470
071027,Lesina,FG,Puglia,6255
071028,Lucera,FG,Puglia,30335
071029,Manfredonia,FG,Puglia,53015
071031,Mattinata,FG,Puglia,5840
071032,Monteleone di Puglia,FG,Puglia,914
071033,Monte Sant'Angelo,FG,Puglia,10891
071034,Motta Montecorvino,FG,Puglia,583
071035,Orsara di Puglia,FG,Puglia,2469
071036,Orta Nova,FG,Puglia,16576
071037,Panni,FG,Puglia,673
071038,Peschici,FG,Puglia,4291
071039,Pietramontecorvino,FG,Puglia,2367
071040,Poggio Imperiale,FG,Puglia,2551
071041,Rignano Garganico,FG,Puglia,1722
071042,Rocchetta Sant'Antonio,FG,Puglia,1597
071043,Rodi Garganico,FG,Puglia,3306
071044,Roseto Valfortore,FG,Puglia,982
071046,San Giovanni Rotondo,FG,Puglia,26129
071047,San Marco in Lamis,FG,Puglia,12205
071048,San Marco la Catola,FG,Puglia,810
071049,San Nicandro Garganico,FG,Puglia,13367
071050,San Paolo di Civitate,FG,Puglia,5322
071051,San Severo,FG,Puglia,48807
071052,Sant'Agata di Puglia,FG,Puglia,1737
071053,Serracapriola,FG,Puglia,3528
071054,Stornara,FG,Puglia,5778
071055,Stornarella,FG,Puglia,5402
071056,Torremaggiore,FG,Puglia,16283
071058,Troia,FG,Puglia,6491
071059,Vico del Gargano,FG,Puglia,7152
071060,Vieste,FG,Puglia,13234
071061,Volturara Appula,FG,Puglia,340
071062,Volturino,FG,Puglia,1499
071063,Ordona,FG,Puglia,3366
071064,Zapponeta,FG,Puglia,3192
072001,Acquaviva delle Fonti,BA,Puglia,19680
072002,Adelfia,BA,Puglia,16371
072003,Alberobello,BA,Puglia,10029
072004,Altamura,BA,Puglia,70336
072006,Bari,BA,Puglia,316248
072008,Binetto,BA,Puglia,2184
072010,Bitetto,BA,Puglia,11745
072011,Bitonto,BA,Puglia,52868
072012,Bitritto,BA,Puglia,11456
072014,Capurso,BA,Puglia,15107
072015,Casamassima,BA,Puglia,19093
072016,Cassano delle Murge,BA,Puglia,15282
072017,Castellana Grotte,BA,Puglia,19702
072018,Cellamare,BA,Puglia,5761
072019,Conversano,BA,Puglia,25993
072020,Corato,BA,Puglia,46845
072021,Gioia del Colle,BA,Puglia,26433
072022,Giovinazzo,BA,Puglia,19087
072023,Gravina in Puglia,BA,Puglia,41990
072024,Grumo Appula,BA,Puglia,11956
072025,Locorotondo,BA,Puglia,13792
072027,Modugno,BA,Puglia,35993
072028,Mola di Bari,BA,Puglia,24095
072029,Molfetta,BA,Puglia,57016
072030,Monopoli,BA,Puglia,47657
072031,Noci,BA,Puglia,18095
072032,Noicattaro,BA,Puglia,25766
072033,Palo del Colle,BA,Puglia,20253
072034,Poggiorsini,BA,Puglia,1240
072035,Polignano a Mare,BA,Puglia,17271
072036,Putignano,BA,Puglia,25696
072037,Rutigliano,BA,Puglia,18254
072038,Ruvo di Puglia,BA,Puglia,24092
072039,Sammichele di Bari,BA,Puglia,5921
072040,Sannicandro di Bari,BA,Puglia,9608
072041,Santeramo in Colle,BA,Puglia,25578
072043,Terlizzi,BA,Puglia,25958
072044,Toritto,BA,Puglia,7953
072046,Triggiano,BA,Puglia,25558
072047,Turi,BA,Puglia,12972
072048,Valenzano,BA,Puglia,17139
073001,Avetrana,TA,Puglia,6109
073002,Carosino,TA,Puglia,6380
073003,Castellaneta,TA,Puglia,15798
073004,Crispiano,TA,Puglia,12816
073005,Faggiano,TA,Puglia,3366
073006,Fragagnano,TA,Puglia,4889
073007,Ginosa,TA,Puglia,21721
073008,Grottaglie,TA,Puglia,29976
073009,Laterza,TA,Puglia,14584
073010,Leporano,TA,Puglia,8202
073011,Lizzano,TA,Puglia,9444
073012,Manduria,TA,Puglia,29528
073013,Martina Franca,TA,Puglia,46753
073014,Maruggio,TA,Puglia,5138
073015,Massafra,TA,Puglia,31766
073016,Monteiasi,TA,Puglia,5190
073017,Montemesola,TA,Puglia,3467
073018,Monteparano,TA,Puglia,2239
073019,Mottola,TA,Puglia,15103
073020,Palagianello,TA,Puglia,7429
073021,Palagiano,TA,Puglia,15712
073022,Pulsano,TA,Puglia,11162
073023,Roccaforzata,TA,Puglia,1729
073024,San Giorgio Ionico,TA,Puglia,13850
073025,San Marzano di San Giuseppe,TA,Puglia,8796
073026,Sava,TA,Puglia,15033
073027,Taranto,TA,Puglia,185112
073028,Torricella,TA,Puglia,4096
073029,Statte,TA,Puglia,12540
074001,Brindisi,BR,Puglia,81181
074002,Carovigno,BR,Puglia,17093
074003,Ceglie Messapica,BR,Puglia,18363
074004,Cellino San Marco,BR,Puglia,5889
074005,Cisternino,BR,Puglia,10954
074006,Erchie,BR,Puglia,8041
074007,Fasano,BR,Puglia,38747
074008,Francavilla Fontana,BR,Puglia,34352
074009,Latiano,BR,Puglia,13222
074010,Mesagne,BR,Puglia,25738
074011,Oria,BR,Puglia,14364
074012,Ostuni,BR,Puglia,29803
074013,San Donaci,BR,Puglia,6050
074014,San Michele Salentino,BR,Puglia,6006
074015,San Pancrazio Salentino,BR,Puglia,8958
074016,San Pietro Vernotico,BR,Puglia,12807
074017,San Vito dei Normanni,BR,Puglia,17793
074018,Torchiarolo,BR,Puglia,5286
074019,Torre Santa Susanna,BR,Puglia,10045
074020,Villa Castelli,BR,Puglia,8939
075002,Alessano,LE,Puglia,5982
075003,Alezio,LE,Puglia,5644
075004,Alliste,LE,Puglia,6344
075005,Andrano,LE,Puglia,4406
075006,Aradeo,LE,Puglia,8798
075007,Arnesano,LE,Puglia,3903
075008,Bagnolo del Salento,LE,Puglia,1698
075009,Botrugno,LE,Puglia,2570
075010,Calimera,LE,Puglia,6633
075011,Campi Salentina,LE,Puglia,9615
075012,Cannole,LE,Puglia,1568
075013,Caprarica di Lecce,LE,Puglia,2243
075014,Carmiano,LE,Puglia,11646
075015,Carpignano Salentino,LE,Puglia,3615
075016,Casarano,LE,Puglia,18940
075017,Castri di Lecce,LE,Puglia,2694
075018,Castrignano de' Greci,LE,Puglia,3632
075019,Castrignano del Capo,LE,Puglia,5055
075020,Cavallino,LE,Puglia,12993
075021,Collepasso,LE,Puglia,5452
075022,Copertino,LE,Puglia,22698
075023,Corigliano d'Otranto,LE,Puglia,5519
075024,Corsano,LE,Puglia,5049
075025,Cursi,LE,Puglia,3769
075026,Cutrofiano,LE,Puglia,8638
075027,Diso,LE,Puglia,2792
075028,Gagliano del Capo,LE,Puglia,4779
075029,Galatina,LE,Puglia,25173
075030,Galatone,LE,Puglia,14855
075031,Gallipoli,LE,Puglia,18826
075032,Giuggianello,LE,Puglia,1118
075033,Giurdignano,LE,Puglia,1936
075034,Guagnano,LE,Puglia,5279
075035,Lecce,LE,Puglia,94387
075036,Lequile,LE,Puglia,8600
075037,Leverano,LE,Puglia,13334
075038,Lizzanello,LE,Puglia,12029
075039,Maglie,LE,Puglia,13061
075040,Martano,LE,Puglia,8397
075041,Martignano,LE,Puglia,1525
075042,Matino,LE,Puglia,10754
075043,Melendugno,LE,Puglia,10093
075044,Melissano,LE,Puglia,6537
075045,Melpignano,LE,Puglia,2154
075046,Miggiano,LE,Puglia,3222
075047,Minervino di Lecce,LE,Puglia,3392
075048,Monteroni di Lecce,LE,Puglia,13147
075049,Montesano Salentino,LE,Puglia,2590
075050,Morciano di Leuca,LE,Puglia,3030
075051,Muro Leccese,LE,Puglia,4574
075052,Nardò,LE,Puglia,30784
075053,Neviano,LE,Puglia,4755
075054,Nociglia,LE,Puglia,2093
075055,Novoli,LE,Puglia,7426
075056,Ortelle,LE,Puglia,2194
075057,Otranto,LE,Puglia,5587
075058,Palmariggi,LE,Puglia,1346
075059,Parabita,LE,Puglia,8686
075060,Patù,LE,Puglia,1644
075061,Poggiardo,LE,Puglia,5745
075063,Racale,LE,Puglia,10670
075064,Ruffano,LE,Puglia,9217
075065,Salice Salentino,LE,Puglia,7549
075066,Salve,LE,Puglia,4580
075067,Sanarica,LE,Puglia,1475
075068,San Cesario di Lecce,LE,Puglia,7787
075069,San Donato di Lecce,LE,Puglia,5350
075070,Sannicola,LE,Puglia,5540
075071,San Pietro in Lama,LE,Puglia,3344
075072,Santa Cesarea Terme,LE,Puglia,2764
075073,Scorrano,LE,Puglia,6542
075074,Seclì,LE,Puglia,1784
075075,Sogliano Cavour,LE,Puglia,3810
075076,Soleto,LE,Puglia,5086
075077,Specchia,LE,Puglia,4453
075078,Spongano,LE,Puglia,3399
075079,Squinzano,LE,Puglia,13235
075080,Sternatia,LE,Puglia,2072
075081,Supersano,LE,Puglia,4036
075082,Surano,LE,Puglia,1474
075083,Surbo,LE,Puglia,14481
075084,Taurisano,LE,Puglia,11059
075085,Taviano,LE,Puglia,11363
075086,Tiggiano,LE,Puglia,2825
075087,Trepuzzi,LE,Puglia,13764
075088,Tricase,LE,Puglia,16938
075089,Tuglie,LE,Puglia,5018
075090,Ugento,LE,Puglia,11923
075091,Uggiano la Chiesa,LE,Puglia,4322
075092,Veglie,LE,Puglia,13053
075093,Vernole,LE,Puglia,6522
075094,Zollino,LE,Puglia,1810
075095,San Cassiano,LE,Puglia,1936
075096,Castro,LE,Puglia,2274
075097,Porto Cesareo,LE,Puglia,6484
075098,Presicce-Acquarica,LE,Puglia,9040
076001,Abriola,PZ,Basilicata,1195
076002,Acerenza,PZ,Basilicata,2007
076003,Albano di Lucania,PZ,Basilicata,1275
076004,Anzi,PZ,Basilicata,1445
076005,Armento,PZ,Basilicata,535
076006,Atella,PZ,Basilicata,3574
076007,Avigliano,PZ,Basilicata,10318
076008,Balvano,PZ,Basilicata,1650
076009,Banzi,PZ,Basilicata,1131
076010,Baragiano,PZ,Basilicata,2477
076011,Barile,PZ,Basilicata,2491
076012,Bella,PZ,Basilicata,4530
076013,Brienza,PZ,Basilicata,3844
076014,Brindisi Montagna,PZ,Basilicata,757
076015,Calvello,PZ,Basilicata,1709
076016,Calvera,PZ,Basilicata,347
076017,Campomaggiore,PZ,Basilicata,689
076018,Cancellara,PZ,Basilicata,1088
076019,Carbone,PZ,Basilicata,475
076020,San Paolo Albanese,PZ,Basilicata,197
076021,Castelgrande,PZ,Basilicata,783
076022,Castelluccio Inferiore,PZ,Basilicata,1854
076023,Castelluccio Superiore,PZ,Basilicata,703
076024,Castelmezzano,PZ,Basilicata,684
076025,Castelsaraceno,PZ,Basilicata,1112
076026,Castronuovo di Sant'Andrea,PZ,Basilicata,833
076027,Cersosimo,PZ,Basilicata,496
076028,Chiaromonte,PZ,Basilicata,1685
076029,Corleto Perticara,PZ,Basilicata,2303
076030,Episcopia,PZ,Basilicata,1188
076031,Fardella,PZ,Basilicata,568
076032,Filiano,PZ,Basilicata,2609
076033,Forenza,PZ,Basilicata,1726
076034,Francavilla in Sinni,PZ,Basilicata,3823
076035,Gallicchio,PZ,Basilicata,747
076036,Genzano di Lucania,PZ,Basilicata,5036
076037,Grumento Nova,PZ,Basilicata,1514
076038,Guardia Perticara,PZ,Basilicata,502
076039,Lagonegro,PZ,Basilicata,4905
076040,Latronico,PZ,Basilicata,3950
076041,Laurenzana,PZ,Basilicata,1528
076042,Lauria,PZ,Basilicata,11651
076043,Lavello,PZ,Basilicata,12820
076044,Maratea,PZ,Basilicata,4514
076045,Marsico Nuovo,PZ,Basilicata,3680
076046,Marsicovetere,PZ,Basilicata,5680
076047,Maschito,PZ,Basilicata,1398
076048,Melfi,PZ,Basilicata,16804
076049,Missanello,PZ,Basilicata,464
076050,Moliterno,PZ,Basilicata,3487
076051,Montemilone,PZ,Basilicata,1371
076052,Montemurro,PZ,Basilicata,1021
076053,Muro Lucano,PZ,Basilicata,4828
076054,Nemoli,PZ,Basilicata,1367
076055,Noepoli,PZ,Basilicata,717
076056,Oppido Lucano,PZ,Basilicata,3468
076057,Palazzo San Gervasio,PZ,Basilicata,4249
076058,Pescopagano,PZ,Basilicata,1597
076059,Picerno,PZ,Basilicata,5581
076060,Pietragalla,PZ,Basilicata,3742
076061,Pietrapertosa,PZ,Basilicata,848
076062,Pignola,PZ,Basilicata,6755
076063,Potenza,PZ,Basilicata,63403
076064,Rapolla,PZ,Basilicata,4080
076065,Rapone,PZ,Basilicata,827
076066,Rionero in Vulture,PZ,Basilicata,12325
076067,Ripacandida,PZ,Basilicata,1528
076068,Rivello,PZ,Basilicata,2417
076069,Roccanova,PZ,Basilicata,1235
076070,Rotonda,PZ,Basilicata,3100
076071,Ruoti,PZ,Basilicata,3164
076072,Ruvo del Monte,PZ,Basilicata,935
076073,San Chirico Nuovo,PZ,Basilicata,1076
076074,San Chirico Raparo,PZ,Basilicata,865
076075,San Costantino Albanese,PZ,Basilicata,569
076076,San Fele,PZ,Basilicata,2493
076077,San Martino d'Agri,PZ,Basilicata,615
076078,San Severino Lucano,PZ,Basilicata,1313
076079,Sant'Angelo Le Fratte,PZ,Basilicata,1293
076080,Sant'Arcangelo,PZ,Basilicata,5922
076081,Sarconi,PZ,Basilicata,1421
076082,Sasso di Castalda,PZ,Basilicata,721
076083,Satriano di Lucania,PZ,Basilicata,2245
076084,Savoia di Lucania,PZ,Basilicata,959
076085,Senise,PZ,Basilicata,6360
076086,Spinoso,PZ,Basilicata,1259
076087,Teana,PZ,Basilicata,499
076088,Terranova di Pollino,PZ,Basilicata,951
076089,Tito,PZ,Basilicata,7002
076090,Tolve,PZ,Basilicata,2843
076091,Tramutola,PZ,Basilicata,2812
076092,Trecchina,PZ,Basilicata,2054
076093,Trivigno,PZ,Basilicata,593
076094,Vaglio Basilicata,PZ,Basilicata,1754
076095,Venosa,PZ,Basilicata,10560
076096,Vietri di Potenza,PZ,Basilicata,2614
076097,Viggianello,PZ,Basilicata,2577
076098,Viggiano,PZ,Basilicata,3212
076099,Ginestra,PZ,Basilicata,655
076100,Paterno,PZ,Basilicata,2951
077001,Accettura,MT,Basilicata,1575
077002,Aliano,MT,Basilicata,804
077003,Bernalda,MT,Basilicata,11922
077004,Calciano,MT,Basilicata,616
077005,Cirigliano,MT,Basilicata,279
077006,Colobraro,MT,Basilicata,1014
077007,Craco,MT,Basilicata,570
077008,Ferrandina,MT,Basilicata,7813
077009,Garaguso,MT,Basilicata,887
077010,Gorgoglione,MT,Basilicata,828
077011,Grassano,MT,Basilicata,4530
077012,Grottole,MT,Basilicata,1935
077013,Irsina,MT,Basilicata,4292
077014,Matera,MT,Basilicata,59368
077015,Miglionico,MT,Basilicata,2336
077016,Montalbano Jonico,MT,Basilicata,6461
077017,Montescaglioso,MT,Basilicata,9197
077018,Nova Siri,MT,Basilicata,6848
077019,Oliveto Lucano,MT,Basilicata,328
077020,Pisticci,MT,Basilicata,16494
077021,Policoro,MT,Basilicata,17727
077022,Pomarico,MT,Basilicata,3657
077023,Rotondella,MT,Basilicata,2309
077024,Salandra,MT,Basilicata,2391
077025,San Giorgio Lucano,MT,Basilicata,986
077026,San Mauro Forte,MT,Basilicata,1168
077027,Stigliano,MT,Basilicata,3369
077028,Tricarico,MT,Basilicata,4629
077029,Tursi,MT,Basilicata,4659
077030,Valsinni,MT,Basilicata,1287
077031,Scanzano Jonico,MT,Basilicata,7475
078001,Acquaformosa,CS,Calabria,930
078002,Acquappesa,CS,Calabria,1754
078003,Acri,CS,Calabria,18059
078004,Aiello Calabro,CS,Calabria,1324
078005,Aieta,CS,Calabria,703
078006,Albidona,CS,Calabria,1047
078007,Alessandria del Carretto,CS,Calabria,337
078008,Altilia,CS,Calabria,669
078009,Altomonte,CS,Calabria,3943
078010,Amantea,CS,Calabria,13859
078011,Amendolara,CS,Calabria,2590
078012,Aprigliano,CS,Calabria,2307
078013,Belmonte Calabro,CS,Calabria,1664
078014,Belsito,CS,Calabria,892
078015,Belvedere Marittimo,CS,Calabria,8927
078016,Bianchi,CS,Calabria,1141
078017,Bisignano,CS,Calabria,9428
078018,Bocchigliero,CS,Calabria,1038
078019,Bonifati,CS,Calabria,2504
078020,Buonvicino,CS,Calabria,1971
078021,Calopezzati,CS,Calabria,1224
078022,Caloveto,CS,Calabria,1046
078023,Campana,CS,Calabria,1337
078024,Canna,CS,Calabria,577
078025,Cariati,CS,Calabria,7582
078026,Carolei,CS,Calabria,3027
078027,Carpanzano,CS,Calabria,185
078029,Cassano all'Ionio,CS,Calabria,16337
078030,Castiglione Cosentino,CS,Calabria,2731
078031,Castrolibero,CS,Calabria,9074
078032,Castroregio,CS,Calabria,208
078033,Castrovillari,CS,Calabria,20431
078034,Celico,CS,Calabria,2421
078035,Cellara,CS,Calabria,473
078036,Cerchiara di Calabria,CS,Calabria,2074
078037,Cerisano,CS,Calabria,2909
078038,Cervicati,CS,Calabria,767
078039,Cerzeto,CS,Calabria,1208
078040,Cetraro,CS,Calabria,9159
078041,Civita,CS,Calabria,773
078042,Cleto,CS,Calabria,1270
078043,Colosimi,CS,Calabria,1077
078045,Cosenza,CS,Calabria,63449
078046,Cropalati,CS,Calabria,947
078047,Crosia,CS,Calabria,9616
078048,Diamante,CS,Calabria,4947
078049,Dipignano,CS,Calabria,4054
078050,Domanico,CS,Calabria,915
078051,Fagnano Castello,CS,Calabria,3257
078052,Falconara Albanese,CS,Calabria,1507
078053,Figline Vegliaturo,CS,Calabria,1088
078054,Firmo,CS,Calabria,1758
078055,Fiumefreddo Bruzio,CS,Calabria,3979
078056,Francavilla Marittima,CS,Calabria,2708
078057,Frascineto,CS,Calabria,1812
078058,Fuscaldo,CS,Calabria,7923
078059,Grimaldi,CS,Calabria,1489
078060,Grisolia,CS,Calabria,2161
078061,Guardia Piemontese,CS,Calabria,1767
078062,Lago,CS,Calabria,2362
078063,Laino Borgo,CS,Calabria,1578
078064,Laino Castello,CS,Calabria,749
078065,Lappano,CS,Calabria,849
078066,Lattarico,CS,Calabria,3671
078067,Longobardi,CS,Calabria,3218
078068,Longobucco,CS,Calabria,2435
078069,Lungro,CS,Calabria,2046
078070,Luzzi,CS,Calabria,8680
078071,Maierà,CS,Calabria,1107
078072,Malito,CS,Calabria,681
078073,Malvito,CS,Calabria,1567
078074,Mandatoriccio,CS,Calabria,2392
078075,Mangone,CS,Calabria,1895
078076,Marano Marchesato,CS,Calabria,3329
078077,Marano Principato,CS,Calabria,2995
078078,Marzi,CS,Calabria,939
078079,Mendicino,CS,Calabria,8892
078080,Mongrassano,CS,Calabria,1446
078081,Montalto Uffugo,CS,Calabria,19909
078082,Montegiordano,CS,Calabria,1498
078083,Morano Calabro,CS,Calabria,3748
078084,Mormanno,CS,Calabria,2475
078085,Mottafollone,CS,Calabria,1013
078086,Nocara,CS,Calabria,284
078087,Oriolo,CS,Calabria,1762
078088,Orsomarso,CS,Calabria,1056
078089,Paludi,CS,Calabria,936
078090,Panettieri,CS,Calabria,304
078091,Paola,CS,Calabria,15090
078092,Papasidero,CS,Calabria,572
078093,Parenti,CS,Calabria,1925
078094,Paterno Calabro,CS,Calabria,1319
078096,Pedivigliano,CS,Calabria,729
078097,Piane Crati,CS,Calabria,1278
078098,Pietrafitta,CS,Calabria,1118
078099,Pietrapaola,CS,Calabria,998
078100,Plataci,CS,Calabria,626
078101,Praia a Mare,CS,Calabria,6268
078102,Rende,CS,Calabria,36893
078103,Rocca Imperiale,CS,Calabria,3116
078104,Roggiano Gravina,CS,Calabria,6708
078105,Rogliano,CS,Calabria,5150
078106,Rose,CS,Calabria,4109
078107,Roseto Capo Spulico,CS,Calabria,1865
078109,Rota Greca,CS,Calabria,891
078110,Rovito,CS,Calabria,2901
078111,San Basile,CS,Calabria,882
078112,San Benedetto Ullano,CS,Calabria,1373
078113,San Cosmo Albanese,CS,Calabria,540
078114,San Demetrio Corone,CS,Calabria,2955
078115,San Donato di Ninea,CS,Calabria,1030
078116,San Fili,CS,Calabria,2406
078117,Sangineto,CS,Calabria,1202
078118,San Giorgio Albanese,CS,Calabria,1256
078119,San Giovanni in Fiore,CS,Calabria,15328
078120,San Lorenzo Bellizzi,CS,Calabria,501
078121,San Lorenzo del Vallo,CS,Calabria,3057
078122,San Lucido,CS,Calabria,7775
078123,San Marco Argentano,CS,Calabria,6769
078124,San Martino di Finita,CS,Calabria,917
078125,San Nicola Arcella,CS,Calabria,2018
078126,San Pietro in Amantea,CS,Calabria,446
078127,San Pietro in Guarano,CS,Calabria,3298
078128,San Sosti,CS,Calabria,1839
078129,Santa Caterina Albanese,CS,Calabria,1052
078130,Santa Domenica Talao,CS,Calabria,1127
078131,Sant'Agata di Esaro,CS,Calabria,1703
078132,Santa Maria del Cedro,CS,Calabria,5179
078133,Santa Sofia d'Epiro,CS,Calabria,2081
078134,Santo Stefano di Rogliano,CS,Calabria,1736
078135,San Vincenzo La Costa,CS,Calabria,1930
078136,Saracena,CS,Calabria,3234
078137,Scala Coeli,CS,Calabria,734
078138,Scalea,CS,Calabria,11792
078139,Scigliano,CS,Calabria,1095
078140,Serra d'Aiello,CS,Calabria,521
078142,Spezzano Albanese,CS,Calabria,6388
078143,Spezzano della Sila,CS,Calabria,4304
078145,Tarsia,CS,Calabria,1818
078146,Terranova da Sibari,CS,Calabria,4441
078147,Terravecchia,CS,Calabria,553
078148,Torano Castello,CS,Calabria,4255
078149,Tortora,CS,Calabria,5919
078150,Trebisacce,CS,Calabria,8582
078152,Vaccarizzo Albanese,CS,Calabria,1010
078153,Verbicaro,CS,Calabria,2489
078154,Villapiana,CS,Calabria,5612
078155,Zumpano,CS,Calabria,2589
078156,Casali del Manco,CS,Calabria,9269
078157,Corigliano-Rossano,CS,Calabria,74403
079002,Albi,CZ,Calabria,739
079003,Amaroni,CZ,Calabria,1595
079004,Amato,CZ,Calabria,769
079005,Andali,CZ,Calabria,581
079007,Argusto,CZ,Calabria,400
079008,Badolato,CZ,Calabria,2829
079009,Belcastro,CZ,Calabria,1211
079011,Borgia,CZ,Calabria,7185
079012,Botricello,CZ,Calabria,5022
079017,Caraffa di Catanzaro,CZ,Calabria,1682
079018,Cardinale,CZ,Calabria,1713
079020,Carlopoli,CZ,Calabria,1303
079023,Catanzaro,CZ,Calabria,82708
079024,Cenadi,CZ,Calabria,502
079025,Centrache,CZ,Calabria,353
079027,Cerva,CZ,Calabria,1011
079029,Chiaravalle Centrale,CZ,Calabria,5072
079030,Cicala,CZ,Calabria,832
079033,Conflenti,CZ,Calabria,1317
079034,Cortale,CZ,Calabria,1802
079036,Cropani,CZ,Calabria,4912
079039,Curinga,CZ,Calabria,6358
079042,Davoli,CZ,Calabria,5679
079043,Decollatura,CZ,Calabria,2817
079047,Falerna,CZ,Calabria,4013
079048,Feroleto Antico,CZ,Calabria,1931
079052,Fossato Serralta,CZ,Calabria,527
079055,Gagliato,CZ,Calabria,411
079056,Gasperina,CZ,Calabria,1860
079058,Gimigliano,CZ,Calabria,2895
079059,Girifalco,CZ,Calabria,5401
079060,Gizzeria,CZ,Calabria,5389
079061,Guardavalle,CZ,Calabria,4004
079063,Isca sullo Ionio,CZ,Calabria,1480
079065,Jacurso,CZ,Calabria,512
079068,Magisano,CZ,Calabria,1042
079069,Maida,CZ,Calabria,4465
079071,Marcedusa,CZ,Calabria,354
079072,Marcellinara,CZ,Calabria,2148
079073,Martirano,CZ,Calabria,784
079074,Martirano Lombardo,CZ,Calabria,923
079077,Miglierina,CZ,Calabria,671
079080,Montauro,CZ,Calabria,1930
079081,Montepaone,CZ,Calabria,5890
079083,Motta Santa Lucia,CZ,Calabria,818
079087,Nocera Terinese,CZ,Calabria,4773
079088,Olivadi,CZ,Calabria,481
079089,Palermiti,CZ,Calabria,1036
079092,Pentone,CZ,Calabria,1791
079094,Petrizzi,CZ,Calabria,988
079095,Petronà,CZ,Calabria,2313
079096,Pianopoli,CZ,Calabria,2572
079099,Platania,CZ,Calabria,1965
079108,San Floro,CZ,Calabria,691
079110,San Mango d'Aquino,CZ,Calabria,1384
079114,San Pietro a Maida,CZ,Calabria,3810
079115,San Pietro Apostolo,CZ,Calabria,1533
079116,San Sostene,CZ,Calabria,1407
079117,Santa Caterina dello Ionio,CZ,Calabria,1918
079118,Sant'Andrea Apostolo dello Ionio,CZ,Calabria,1691
079122,San Vito sullo Ionio,CZ,Calabria,1536
079123,Satriano,CZ,Calabria,3371
079126,Sellia,CZ,Calabria,452
079127,Sellia Marina,CZ,Calabria,7798
079129,Serrastretta,CZ,Calabria,2878
079130,Sersale,CZ,Calabria,4087
079131,Settingiano,CZ,Calabria,3292
079133,Simeri Crichi,CZ,Calabria,4689
079134,Sorbo San Basile,CZ,Calabria,708
079137,Soverato,CZ,Calabria,8409
079138,Soveria Mannelli,CZ,Calabria,2733
079139,Soveria Simeri,CZ,Calabria,1413
079142,Squillace,CZ,Calabria,3600
079143,Stalettì,CZ,Calabria,2394
079146,Taverna,CZ,Calabria,2465
079147,Tiriolo,CZ,Calabria,3461
079148,Torre di Ruggiero,CZ,Calabria,933
079151,Vallefiorita,CZ,Calabria,1430
079157,Zagarise,CZ,Calabria,1313
079160,Lamezia Terme,CZ,Calabria,67005
080001,Africo,RC,Calabria,2670
080002,Agnana Calabra,RC,Calabria,446
080003,Anoia,RC,Calabria,1995
080004,Antonimina,RC,Calabria,1152
080005,Ardore,RC,Calabria,4906
080006,Bagaladi,RC,Calabria,916
080007,Bagnara Calabra,RC,Calabria,9102
080008,Benestare,RC,Calabria,2489
080009,Bianco,RC,Calabria,4298
080010,Bivongi,RC,Calabria,1131
080011,Bova,RC,Calabria,460
080012,Bovalino,RC,Calabria,8743
080013,Bova Marina,RC,Calabria,3925
080014,Brancaleone,RC,Calabria,3124
080015,Bruzzano Zeffirio,RC,Calabria,1010
080016,Calanna,RC,Calabria,735
080017,Camini,RC,Calabria,793
080018,Campo Calabro,RC,Calabria,4512
080019,Candidoni,RC,Calabria,407
080020,Canolo,RC,Calabria,684
080021,Caraffa del Bianco,RC,Calabria,429
080022,Cardeto,RC,Calabria,1237
080023,Careri,RC,Calabria,2049
080024,Casignana,RC,Calabria,680
080025,Caulonia,RC,Calabria,6649
080026,Ciminà,RC,Calabria,510
080027,Cinquefrondi,RC,Calabria,6235
080028,Cittanova,RC,Calabria,9580
080029,Condofuri,RC,Calabria,4491
080030,Cosoleto,RC,Calabria,728
080031,Delianuova,RC,Calabria,3052
080032,Feroleto della Chiesa,RC,Calabria,1489
080033,Ferruzzano,RC,Calabria,685
080034,Fiumara,RC,Calabria,789
080035,Galatro,RC,Calabria,1391
080036,Gerace,RC,Calabria,2275
080037,Giffone,RC,Calabria,1553
080038,Gioia Tauro,RC,Calabria,19324
080039,Gioiosa Ionica,RC,Calabria,6834
080040,Grotteria,RC,Calabria,2815
080041,Laganadi,RC,Calabria,321
080042,Laureana di Borrello,RC,Calabria,4557
080043,Locri,RC,Calabria,11856
080044,Mammola,RC,Calabria,2335
080045,Marina di Gioiosa Ionica,RC,Calabria,6303
080046,Maropati,RC,Calabria,1291
080047,Martone,RC,Calabria,476
080048,Melicuccà,RC,Calabria,780
080049,Melicucco,RC,Calabria,4842
080050,Melito di Porto Salvo,RC,Calabria,10314
080051,Molochio,RC,Calabria,2122
080052,Monasterace,RC,Calabria,3234
080053,Montebello Jonico,RC,Calabria,5451
080054,Motta San Giovanni,RC,Calabria,5377
080055,Oppido Mamertina,RC,Calabria,4674
080056,Palizzi,RC,Calabria,1826
080057,Palmi,RC,Calabria,17983
080058,Pazzano,RC,Calabria,497
080059,Placanica,RC,Calabria,977
080060,Platì,RC,Calabria,3646
080061,Polistena,RC,Calabria,9822
080062,Portigliola,RC,Calabria,994
080063,Reggio di Calabria,RC,Calabria,167925
080064,Riace,RC,Calabria,1796
080065,Rizziconi,RC,Calabria,7603
080066,Roccaforte del Greco,RC,Calabria,291
080067,Roccella Ionica,RC,Calabria,6119
080068,Roghudi,RC,Calabria,897
080069,Rosarno,RC,Calabria,14528
080070,Samo,RC,Calabria,679
080071,San Giorgio Morgeto,RC,Calabria,2945
080072,San Giovanni di Gerace,RC,Calabria,394
080073,San Lorenzo,RC,Calabria,2068
080074,San Luca,RC,Calabria,3297
080075,San Pietro di Caridà,RC,Calabria,923
080076,San Procopio,RC,Calabria,469
080077,San Roberto,RC,Calabria,1479
080078,Santa Cristina d'Aspromonte,RC,Calabria,707
080079,Sant'Agata del Bianco,RC,Calabria,524
080080,Sant'Alessio in Aspromonte,RC,Calabria,299
080081,Sant'Eufemia d'Aspromonte,RC,Calabria,3625
080082,Sant'Ilario dello Ionio,RC,Calabria,1308
080083,Santo Stefano in Aspromonte,RC,Calabria,1001
080084,Scido,RC,Calabria,797
080085,Scilla,RC,Calabria,4405
080086,Seminara,RC,Calabria,2473
080087,Serrata,RC,Calabria,788
080088,Siderno,RC,Calabria,17619
080089,Sinopoli,RC,Calabria,1798
080090,Staiti,RC,Calabria,161
080091,Stignano,RC,Calabria,1143
080092,Stilo,RC,Calabria,2306
080093,Taurianova,RC,Calabria,14643
080094,Terranova Sappo Minulio,RC,Calabria,402
080095,Varapodio,RC,Calabria,2062
080096,Villa San Giovanni,RC,Calabria,12676
080097,San Ferdinando,RC,Calabria,4469
081001,Alcamo,TP,Sicilia,44661
081002,Buseto Palizzolo,TP,Sicilia,2727
081003,Calatafimi-Segesta,TP,Sicilia,5955
081004,Campobello di Mazara,TP,Sicilia,11121
081005,Castellammare del Golfo,TP,Sicilia,14635
081006,Castelvetrano,TP,Sicilia,29357
081007,Custonaci,TP,Sicilia,5234
081008,Erice,TP,Sicilia,25573
081009,Favignana,TP,Sicilia,4540
081010,Gibellina,TP,Sicilia,3636
081011,Marsala,TP,Sicilia,79521
081012,Mazara del Vallo,TP,Sicilia,50070
081013,Paceco,TP,Sicilia,10544
081014,Pantelleria,TP,Sicilia,7150
081015,Partanna,TP,Sicilia,9835
081016,Poggioreale,TP,Sicilia,1272
081017,Salaparuta,TP,Sicilia,1560
081018,Salemi,TP,Sicilia,9719
081019,Santa Ninfa,TP,Sicilia,4713
081020,San Vito Lo Capo,TP,Sicilia,4865
081021,Trapani,TP,Sicilia,54636
081022,Valderice,TP,Sicilia,11239
081023,Vita,TP,Sicilia,1710
081024,Petrosino,TP,Sicilia,7883
081025,Misiliscemi,TP,Sicilia,8446
082001,Alia,PA,Sicilia,3138
082002,Alimena,PA,Sicilia,1822
082003,Aliminusa,PA,Sicilia,1005
082004,Altavilla Milicia,PA,Sicilia,9055
082005,Altofonte,PA,Sicilia,9742
082006,Bagheria,PA,Sicilia,53152
082007,Balestrate,PA,Sicilia,6379
082008,Baucina,PA,Sicilia,1838
082009,Belmonte Mezzagno,PA,Sicilia,10678
082010,Bisacquino,PA,Sicilia,3938
082011,Bolognetta,PA,Sicilia,4074
082012,Bompietro,PA,Sicilia,1140
082013,Borgetto,PA,Sicilia,7167
082014,Caccamo,PA,Sicilia,7529
082015,Caltavuturo,PA,Sicilia,3323
082016,Campofelice di Fitalia,PA,Sicilia,411
082017,Campofelice di Roccella,PA,Sicilia,7870
082018,Campofiorito,PA,Sicilia,1113
082019,Camporeale,PA,Sicilia,2842
082020,Capaci,PA,Sicilia,11482
082021,Carini,PA,Sicilia,41134
082022,Castelbuono,PA,Sicilia,7871
082023,Casteldaccia,PA,Sicilia,11778
082024,Castellana Sicula,PA,Sicilia,2885
082025,Castronovo di Sicilia,PA,Sicilia,2729
082026,Cefalà Diana,PA,Sicilia,962
082027,Cefalù,PA,Sicilia,13846
082028,Cerda,PA,Sicilia,4771
082029,Chiusa Sclafani,PA,Sicilia,2378
082030,Ciminna,PA,Sicilia,3319
082031,Cinisi,PA,Sicilia,12201
082032,Collesano,PA,Sicilia,3609
082033,Contessa Entellina,PA,Sicilia,1437
082034,Corleone,PA,Sicilia,10162
082035,Ficarazzi,PA,Sicilia,12913
082036,Gangi,PA,Sicilia,5918
082037,Geraci Siculo,PA,Sicilia,1636
082038,Giardinello,PA,Sicilia,2229
082039,Giuliana,PA,Sicilia,1626
082040,Godrano,PA,Sicilia,981
082041,Gratteri,PA,Sicilia,853
082042,Isnello,PA,Sicilia,1393
082043,Isola delle Femmine,PA,Sicilia,6963
082044,Lascari,PA,Sicilia,3769
082045,Lercara Friddi,PA,Sicilia,6042
082046,Marineo,PA,Sicilia,5944
082047,Mezzojuso,PA,Sicilia,2499
082048,Misilmeri,PA,Sicilia,29197
082049,Monreale,PA,Sicilia,38844
082050,Montelepre,PA,Sicilia,5653
082051,Montemaggiore Belsito,PA,Sicilia,2745
082052,Palazzo Adriano,PA,Sicilia,1694
082053,Palermo,PA,Sicilia,626273
082054,Partinico,PA,Sicilia,30929
082055,Petralia Soprana,PA,Sicilia,2807
082056,Petralia Sottana,PA,Sicilia,2349
082057,Piana degli Albanesi,PA,Sicilia,5171
082058,Polizzi Generosa,PA,Sicilia,2745
082059,Pollina,PA,Sicilia,2807
082060,Prizzi,PA,Sicilia,3999
082061,Roccamena,PA,Sicilia,1283
082062,Roccapalumba,PA,Sicilia,2119
082063,San Cipirello,PA,Sicilia,4787
082064,San Giuseppe Jato,PA,Sicilia,7886
082065,San Mauro Castelverde,PA,Sicilia,1279
082066,Santa Cristina Gela,PA,Sicilia,1006
082067,Santa Flavia,PA,Sicilia,10983
082068,Sciara,PA,Sicilia,2424
082069,Sclafani Bagni,PA,Sicilia,344
082070,Termini Imerese,PA,Sicilia,24625
082071,Terrasini,PA,Sicilia,13126
082072,Torretta,PA,Sicilia,4440
082073,Trabia,PA,Sicilia,10844
082074,Trappeto,PA,Sicilia,3143
082075,Ustica,PA,Sicilia,1323
082076,Valledolmo,PA,Sicilia,3051
082077,Ventimiglia di Sicilia,PA,Sicilia,1708
082078,Vicari,PA,Sicilia,2347
082079,Villabate,PA,Sicilia,19380
082080,Villafrati,PA,Sicilia,3064
082081,Scillato,PA,Sicilia,564
082082,Blufi,PA,Sicilia,822
083001,Alcara li Fusi,ME,Sicilia,1589
083002,Alì,ME,Sicilia,596
083003,Alì Terme,ME,Sicilia,2317
083004,Antillo,ME,Sicilia,773
083005,Barcellona Pozzo di Gotto,ME,Sicilia,39756
083006,Basicò,ME,Sicilia,614
083007,Brolo,ME,Sicilia,5712
083008,Capizzi,ME,Sicilia,2707
083009,Capo d'Orlando,ME,Sicilia,13065
083010,Capri Leone,ME,Sicilia,4401
083011,Caronia,ME,Sicilia,2917
083012,Casalvecchio Siculo,ME,Sicilia,675
083013,Castel di Lucio,ME,Sicilia,1355
083014,Castell'Umberto,ME,Sicilia,2731
083015,Castelmola,ME,Sicilia,1071
083016,Castroreale,ME,Sicilia,2231
083017,Cesarò,ME,Sicilia,2060
083018,Condrò,ME,Sicilia,501
083019,Falcone,ME,Sicilia,2826
083020,Ficarra,ME,Sicilia,1267
083021,Fiumedinisi,ME,Sicilia,1250
083022,Floresta,ME,Sicilia,458
083023,Fondachelli-Fantina,ME,Sicilia,1058
083024,Forza d'Agrò,ME,Sicilia,902
083025,Francavilla di Sicilia,ME,Sicilia,3498
083026,Frazzanò,ME,Sicilia,524
083027,Furci Siculo,ME,Sicilia,3245
083028,Furnari,ME,Sicilia,4246
083029,Gaggi,ME,Sicilia,3094
083030,Galati Mamertino,ME,Sicilia,2108
083031,Gallodoro,ME,Sicilia,320
083032,Giardini-Naxos,ME,Sicilia,9437
083033,Gioiosa Marea,ME,Sicilia,6686
083034,Graniti,ME,Sicilia,1434
083035,Gualtieri Sicaminò,ME,Sicilia,1508
083036,Itala,ME,Sicilia,1491
083037,Leni,ME,Sicilia,669
083038,Letojanni,ME,Sicilia,2979
083039,Librizzi,ME,Sicilia,1535
083040,Limina,ME,Sicilia,703
083041,Lipari,ME,Sicilia,12794
083042,Longi,ME,Sicilia,1251
083043,Malfa,ME,Sicilia,1003
083044,Malvagna,ME,Sicilia,575
083045,Mandanici,ME,Sicilia,468
083046,Mazzarrà Sant'Andrea,ME,Sicilia,1405
083047,Merì,ME,Sicilia,2394
083048,Messina,ME,Sicilia,216458
083049,Milazzo,ME,Sicilia,29779
083050,Militello Rosmarino,ME,Sicilia,1168
083051,Mirto,ME,Sicilia,852
083052,Mistretta,ME,Sicilia,4150
083053,Moio Alcantara,ME,Sicilia,679
083054,Monforte San Giorgio,ME,Sicilia,2390
083055,Mongiuffi Melia,ME,Sicilia,506
083056,Montagnareale,ME,Sicilia,1342
083057,Montalbano Elicona,ME,Sicilia,2072
083058,Motta Camastra,ME,Sicilia,762
083059,Motta d'Affermo,ME,Sicilia,646
083060,Naso,ME,Sicilia,3344
083061,Nizza di Sicilia,ME,Sicilia,3488
083062,Novara di Sicilia,ME,Sicilia,1045
083063,Oliveri,ME,Sicilia,2226
083064,Pace del Mela,ME,Sicilia,5938
083065,Pagliara,ME,Sicilia,1100
083066,Patti,ME,Sicilia,12721
083067,Pettineo,ME,Sicilia,1222
083068,Piraino,ME,Sicilia,3724
083069,Raccuja,ME,Sicilia,839
083070,Reitano,ME,Sicilia,705
083071,Roccafiorita,ME,Sicilia,154
083072,Roccalumera,ME,Sicilia,4143
083073,Roccavaldina,ME,Sicilia,965
083074,Roccella Valdemone,ME,Sicilia,532
083075,Rodì Milici,ME,Sicilia,1938
083076,Rometta,ME,Sicilia,6497
083077,San Filippo del Mela,ME,Sicilia,6617
083078,San Fratello,ME,Sicilia,3159
083079,San Marco d'Alunzio,ME,Sicilia,1775
083080,San Pier Niceto,ME,Sicilia,2518
083081,San Piero Patti,ME,Sicilia,2535
083082,San Salvatore di Fitalia,ME,Sicilia,1103
083083,Santa Domenica Vittoria,ME,Sicilia,861
083084,Sant'Agata di Militello,ME,Sicilia,12133
083085,Sant'Alessio Siculo,ME,Sicilia,1542
083086,Santa Lucia del Mela,ME,Sicilia,4342
083087,Santa Marina Salina,ME,Sicilia,877
083088,Sant'Angelo di Brolo,ME,Sicilia,2625
083089,Santa Teresa di Riva,ME,Sicilia,9133
083090,San Teodoro,ME,Sicilia,1185
083091,Santo Stefano di Camastra,ME,Sicilia,4325
083092,Saponara,ME,Sicilia,3620
083093,Savoca,ME,Sicilia,1749
083094,Scaletta Zanclea,ME,Sicilia,1861
083095,Sinagra,ME,Sicilia,2418
083096,Spadafora,ME,Sicilia,4602
083097,Taormina,ME,Sicilia,10476
083098,Torregrotta,ME,Sicilia,7283
083099,Tortorici,ME,Sicilia,5432
083100,Tripi - Abakainon,ME,Sicilia,704
083101,Tusa,ME,Sicilia,2480
083102,Ucria,ME,Sicilia,841
083103,Valdina,ME,Sicilia,1246
083104,Venetico,ME,Sicilia,3961
083105,Villafranca Tirrena,ME,Sicilia,7709
083106,Terme Vigliatore,ME,Sicilia,7363
083107,Acquedolci,ME,Sicilia,5532
083108,Torrenova,ME,Sicilia,4483
084001,Agrigento,AG,Sicilia,55118
084002,Alessandria della Rocca,AG,Sicilia,2301
084003,Aragona,AG,Sicilia,8669
084004,Bivona,AG,Sicilia,3000
084005,Burgio,AG,Sicilia,2409
084006,Calamonaci,AG,Sicilia,1127
084007,Caltabellotta,AG,Sicilia,3065
084008,Camastra,AG,Sicilia,1973
084009,Cammarata,AG,Sicilia,5801
084010,Campobello di Licata,AG,Sicilia,8873
084011,Canicattì,AG,Sicilia,34249
084012,Casteltermini,AG,Sicilia,7035
084013,Castrofilippo,AG,Sicilia,2557
084014,Cattolica Eraclea,AG,Sicilia,3232
084015,Cianciana,AG,Sicilia,2971
084016,Comitini,AG,Sicilia,919
084017,Favara,AG,Sicilia,31167
084018,Grotte,AG,Sicilia,5044
084019,Joppolo Giancaxio,AG,Sicilia,1064
084020,Lampedusa e Linosa,AG,Sicilia,6485
084021,Licata,AG,Sicilia,34203
084022,Lucca Sicula,AG,Sicilia,1700
084023,Menfi,AG,Sicilia,11727
084024,Montallegro,AG,Sicilia,2342
084025,Montevago,AG,Sicilia,2679
084026,Naro,AG,Sicilia,6733
084027,Palma di Montechiaro,AG,Sicilia,21302
084028,Porto Empedocle,AG,Sicilia,15430
084029,Racalmuto,AG,Sicilia,7501
084030,Raffadali,AG,Sicilia,11769
084031,Ravanusa,AG,Sicilia,10124
084032,Realmonte,AG,Sicilia,4368
084033,Ribera,AG,Sicilia,17744
084034,Sambuca di Sicilia,AG,Sicilia,5202
084035,San Biagio Platani,AG,Sicilia,2744
084036,San Giovanni Gemini,AG,Sicilia,7383
084037,Santa Elisabetta,AG,Sicilia,2208
084038,Santa Margherita di Belice,AG,Sicilia,5981
084039,Sant'Angelo Muxaro,AG,Sicilia,1119
084040,Santo Stefano Quisquina,AG,Sicilia,3854
084041,Sciacca,AG,Sicilia,38387
084042,Siculiana,AG,Sicilia,4187
084043,Villafranca Sicula,AG,Sicilia,1295
085001,Acquaviva Platani,CL,Sicilia,819
085002,Bompensiere,CL,Sicilia,468
085003,Butera,CL,Sicilia,4053
085004,Caltanissetta,CL,Sicilia,57922
085005,Campofranco,CL,Sicilia,2512
085006,Delia,CL,Sicilia,3851
085007,Gela,CL,Sicilia,70109
085008,Marianopoli,CL,Sicilia,1505
085009,Mazzarino,CL,Sicilia,10567
085010,Milena,CL,Sicilia,2599
085011,Montedoro,CL,Sicilia,1320
085012,Mussomeli,CL,Sicilia,9742
085013,Niscemi,CL,Sicilia,24535
085014,Resuttano,CL,Sicilia,1687
085015,Riesi,CL,Sicilia,10158
085016,San Cataldo,CL,Sicilia,20229
085017,Santa Caterina Villarmosa,CL,Sicilia,4421
085018,Serradifalco,CL,Sicilia,5342
085019,Sommatino,CL,Sicilia,6220
085020,Sutera,CL,Sicilia,1096
085021,Vallelunga Pratameno,CL,Sicilia,3003
085022,Villalba,CL,Sicilia,1343
086001,Agira,EN,Sicilia,7529
086002,Aidone,EN,Sicilia,4205
086003,Assoro,EN,Sicilia,4749
086004,Barrafranca,EN,Sicilia,11456
086005,Calascibetta,EN,Sicilia,3948
086006,Catenanuova,EN,Sicilia,4458
086007,Centuripe,EN,Sicilia,4981
086008,Cerami,EN,Sicilia,1867
086009,Enna,EN,Sicilia,24884
086010,Gagliano Castelferrato,EN,Sicilia,3111
086011,Leonforte,EN,Sicilia,12023
086012,Nicosia,EN,Sicilia,12382
086013,Nissoria,EN,Sicilia,2781
086014,Piazza Armerina,EN,Sicilia,20558
086015,Pietraperzia,EN,Sicilia,6183
086016,Regalbuto,EN,Sicilia,6556
086017,Sperlinga,EN,Sicilia,639
086018,Troina,EN,Sicilia,8201
086019,Valguarnera Caropepe,EN,Sicilia,6743
086020,Villarosa,EN,Sicilia,4271
087001,Aci Bonaccorsi,CT,Sicilia,3559
087002,Aci Castello,CT,Sicilia,17482
087003,Aci Catena,CT,Sicilia,27349
087004,Acireale,CT,Sicilia,50528
087005,Aci Sant'Antonio,CT,Sicilia,18091
087006,Adrano,CT,Sicilia,33506
087007,Belpasso,CT,Sicilia,28321
087008,Biancavilla,CT,Sicilia,22917
087009,Bronte,CT,Sicilia,18101
087010,Calatabiano,CT,Sicilia,5145
087011,Caltagirone,CT,Sicilia,35373
087012,Camporotondo Etneo,CT,Sicilia,5208
087013,Castel di Iudica,CT,Sicilia,4163
087014,Castiglione di Sicilia,CT,Sicilia,2832
087015,Catania,CT,Sicilia,296984
087016,Fiumefreddo di Sicilia,CT,Sicilia,8965
087017,Giarre,CT,Sicilia,26466
087018,Grammichele,CT,Sicilia,12127
087019,Gravina di Catania,CT,Sicilia,25330
087020,Licodia Eubea,CT,Sicilia,2762
087021,Linguaglossa,CT,Sicilia,4987
087022,Maletto,CT,Sicilia,3522
087023,Mascali,CT,Sicilia,14486
087024,Mascalucia,CT,Sicilia,32124
087025,Militello in Val di Catania,CT,Sicilia,6605
087026,Milo,CT,Sicilia,1017
087027,Mineo,CT,Sicilia,4345
087028,Mirabella Imbaccari,CT,Sicilia,4132
087029,Misterbianco,CT,Sicilia,48620
087030,Motta Sant'Anastasia,CT,Sicilia,12139
087031,Nicolosi,CT,Sicilia,7720
087032,Palagonia,CT,Sicilia,15369
087033,Paternò,CT,Sicilia,44502
087034,Pedara,CT,Sicilia,15522
087035,Piedimonte Etneo,CT,Sicilia,3865
087036,Raddusa,CT,Sicilia,2751
087037,Ramacca,CT,Sicilia,10029
087038,Randazzo,CT,Sicilia,9959
087039,Riposto,CT,Sicilia,13901
087040,San Cono,CT,Sicilia,2363
087041,San Giovanni la Punta,CT,Sicilia,24458
087042,San Gregorio di Catania,CT,Sicilia,11518
087043,San Michele di Ganzaria,CT,Sicilia,2807
087044,San Pietro Clarenza,CT,Sicilia,8372
087045,Sant'Agata li Battiati,CT,Sicilia,9217
087046,Sant'Alfio,CT,Sicilia,1521
087047,Santa Maria di Licodia,CT,Sicilia,7675
087048,Santa Venerina,CT,Sicilia,8487
087049,Scordia,CT,Sicilia,15885
087050,Trecastagni,CT,Sicilia,11396
087051,Tremestieri Etneo,CT,Sicilia,19172
087052,Valverde,CT,Sicilia,7810
087053,Viagrande,CT,Sicilia,8943
087054,Vizzini,CT,Sicilia,5636
087055,Zafferana Etnea,CT,Sicilia,9341
087056,Mazzarrone,CT,Sicilia,4010
087057,Maniace,CT,Sicilia,3739
087058,Ragalna,CT,Sicilia,4396
088001,Acate,RG,Sicilia,10657
088002,Chiaramonte Gulfi,RG,Sicilia,8045
088003,Comiso,RG,Sicilia,30437
088004,Giarratana,RG,Sicilia,2994
088005,Ispica,RG,Sicilia,16706
088006,Modica,RG,Sicilia,53622
088007,Monterosso Almo,RG,Sicilia,2705
088008,Pozzallo,RG,Sicilia,18958
088009,Ragusa,RG,Sicilia,74122
088010,Santa Croce Camerina,RG,Sicilia,11649
088011,Scicli,RG,Sicilia,26920
088012,Vittoria,RG,Sicilia,66329
089001,Augusta,SR,Sicilia,34697
089002,Avola,SR,Sicilia,30683
089003,Buccheri,SR,Sicilia,1692
089004,Buscemi,SR,Sicilia,935
089005,Canicattini Bagni,SR,Sicilia,6482
089006,Carlentini,SR,Sicilia,16883
089007,Cassaro,SR,Sicilia,721
089008,Ferla,SR,Sicilia,2219
089009,Floridia,SR,Sicilia,20997
089010,Francofonte,SR,Sicilia,11484
089011,Lentini,SR,Sicilia,21022
089012,Melilli,SR,Sicilia,13127
089013,Noto,SR,Sicilia,24656
089014,Pachino,SR,Sicilia,22355
089015,Palazzolo Acreide,SR,Sicilia,7912
089016,Rosolini,SR,Sicilia,20655
089017,Siracusa,SR,Sicilia,115515
089018,Solarino,SR,Sicilia,7510
089019,Sortino,SR,Sicilia,7977
089020,Portopalo di Capo Passero,SR,Sicilia,3890
089021,Priolo Gargallo,SR,Sicilia,11038
093001,Andreis,PN,Friuli-Venezia Giulia,243
093002,Arba,PN,Friuli-Venezia Giulia,1344
093004,Aviano,PN,Friuli-Venezia Giulia,8973
093005,Azzano Decimo,PN,Friuli-Venezia Giulia,15760
093006,Barcis,PN,Friuli-Venezia Giulia,225
093007,Brugnera,PN,Friuli-Venezia Giulia,9192
093008,Budoia,PN,Friuli-Venezia Giulia,2561
093009,Caneva,PN,Friuli-Venezia Giulia,6194
093010,Casarsa della Delizia,PN,Friuli-Venezia Giulia,8314
093011,Castelnovo del Friuli,PN,Friuli-Venezia Giulia,800
093012,Cavasso Nuovo,PN,Friuli-Venezia Giulia,1463
093013,Chions,PN,Friuli-Venezia Giulia,4991
093014,Cimolais,PN,Friuli-Venezia Giulia,343
093015,Claut,PN,Friuli-Venezia Giulia,855
093016,Clauzetto,PN,Friuli-Venezia Giulia,385
093017,Cordenons,PN,Friuli-Venezia Giulia,17701
093018,Cordovado,PN,Friuli-Venezia Giulia,2671
093019,Erto e Casso,PN,Friuli-Venezia Giulia,359
093020,Fanna,PN,Friuli-Venezia Giulia,1467
093021,Fiume Veneto,PN,Friuli-Venezia Giulia,11806
093022,Fontanafredda,PN,Friuli-Venezia Giulia,12952
093024,Frisanco,PN,Friuli-Venezia Giulia,599
093025,Maniago,PN,Friuli-Venezia Giulia,11444
093026,Meduno,PN,Friuli-Venezia Giulia,1480
093027,Montereale Valcellina,PN,Friuli-Venezia Giulia,4187
093028,Morsano al Tagliamento,PN,Friuli-Venezia Giulia,2754
093029,Pasiano di Pordenone,PN,Friuli-Venezia Giulia,7890
093030,Pinzano al Tagliamento,PN,Friuli-Venezia Giulia,1493
093031,Polcenigo,PN,Friuli-Venezia Giulia,3060
093032,Porcia,PN,Friuli-Venezia Giulia,14947
093033,Pordenone,PN,Friuli-Venezia Giulia,52744
093034,Prata di Pordenone,PN,Friuli-Venezia Giulia,8353
093035,Pravisdomini,PN,Friuli-Venezia Giulia,3471
093036,Roveredo in Piano,PN,Friuli-Venezia Giulia,5760
093037,Sacile,PN,Friuli-Venezia Giulia,19947
093038,San Giorgio della Richinvelda,PN,Friuli-Venezia Giulia,4541
093039,San Martino al Tagliamento,PN,Friuli-Venezia Giulia,1517
093040,San Quirino,PN,Friuli-Venezia Giulia,4333
093041,San Vito al Tagliamento,PN,Friuli-Venezia Giulia,15293
093042,Sequals,PN,Friuli-Venezia Giulia,2212
093043,Sesto al Reghena,PN,Friuli-Venezia Giulia,6299
093044,Spilimbergo,PN,Friuli-Venezia Giulia,11799
093045,Tramonti di Sopra,PN,Friuli-Venezia Giulia,274
093046,Tramonti di Sotto,PN,Friuli-Venezia Giulia,335
093047,Travesio,PN,Friuli-Venezia Giulia,1809
093049,Vito d'Asio,PN,Friuli-Venezia Giulia,705
093050,Vivaro,PN,Friuli-Venezia Giulia,1350
093051,Zoppola,PN,Friuli-Venezia Giulia,8360
093052,Vajont,PN,Friuli-Venezia Giulia,1599
093053,Valvasone Arzene,PN,Friuli-Venezia Giulia,3960
094001,Acquaviva d'Isernia,IS,Molise,346
094002,Agnone,IS,Molise,4545
094003,Bagnoli del Trigno,IS,Molise,607
094004,Belmonte del Sannio,IS,Molise,602
094005,Cantalupo nel Sannio,IS,Molise,726
094006,Capracotta,IS,Molise,742
094007,Carovilli,IS,Molise,1240
094008,Carpinone,IS,Molise,980
094009,Castel del Giudice,IS,Molise,306
094010,Castelpetroso,IS,Molise,1496
094011,Castelpizzuto,IS,Molise,135
094012,Castel San Vincenzo,IS,Molise,418
094013,Castelverrino,IS,Molise,87
094014,Cerro al Volturno,IS,Molise,1103
094015,Chiauci,IS,Molise,189
094016,Civitanova del Sannio,IS,Molise,863
094017,Colli a Volturno,IS,Molise,1253
094018,Conca Casale,IS,Molise,162
094019,Filignano,IS,Molise,564
094020,Forlì del Sannio,IS,Molise,627
094021,Fornelli,IS,Molise,1778
094022,Frosolone,IS,Molise,2721
094023,Isernia,IS,Molise,20491
094024,Longano,IS,Molise,618
094025,Macchia d'Isernia,IS,Molise,1020
094026,Macchiagodena,IS,Molise,1655
094027,Miranda,IS,Molise,913
094028,Montaquila,IS,Molise,2218
094029,Montenero Val Cocchiara,IS,Molise,464
094030,Monteroduni,IS,Molise,2121
094031,Pesche,IS,Molise,1437
094032,Pescolanciano,IS,Molise,780
094033,Pescopennataro,IS,Molise,225
094034,Pettoranello del Molise,IS,Molise,451
094035,Pietrabbondante,IS,Molise,559
094036,Pizzone,IS,Molise,287
094037,Poggio Sannita,IS,Molise,513
094038,Pozzilli,IS,Molise,2163
094039,Rionero Sannitico,IS,Molise,941
094040,Roccamandolfi,IS,Molise,803
094041,Roccasicura,IS,Molise,460
094042,Rocchetta a Volturno,IS,Molise,1066
094043,San Pietro Avellana,IS,Molise,390
094044,Sant'Agapito,IS,Molise,1333
094045,Santa Maria del Molise,IS,Molise,645
094046,Sant'Angelo del Pesco,IS,Molise,300
094047,Sant'Elena Sannita,IS,Molise,298
094048,Scapoli,IS,Molise,559
094049,Sessano del Molise,IS,Molise,664
094050,Sesto Campano,IS,Molise,2134
094051,Vastogirardi,IS,Molise,574
094052,Venafro,IS,Molise,10645
096001,Ailoche,BI,Piemonte,289
096002,Andorno Micca,BI,Piemonte,3014
096003,Benna,BI,Piemonte,1157
096004,Biella,BI,Piemonte,43356
096005,Bioglio,BI,Piemonte,888
096006,Borriana,BI,Piemonte,855
096007,Brusnengo,BI,Piemonte,1845
096008,Callabiana,BI,Piemonte,145
096009,Camandona,BI,Piemonte,321
096010,Camburzano,BI,Piemonte,1127
096012,Candelo,BI,Piemonte,7196
096013,Caprile,BI,Piemonte,191
096014,Casapinta,BI,Piemonte,365
096015,Castelletto Cervo,BI,Piemonte,758
096016,Cavaglià,BI,Piemonte,3464
096018,Cerrione,BI,Piemonte,2750
096019,Coggiola,BI,Piemonte,1617
096020,Cossato,BI,Piemonte,13833
096021,Crevacuore,BI,Piemonte,1373
096023,Curino,BI,Piemonte,466
096024,Donato,BI,Piemonte,681
096025,Dorzano,BI,Piemonte,528
096026,Gaglianico,BI,Piemonte,3803
096027,Gifflenga,BI,Piemonte,104
096028,Graglia,BI,Piemonte,1440
096030,Magnano,BI,Piemonte,339
096031,Massazza,BI,Piemonte,581
096032,Masserano,BI,Piemonte,1895
096033,Mezzana Mortigliengo,BI,Piemonte,475
096034,Miagliano,BI,Piemonte,535
096035,Mongrando,BI,Piemonte,3555
096037,Mottalciata,BI,Piemonte,1272
096038,Muzzano,BI,Piemonte,551
096039,Netro,BI,Piemonte,895
096040,Occhieppo Inferiore,BI,Piemonte,3793
096041,Occhieppo Superiore,BI,Piemonte,2531
096042,Pettinengo,BI,Piemonte,1443
096043,Piatto,BI,Piemonte,470
096044,Piedicavallo,BI,Piemonte,168
096046,Pollone,BI,Piemonte,1947
096047,Ponderano,BI,Piemonte,3608
096048,Portula,BI,Piemonte,1077
096049,Pralungo,BI,Piemonte,2293
096050,Pray,BI,Piemonte,1999
096053,Ronco Biellese,BI,Piemonte,1409
096054,Roppolo,BI,Piemonte,805
096055,Rosazza,BI,Piemonte,95
096056,Sagliano Micca,BI,Piemonte,1594
096057,Sala Biellese,BI,Piemonte,531
096058,Salussola,BI,Piemonte,1835
096059,Sandigliano,BI,Piemonte,2563
096063,Sordevolo,BI,Piemonte,1260
096064,Sostegno,BI,Piemonte,732
096065,Strona,BI,Piemonte,941
096066,Tavigliano,BI,Piemonte,884
096067,Ternengo,BI,Piemonte,264
096068,Tollegno,BI,Piemonte,2342
096069,Torrazzo,BI,Piemonte,192
096071,Valdengo,BI,Piemonte,2341
096072,Vallanzengo,BI,Piemonte,189
096074,Valle San Nicolao,BI,Piemonte,815
096075,Veglio,BI,Piemonte,421
096076,Verrone,BI,Piemonte,1160
096077,Vigliano Biellese,BI,Piemonte,7577
096078,Villa del Bosco,BI,Piemonte,312
096079,Villanova Biellese,BI,Piemonte,173
096080,Viverone,BI,Piemonte,1318
096081,Zimone,BI,Piemonte,377
096082,Zubiena,BI,Piemonte,1138
096083,Zumaglia,BI,Piemonte,959
096085,Lessona,BI,Piemonte,2590
096086,Campiglia Cervo,BI,Piemonte,488
096087,Quaregna Cerreto,BI,Piemonte,2045
096088,Valdilana,BI,Piemonte,9880
097001,Abbadia Lariana,LC,Lombardia,3138
097002,Airuno,LC,Lombardia,2928
097003,Annone di Brianza,LC,Lombardia,2283
097004,Ballabio,LC,Lombardia,4181
097005,Barzago,LC,Lombardia,2407
097006,Barzanò,LC,Lombardia,5047
097007,Barzio,LC,Lombardia,1269
097008,Bellano,LC,Lombardia,3357
097009,Bosisio Parini,LC,Lombardia,3199
097010,Brivio,LC,Lombardia,4351
097011,Bulciago,LC,Lombardia,2925
097012,Calco,LC,Lombardia,5476
097013,Calolziocorte,LC,Lombardia,13593
097014,Carenno,LC,Lombardia,1390
097015,Casargo,LC,Lombardia,833
097016,Casatenovo,LC,Lombardia,13234
097017,Cassago Brianza,LC,Lombardia,4395
097018,Cassina Valsassina,LC,Lombardia,549
097019,Castello di Brianza,LC,Lombardia,2633
097020,Cernusco Lombardone,LC,Lombardia,3837
097021,Cesana Brianza,LC,Lombardia,2327
097022,Civate,LC,Lombardia,3709
097023,Colico,LC,Lombardia,8188
097024,Colle Brianza,LC,Lombardia,1860
097025,Cortenova,LC,Lombardia,1173
097026,Costa Masnaga,LC,Lombardia,4738
097027,Crandola Valsassina,LC,Lombardia,261
097028,Cremella,LC,Lombardia,1689
097029,Cremeno,LC,Lombardia,1839
097030,Dervio,LC,Lombardia,2518
097031,Dolzago,LC,Lombardia,2544
097032,Dorio,LC,Lombardia,325
097033,Ello,LC,Lombardia,1187
097034,Erve,LC,Lombardia,644
097035,Esino Lario,LC,Lombardia,751
097036,Galbiate,LC,Lombardia,8426
097037,Garbagnate Monastero,LC,Lombardia,2503
097038,Garlate,LC,Lombardia,2661
097039,Imbersago,LC,Lombardia,2565
097040,Introbio,LC,Lombardia,1948
097042,Lecco,LC,Lombardia,47326
097043,Lierna,LC,Lombardia,2111
097044,Lomagna,LC,Lombardia,5118
097045,Malgrate,LC,Lombardia,4146
097046,Mandello del Lario,LC,Lombardia,9856
097047,Margno,LC,Lombardia,421
097048,Merate,LC,Lombardia,15031
097049,Missaglia,LC,Lombardia,9010
097050,Moggio,LC,Lombardia,492
097051,Molteno,LC,Lombardia,3528
097052,Monte Marenzo,LC,Lombardia,1775
097053,Montevecchia,LC,Lombardia,2680
097054,Monticello Brianza,LC,Lombardia,4184
097055,Morterone,LC,Lombardia,30
097056,Nibionno,LC,Lombardia,3588
097057,Oggiono,LC,Lombardia,9218
097058,Olgiate Molgora,LC,Lombardia,6414
097059,Olginate,LC,Lombardia,6925
097060,Oliveto Lario,LC,Lombardia,1148
097061,Osnago,LC,Lombardia,4831
097062,Paderno d'Adda,LC,Lombardia,3891
097063,Pagnona,LC,Lombardia,309
097064,Parlasco,LC,Lombardia,135
097065,Pasturo,LC,Lombardia,1959
097067,Perledo,LC,Lombardia,830
097068,Pescate,LC,Lombardia,2134
097069,Premana,LC,Lombardia,2150
097070,Primaluna,LC,Lombardia,2274
097071,Robbiate,LC,Lombardia,6441
097072,Rogeno,LC,Lombardia,3050
097074,Santa Maria Hoè,LC,Lombardia,2079
097075,Sirone,LC,Lombardia,2333
097076,Sirtori,LC,Lombardia,2790
097077,Sueglio,LC,Lombardia,157
097078,Suello,LC,Lombardia,1704
097079,Taceno,LC,Lombardia,595
097082,Valgreghentino,LC,Lombardia,3357
097083,Valmadrera,LC,Lombardia,11233
097084,Varenna,LC,Lombardia,646
097086,Vercurago,LC,Lombardia,2671
097090,Viganò,LC,Lombardia,2108
097091,Verderio,LC,Lombardia,5516
097092,La Valletta Brianza,LC,Lombardia,4637
097093,Valvarrone,LC,Lombardia,499
098001,Abbadia Cerreto,LO,Lombardia,280
098002,Bertonico,LO,Lombardia,1081
098003,Boffalora d'Adda,LO,Lombardia,1737
098004,Borghetto Lodigiano,LO,Lombardia,4430
098005,Borgo San Giovanni,LO,Lombardia,2444
098006,Brembio,LO,Lombardia,2807
098008,Casaletto Lodigiano,LO,Lombardia,3019
098009,Casalmaiocco,LO,Lombardia,3218
098010,Casalpusterlengo,LO,Lombardia,16069
098011,Caselle Landi,LO,Lombardia,1431
098012,Caselle Lurani,LO,Lombardia,3071
098013,Castelnuovo Bocca d'Adda,LO,Lombardia,1544
098014,Castiglione d'Adda,LO,Lombardia,4524
098015,Castiraga Vidardo,LO,Lombardia,3048
098017,Cavenago d'Adda,LO,Lombardia,2128
098018,Cervignano d'Adda,LO,Lombardia,2247
098019,Codogno,LO,Lombardia,15652
098020,Comazzo,LO,Lombardia,2379
098021,Cornegliano Laudense,LO,Lombardia,2861
098022,Corno Giovine,LO,Lombardia,1144
098023,Cornovecchio,LO,Lombardia,199
098024,Corte Palasio,LO,Lombardia,1522
098025,Crespiatica,LO,Lombardia,2208
098026,Fombio,LO,Lombardia,2266
098027,Galgagnano,LO,Lombardia,1308
098028,Graffignana,LO,Lombardia,2602
098029,Guardamiglio,LO,Lombardia,2730
098030,Livraga,LO,Lombardia,2534
098031,Lodi,LO,Lombardia,45643
098032,Lodi Vecchio,LO,Lombardia,7717
098033,Maccastorna,LO,Lombardia,67
098034,Mairago,LO,Lombardia,1375
098035,Maleo,LO,Lombardia,3055
098036,Marudo,LO,Lombardia,1757
098037,Massalengo,LO,Lombardia,4456
098038,Meleti,LO,Lombardia,456
098039,Merlino,LO,Lombardia,1655
098040,Montanaso Lombardo,LO,Lombardia,2256
098041,Mulazzano,LO,Lombardia,5829
098042,Orio Litta,LO,Lombardia,2076
098043,Ospedaletto Lodigiano,LO,Lombardia,2008
098044,Ossago Lodigiano,LO,Lombardia,1422
098045,Pieve Fissiraga,LO,Lombardia,1753
098046,Salerano sul Lambro,LO,Lombardia,2690
098047,San Fiorano,LO,Lombardia,1893
098048,San Martino in Strada,LO,Lombardia,3776
098049,San Rocco al Porto,LO,Lombardia,3452
098050,Sant'Angelo Lodigiano,LO,Lombardia,13577
098051,Santo Stefano Lodigiano,LO,Lombardia,1852
098052,Secugnago,LO,Lombardia,2001
098053,Senna Lodigiana,LO,Lombardia,1813
098054,Somaglia,LO,Lombardia,3864
098055,Sordio,LO,Lombardia,3444
098056,Tavazzano con Villavesco,LO,Lombardia,6098
098057,Terranova dei Passerini,LO,Lombardia,952
098058,Turano Lodigiano,LO,Lombardia,1576
098059,Valera Fratta,LO,Lombardia,1698
098060,Villanova del Sillaro,LO,Lombardia,1899
098061,Zelo Buon Persico,LO,Lombardia,7434
098062,Castelgerundo,LO,Lombardia,1454
099001,Bellaria-Igea Marina,RN,Emilia-Romagna,19562
099002,Cattolica,RN,Emilia-Romagna,16614
099003,Coriano,RN,Emilia-Romagna,10487
099004,Gemmano,RN,Emilia-Romagna,1156
099005,Misano Adriatico,RN,Emilia-Romagna,14171
099006,Mondaino,RN,Emilia-Romagna,1357
099008,Montefiore Conca,RN,Emilia-Romagna,2312
099009,Montegridolfo,RN,Emilia-Romagna,1025
099011,Morciano di Romagna,RN,Emilia-Romagna,7282
099013,Riccione,RN,Emilia-Romagna,34367
099014,Rimini,RN,Emilia-Romagna,150774
099015,Saludecio,RN,Emilia-Romagna,3274
099016,San Clemente,RN,Emilia-Romagna,5749
099017,San Giovanni in Marignano,RN,Emilia-Romagna,9425
099018,Santarcangelo di Romagna,RN,Emilia-Romagna,22366
099020,Verucchio,RN,Emilia-Romagna,10044
099021,Casteldelci,RN,Emilia-Romagna,349
099022,Maiolo,RN,Emilia-Romagna,783
099023,Novafeltria,RN,Emilia-Romagna,7031
099024,Pennabilli,RN,Emilia-Romagna,2692
099025,San Leo,RN,Emilia-Romagna,2877
099026,Sant'Agata Feltria,RN,Emilia-Romagna,1957
099027,Talamello,RN,Emilia-Romagna,1081
099028,Poggio Torriana,RN,Emilia-Romagna,5097
099029,Montescudo-Monte Colombo,RN,Emilia-Romagna,7004
099030,Montecopiolo,RN,Emilia-Romagna,1029
099031,Sassofeltrio,RN,Emilia-Romagna,1379
100001,Cantagallo,PO,Toscana,3088
100002,Carmignano,PO,Toscana,14500
100003,Montemurlo,PO,Toscana,19169
100004,Poggio a Caiano,PO,Toscana,9908
100005,Prato,PO,Toscana,198327
100006,Vaiano,PO,Toscana,9965
100007,Vernio,PO,Toscana,6195
101001,Belvedere di Spinello,KR,Calabria,1878
101002,Caccuri,KR,Calabria,1497
101003,Carfizzi,KR,Calabria,534
101004,Casabona,KR,Calabria,2163
101005,Castelsilano,KR,Calabria,902
101006,Cerenzia,KR,Calabria,983
101007,Cirò,KR,Calabria,2321
101008,Cirò Marina,KR,Calabria,14233
101009,Cotronei,KR,Calabria,5068
101010,Crotone,KR,Calabria,58136
101011,Crucoli,KR,Calabria,2752
101012,Cutro,KR,Calabria,9165
101013,Isola di Capo Rizzuto,KR,Calabria,18985
101014,Melissa,KR,Calabria,3297
101015,Mesoraca,KR,Calabria,5701
101016,Pallagorio,KR,Calabria,882
101017,Petilia Policastro,KR,Calabria,8430
101018,Roccabernarda,KR,Calabria,3045
101019,Rocca di Neto,KR,Calabria,5286
101020,San Mauro Marchesato,KR,Calabria,1868
101021,San Nicola dell'Alto,KR,Calabria,645
101022,Santa Severina,KR,Calabria,1829
101023,Savelli,KR,Calabria,1005
101024,Scandale,KR,Calabria,2856
101025,Strongoli,KR,Calabria,6113
101026,Umbriatico,KR,Calabria,685
101027,Verzino,KR,Calabria,1506
102001,Acquaro,VV,Calabria,1780
102002,Arena,VV,Calabria,1144
102003,Briatico,VV,Calabria,3578
102004,Brognaturo,VV,Calabria,719
102005,Capistrano,VV,Calabria,931
102006,Cessaniti,VV,Calabria,2844
102007,Dasà,VV,Calabria,1067
102008,Dinami,VV,Calabria,1642
102009,Drapia,VV,Calabria,2095
102010,Fabrizia,VV,Calabria,1928
102011,Filadelfia,VV,Calabria,4942
102012,Filandari,VV,Calabria,1737
102013,Filogaso,VV,Calabria,1306
102014,Francavilla Angitola,VV,Calabria,1798
102015,Francica,VV,Calabria,1608
102016,Gerocarne,VV,Calabria,1856
102017,Jonadi,VV,Calabria,4768
102018,Joppolo,VV,Calabria,1711
102019,Limbadi,VV,Calabria,3184
102020,Maierato,VV,Calabria,2152
102021,Mileto,VV,Calabria,6228
102022,Mongiana,VV,Calabria,573
102023,Monterosso Calabro,VV,Calabria,1440
102024,Nardodipace,VV,Calabria,1018
102025,Nicotera,VV,Calabria,7079
102026,Parghelia,VV,Calabria,1271
102027,Pizzo,VV,Calabria,8668
102028,Pizzoni,VV,Calabria,916
102029,Polia,VV,Calabria,770
102030,Ricadi,VV,Calabria,5048
102031,Rombiolo,VV,Calabria,4201
102032,San Calogero,VV,Calabria,3712
102033,San Costantino Calabro,VV,Calabria,2031
102034,San Gregorio d'Ippona,VV,Calabria,2574
102035,San Nicola da Crissa,VV,Calabria,1174
102036,Sant'Onofrio,VV,Calabria,2655
102037,Serra San Bruno,VV,Calabria,6252
102038,Simbario,VV,Calabria,910
102039,Sorianello,VV,Calabria,1068
102040,Soriano Calabro,VV,Calabria,2783
102041,Spadola,VV,Calabria,795
102042,Spilinga,VV,Calabria,1345
102043,Stefanaconi,VV,Calabria,2248
102044,Tropea,VV,Calabria,5668
102045,Vallelonga,VV,Calabria,828
102046,Vazzano,VV,Calabria,919
102047,Vibo Valentia,VV,Calabria,30753
102048,Zaccanopoli,VV,Calabria,646
102049,Zambrone,VV,Calabria,1766
102050,Zungri,VV,Calabria,1793
103001,Antrona Schieranco,VB,Piemonte,392
103002,Anzola d'Ossola,VB,Piemonte,378
103003,Arizzano,VB,Piemonte,1951
103004,Arola,VB,Piemonte,238
103005,Aurano,VB,Piemonte,111
103006,Baceno,VB,Piemonte,862
103007,Bannio Anzino,VB,Piemonte,453
103008,Baveno,VB,Piemonte,4504
103009,Bee,VB,Piemonte,777
103010,Belgirate,VB,Piemonte,450
103011,Beura-Cardezza,VB,Piemonte,1429
103012,Bognanco,VB,Piemonte,198
103013,Brovello-Carpugnino,VB,Piemonte,804
103014,Calasca-Castiglione,VB,Piemonte,581
103015,Cambiasca,VB,Piemonte,1630
103016,Cannero Riviera,VB,Piemonte,885
103017,Cannobio,VB,Piemonte,5012
103018,Caprezzo,VB,Piemonte,175
103019,Casale Corte Cerro,VB,Piemonte,3278
103021,Ceppo Morelli,VB,Piemonte,285
103022,Cesara,VB,Piemonte,666
103023,Cossogno,VB,Piemonte,662
103024,Craveggia,VB,Piemonte,789
103025,Crevoladossola,VB,Piemonte,4385
103026,Crodo,VB,Piemonte,1413
103028,Domodossola,VB,Piemonte,17625
103029,Druogno,VB,Piemonte,1029
103031,Formazza,VB,Piemonte,410
103032,Germagno,VB,Piemonte,185
103033,Ghiffa,VB,Piemonte,2165
103034,Gignese,VB,Piemonte,1119
103035,Gravellona Toce,VB,Piemonte,7642
103036,Gurro,VB,Piemonte,159
103037,Intragna,VB,Piemonte,85
103038,Loreglia,VB,Piemonte,197
103039,Macugnaga,VB,Piemonte,485
103040,Madonna del Sasso,VB,Piemonte,347
103041,Malesco,VB,Piemonte,1339
103042,Masera,VB,Piemonte,1487
103043,Massiola,VB,Piemonte,103
103044,Mergozzo,VB,Piemonte,2131
103045,Miazzina,VB,Piemonte,402
103046,Montecrestese,VB,Piemonte,1249
103047,Montescheno,VB,Piemonte,356
103048,Nonio,VB,Piemonte,820
103049,Oggebbio,VB,Piemonte,794
103050,Omegna,VB,Piemonte,14182
103051,Ornavasso,VB,Piemonte,3301
103052,Pallanzeno,VB,Piemonte,1064
103053,Piedimulera,VB,Piemonte,1426
103054,Pieve Vergonte,VB,Piemonte,2412
103055,Premeno,VB,Piemonte,732
103056,Premia,VB,Piemonte,568
103057,Premosello-Chiovenda,VB,Piemonte,1864
103058,Quarna Sopra,VB,Piemonte,240
103059,Quarna Sotto,VB,Piemonte,373
103060,Re,VB,Piemonte,707
103061,San Bernardino Verbano,VB,Piemonte,1226
103062,Santa Maria Maggiore,VB,Piemonte,1305
103064,Stresa,VB,Piemonte,4548
103065,Toceno,VB,Piemonte,765
103066,Trarego Viggiona,VB,Piemonte,383
103067,Trasquera,VB,Piemonte,173
103068,Trontano,VB,Piemonte,1667
103069,Valstrona,VB,Piemonte,1111
103070,Vanzone con San Carlo,VB,Piemonte,397
103071,Varzo,VB,Piemonte,1896
103072,Verbania,VB,Piemonte,29825
103074,Vignone,VB,Piemonte,1187
103075,Villadossola,VB,Piemonte,6249
103076,Villette,VB,Piemonte,270
103077,Vogogna,VB,Piemonte,1669
103078,Borgomezzavalle,VB,Piemonte,284
103079,Valle Cannobina,VB,Piemonte,416
108001,Agrate Brianza,MB,Lombardia,15891
108002,Aicurzio,MB,Lombardia,2072
108003,Albiate,MB,Lombardia,6720
108004,Arcore,MB,Lombardia,17938
108005,Barlassina,MB,Lombardia,6985
108006,Bellusco,MB,Lombardia,7487
108007,Bernareggio,MB,Lombardia,11706
108008,Besana in Brianza,MB,Lombardia,15503
108009,Biassono,MB,Lombardia,12430
108010,Bovisio-Masciago,MB,Lombardia,16953
108011,Briosco,MB,Lombardia,6131
108012,Brugherio,MB,Lombardia,35471
108013,Burago di Molgora,MB,Lombardia,4370
108014,Camparada,MB,Lombardia,2261
108015,Carate Brianza,MB,Lombardia,18054
108016,Carnate,MB,Lombardia,7992
108017,Cavenago di Brianza,MB,Lombardia,7590
108018,Ceriano Laghetto,MB,Lombardia,6675
108019,Cesano Maderno,MB,Lombardia,40177
108020,Cogliate,MB,Lombardia,8469
108021,Concorezzo,MB,Lombardia,16153
108022,Correzzana,MB,Lombardia,3289
108023,Desio,MB,Lombardia,41872
108024,Giussano,MB,Lombardia,26509
108025,Lazzate,MB,Lombardia,7722
108026,Lesmo,MB,Lombardia,8376
108027,Limbiate,MB,Lombardia,35865
108028,Lissone,MB,Lombardia,46792
108029,Macherio,MB,Lombardia,7582
108030,Meda,MB,Lombardia,23735
108031,Mezzago,MB,Lombardia,4479
108032,Misinto,MB,Lombardia,5749
108033,Monza,MB,Lombardia,123672
108034,Muggiò,MB,Lombardia,23585
108035,Nova Milanese,MB,Lombardia,23068
108036,Ornago,MB,Lombardia,5487
108037,Renate,MB,Lombardia,3983
108038,Ronco Briantino,MB,Lombardia,3777
108039,Seregno,MB,Lombardia,45240
108040,Seveso,MB,Lombardia,23982
108041,Sovico,MB,Lombardia,8313
108042,Sulbiate,MB,Lombardia,4532
108043,Triuggio,MB,Lombardia,8776
108044,Usmate Velate,MB,Lombardia,10740
108045,Varedo,MB,Lombardia,14039
108046,Vedano al Lambro,MB,Lombardia,7363
108047,Veduggio con Colzano,MB,Lombardia,4182
108048,Verano Brianza,MB,Lombardia,9126
108049,Villasanta,MB,Lombardia,14305
108050,Vimercate,MB,Lombardia,26341
108051,Busnago,MB,Lombardia,6882
108052,Caponago,MB,Lombardia,5050
108053,Cornate d'Adda,MB,Lombardia,11134
108054,Lentate sul Seveso,MB,Lombardia,16049
108055,Roncello,MB,Lombardia,4772
109001,Altidona,FM,Marche,3799
109002,Amandola,FM,Marche,3206
109003,Belmonte Piceno,FM,Marche,545
109004,Campofilone,FM,Marche,1930
109005,Falerone,FM,Marche,3148
109006,Fermo,FM,Marche,35853
109007,Francavilla d'Ete,FM,Marche,914
109008,Grottazzolina,FM,Marche,3239
109009,Lapedona,FM,Marche,1144
109010,Magliano di Tenna,FM,Marche,1405
109011,Massa Fermana,FM,Marche,819
109012,Monsampietro Morico,FM,Marche,582
109013,Montappone,FM,Marche,1537
109014,Montefalcone Appennino,FM,Marche,363
109015,Montefortino,FM,Marche,1014
109016,Monte Giberto,FM,Marche,737
109017,Montegiorgio,FM,Marche,6236
109018,Montegranaro,FM,Marche,12482
109019,Monteleone di Fermo,FM,Marche,351
109020,Montelparo,FM,Marche,684
109021,Monte Rinaldo,FM,Marche,302
109022,Monterubbiano,FM,Marche,1964
109023,Monte San Pietrangeli,FM,Marche,2147
109024,Monte Urano,FM,Marche,7777
109025,Monte Vidon Combatte,FM,Marche,394
109026,Monte Vidon Corrado,FM,Marche,666
109027,Montottone,FM,Marche,890
109028,Moresco,FM,Marche,510
109029,Ortezzano,FM,Marche,730
109030,Pedaso,FM,Marche,2819
109031,Petritoli,FM,Marche,2086
109032,Ponzano di Fermo,FM,Marche,1589
109033,Porto San Giorgio,FM,Marche,15488
109034,Porto Sant'Elpidio,FM,Marche,25735
109035,Rapagnano,FM,Marche,1908
109036,Santa Vittoria in Matenano,FM,Marche,1109
109037,Sant'Elpidio a Mare,FM,Marche,16325
109038,Servigliano,FM,Marche,2205
109039,Smerillo,FM,Marche,330
109040,Torre San Patrizio,FM,Marche,1810
110001,Andria,BT,Puglia,96520
110002,Barletta,BT,Puglia,92067
110003,Bisceglie,BT,Puglia,53242
110004,Canosa di Puglia,BT,Puglia,27275
110005,Margherita di Savoia,BT,Puglia,11025
110006,Minervino Murge,BT,Puglia,7811
110007,San Ferdinando di Puglia,BT,Puglia,13855
110008,Spinazzola,BT,Puglia,5794
110009,Trani,BT,Puglia,54731
110010,Trinitapoli,BT,Puglia,13613
112001,Alghero,SS,Sardegna,41765
112002,Anela,SS,Sardegna,553
112003,Ardara,SS,Sardegna,680
112004,Banari,SS,Sardegna,508
112005,Benetutti,SS,Sardegna,1623
112006,Bessude,SS,Sardegna,369
112007,Bonnanaro,SS,Sardegna,894
112008,Bono,SS,Sardegna,3232
112009,Bonorva,SS,Sardegna,3030
112010,Borutta,SS,Sardegna,244
112011,Bottidda,SS,Sardegna,627
112012,Bultei,SS,Sardegna,776
112013,Bulzi,SS,Sardegna,507
112014,Burgos,SS,Sardegna,817
112015,Cargeghe,SS,Sardegna,590
112016,Castelsardo,SS,Sardegna,5624
112017,Cheremule,SS,Sardegna,378
112018,Chiaramonti,SS,Sardegna,1494
112019,Codrongianos,SS,Sardegna,1252
112020,Cossoine,SS,Sardegna,739
112021,Erula,SS,Sardegna,702
112022,Esporlatu,SS,Sardegna,360
112023,Florinas,SS,Sardegna,1459
112024,Giave,SS,Sardegna,471
112025,Illorai,SS,Sardegna,698
112026,Ittireddu,SS,Sardegna,457
112027,Ittiri,SS,Sardegna,7730
112028,Laerru,SS,Sardegna,806
112029,Mara,SS,Sardegna,518
112030,Martis,SS,Sardegna,455
112031,Monteleone Rocca Doria,SS,Sardegna,105
112032,Mores,SS,Sardegna,1663
112033,Muros,SS,Sardegna,822
112034,Nughedu San Nicolò,SS,Sardegna,710
112035,Nule,SS,Sardegna,1259
112036,Nulvi,SS,Sardegna,2572
112037,Olmedo,SS,Sardegna,4240
112038,Osilo,SS,Sardegna,2732
112039,Ossi,SS,Sardegna,5344
112040,Ozieri,SS,Sardegna,9559
112041,Padria,SS,Sardegna,574
112042,Pattada,SS,Sardegna,2763
112043,Perfugas,SS,Sardegna,2212
112044,Ploaghe,SS,Sardegna,4201
112045,Porto Torres,SS,Sardegna,20624
112046,Pozzomaggiore,SS,Sardegna,2286
112047,Putifigari,SS,Sardegna,658
112048,Romana,SS,Sardegna,457
112049,Santa Maria Coghinas,SS,Sardegna,1346
112050,Sassari,SS,Sardegna,120231
112051,Sedini,SS,Sardegna,1183
112052,Semestene,SS,Sardegna,127
112053,Sennori,SS,Sardegna,6657
112054,Siligo,SS,Sardegna,734
112055,Sorso,SS,Sardegna,14394
112056,Stintino,SS,Sardegna,1567
112057,Tergu,SS,Sardegna,612
112058,Thiesi,SS,Sardegna,2635
112059,Tissi,SS,Sardegna,2352
112060,Torralba,SS,Sardegna,854
112061,Tula,SS,Sardegna,1425
112062,Uri,SS,Sardegna,2822
112063,Usini,SS,Sardegna,4120
112064,Valledoria,SS,Sardegna,4321
112065,Viddalba,SS,Sardegna,1570
112066,Villanova Monteleone,SS,Sardegna,2039
113001,Aggius,OT,Sardegna,1378
113002,Aglientu,OT,Sardegna,1195
113003,Alà dei Sardi,OT,Sardegna,1745
113004,Arzachena,OT,Sardegna,13456
113005,Badesi,OT,Sardegna,1812
113006,Berchidda,OT,Sardegna,2604
113007,Bortigiadas,OT,Sardegna,692
113008,Buddusò,OT,Sardegna,3487
113009,Budoni,OT,Sardegna,5685
113010,Calangianus,OT,Sardegna,3692
113011,Golfo Aranci,OT,Sardegna,2373
113012,La Maddalena,OT,Sardegna,10449
113013,Loiri Porto San Paolo,OT,Sardegna,3929
113014,Luogosanto,OT,Sardegna,1838
113015,Luras,OT,Sardegna,2369
113016,Monti,OT,Sardegna,2406
113017,Olbia,OT,Sardegna,61739
113018,Oschiri,OT,Sardegna,2885
113019,Padru,OT,Sardegna,2130
113020,Palau,OT,Sardegna,4058
113021,San Teodoro,OT,Sardegna,5224
113022,Santa Teresa Gallura,OT,Sardegna,5144
113023,Sant'Antonio di Gallura,OT,Sardegna,1432
113024,Telti,OT,Sardegna,2281
113025,Tempio Pausania,OT,Sardegna,12878
113026,Trinità d'Agultu e Vignola,OT,Sardegna,2579
114001,Aritzo,NU,Sardegna,1272
114002,Atzara,NU,Sardegna,974
114003,Austis,NU,Sardegna,711
114004,Belvì,NU,Sardegna,529
114005,Birori,NU,Sardegna,481
114006,Bitti,NU,Sardegna,2476
114007,Bolotana,NU,Sardegna,2244
114008,Borore,NU,Sardegna,1902
114009,Bortigali,NU,Sardegna,1218
114010,Desulo,NU,Sardegna,1995
114011,Dorgali,NU,Sardegna,8238
114012,Dualchi,NU,Sardegna,559
114013,Fonni,NU,Sardegna,3552
114014,Gadoni,NU,Sardegna,638
114015,Galtellì,NU,Sardegna,2377
114016,Gavoi,NU,Sardegna,2404
114017,Irgoli,NU,Sardegna,2194
114018,Lei,NU,Sardegna,433
114019,Loculi,NU,Sardegna,476
114020,Lodè,NU,Sardegna,1455
114021,Lodine,NU,Sardegna,292
114022,Lula,NU,Sardegna,1198
114023,Macomer,NU,Sardegna,8948
114024,Mamoiada,NU,Sardegna,2349
114025,Meana Sardo,NU,Sardegna,1518
114026,Noragugume,NU,Sardegna,269
114027,Nuoro,NU,Sardegna,32718
114028,Oliena,NU,Sardegna,6405
114029,Ollolai,NU,Sardegna,1129
114030,Olzai,NU,Sardegna,752
114031,Onanì,NU,Sardegna,337
114032,Onifai,NU,Sardegna,728
114033,Oniferi,NU,Sardegna,823
114034,Orani,NU,Sardegna,2576
114035,Orgosolo,NU,Sardegna,3803
114036,Orosei,NU,Sardegna,6838
114037,Orotelli,NU,Sardegna,1824
114038,Ortueri,NU,Sardegna,961
114039,Orune,NU,Sardegna,2022
114040,Osidda,NU,Sardegna,209
114041,Ottana,NU,Sardegna,2147
114042,Ovodda,NU,Sardegna,1429
114043,Posada,NU,Sardegna,3079
114044,Sarule,NU,Sardegna,1450
114045,Seulo,NU,Sardegna,745
114046,Silanus,NU,Sardegna,1891
114047,Sindia,NU,Sardegna,1558
114048,Siniscola,NU,Sardegna,11139
114049,Sorgono,NU,Sardegna,1434
114050,Teti,NU,Sardegna,561
114051,Tiana,NU,Sardegna,418
114052,Tonara,NU,Sardegna,1806
114053,Torpè,NU,Sardegna,2757
115001,Abbasanta,OR,Sardegna,2539
115002,Aidomaggiore,OR,Sardegna,374
115003,Albagiara,OR,Sardegna,219
115004,Ales,OR,Sardegna,1229
115005,Allai,OR,Sardegna,333
115006,Arborea,OR,Sardegna,3701
115007,Ardauli,OR,Sardegna,738
115008,Assolo,OR,Sardegna,321
115009,Asuni,OR,Sardegna,295
115010,Baradili,OR,Sardegna,80
115011,Baratili San Pietro,OR,Sardegna,1194
115012,Baressa,OR,Sardegna,528
115013,Bauladu,OR,Sardegna,613
115014,Bidonì,OR,Sardegna,112
115015,Bonarcado,OR,Sardegna,1521
115016,Boroneddu,OR,Sardegna,135
115017,Bosa,OR,Sardegna,7292
115018,Busachi,OR,Sardegna,1099
115019,Cabras,OR,Sardegna,8726
115020,Cuglieri,OR,Sardegna,2411
115021,Curcuris,OR,Sardegna,289
115022,Flussio,OR,Sardegna,386
115023,Fordongianus,OR,Sardegna,797
115024,Ghilarza,OR,Sardegna,4038
115025,Gonnoscodina,OR,Sardegna,421
115026,Gonnosnò,OR,Sardegna,673
115027,Gonnostramatza,OR,Sardegna,777
115028,Laconi,OR,Sardegna,1589
115029,Magomadas,OR,Sardegna,594
115030,Marrubiu,OR,Sardegna,4499
115031,Masullas,OR,Sardegna,979
115032,Milis,OR,Sardegna,1394
115033,Modolo,OR,Sardegna,170
115034,Mogorella,OR,Sardegna,388
115035,Mogoro,OR,Sardegna,3784
115036,Montresta,OR,Sardegna,434
115037,Morgongiori,OR,Sardegna,597
115038,Narbolia,OR,Sardegna,1620
115039,Neoneli,OR,Sardegna,589
115040,Norbello,OR,Sardegna,1125
115041,Nughedu Santa Vittoria,OR,Sardegna,422
115042,Nurachi,OR,Sardegna,1660
115043,Nureci,OR,Sardegna,282
115044,Ollastra,OR,Sardegna,1067
115045,Oristano,OR,Sardegna,29888
115046,Palmas Arborea,OR,Sardegna,1494
115047,Pau,OR,Sardegna,271
115048,Paulilatino,OR,Sardegna,2038
115049,Pompu,OR,Sardegna,217
115050,Riola Sardo,OR,Sardegna,1955
115051,Ruinas,OR,Sardegna,569
115052,Sagama,OR,Sardegna,186
115053,Samugheo,OR,Sardegna,2636
115054,San Nicolò d'Arcidano,OR,Sardegna,2396
115055,San Vero Milis,OR,Sardegna,2414
115056,Santa Giusta,OR,Sardegna,4558
115057,Santu Lussurgiu,OR,Sardegna,2150
115058,Scano di Montiferro,OR,Sardegna,1360
115059,Sedilo,OR,Sardegna,1919
115060,Seneghe,OR,Sardegna,1577
115061,Senis,OR,Sardegna,369
115062,Sennariolo,OR,Sardegna,153
115063,Siamaggiore,OR,Sardegna,848
115064,Siamanna,OR,Sardegna,735
115065,Siapiccia,OR,Sardegna,334
115066,Simala,OR,Sardegna,281
115067,Simaxis,OR,Sardegna,2120
115068,Sini,OR,Sardegna,520
115069,Siris,OR,Sardegna,227
115070,Soddì,OR,Sardegna,115
115071,Solarussa,OR,Sardegna,2191
115072,Sorradile,OR,Sardegna,333
115073,Suni,OR,Sardegna,968
115074,Tadasuni,OR,Sardegna,125
115075,Terralba,OR,Sardegna,9550
115076,Tinnura,OR,Sardegna,242
115077,Tramatza,OR,Sardegna,887
115078,Tresnuraghes,OR,Sardegna,1037
115079,Ulà Tirso,OR,Sardegna,447
115080,Uras,OR,Sardegna,2598
115081,Usellus,OR,Sardegna,664
115082,Villa Sant'Antonio,OR,Sardegna,313
115083,Villa Verde,OR,Sardegna,258
115084,Villanova Truschedu,OR,Sardegna,283
115085,Villaurbana,OR,Sardegna,1439
115086,Zeddiani,OR,Sardegna,1107
115087,Zerfaliu,OR,Sardegna,979
116001,Arzana,OG,Sardegna,2199
116002,Bari Sardo,OG,Sardegna,3770
116003,Baunei,OG,Sardegna,3366
116004,Cardedu,OG,Sardegna,2002
116005,Elini,OG,Sardegna,555
116006,Gairo,OG,Sardegna,1272
116007,Girasole,OG,Sardegna,1369
116008,Ilbono,OG,Sardegna,1966
116009,Jerzu,OG,Sardegna,2912
116010,Lanusei,OG,Sardegna,4881
116011,Loceri,OG,Sardegna,1345
116012,Lotzorai,OG,Sardegna,2122
116013,Osini,OG,Sardegna,681
116014,Perdasdefogu,OG,Sardegna,1689
116015,Talana,OG,Sardegna,913
116016,Tertenia,OG,Sardegna,3834
116017,Tortolì,OG,Sardegna,10994
116018,Triei,OG,Sardegna,1060
116019,Ulassai,OG,Sardegna,1365
116020,Urzulei,OG,Sardegna,1024
116021,Ussassai,OG,Sardegna,432
116022,Villagrande Strisaili,OG,Sardegna,2834
116023,Seui,OG,Sardegna,1137
117001,Arbus,VS,Sardegna,5532
117002,Barumini,VS,Sardegna,1084
117003,Collinas,VS,Sardegna,741
117004,Furtei,VS,Sardegna,1474
117005,Genuri,VS,Sardegna,295
117006,Gesturi,VS,Sardegna,1113
117007,Gonnosfanadiga,VS,Sardegna,5959
117008,Guspini,VS,Sardegna,10563
117009,Las Plassas,VS,Sardegna,208
117010,Lunamatrona,VS,Sardegna,1582
117011,Pabillonis,VS,Sardegna,2404
117012,Pauli Arbarei,VS,Sardegna,524
117013,Samassi,VS,Sardegna,4674
117014,San Gavino Monreale,VS,Sardegna,7823
117015,Sanluri,VS,Sardegna,7996
117016,Sardara,VS,Sardegna,3711
117017,Segariu,VS,Sardegna,1074
117018,Serramanna,VS,Sardegna,8388
117019,Serrenti,VS,Sardegna,4425
117020,Setzu,VS,Sardegna,127
117021,Siddi,VS,Sardegna,541
117022,Tuili,VS,Sardegna,882
117023,Turri,VS,Sardegna,375
117024,Ussaramanna,VS,Sardegna,466
117025,Villacidro,VS,Sardegna,12878
117026,Villamar,VS,Sardegna,2392
117027,Villanovaforru,VS,Sardegna,789
117028,Villanovafranca,VS,Sardegna,1135
118001,Armungia,CA,Sardegna,395
118002,Assemini,CA,Sardegna,25575
118003,Ballao,CA,Sardegna,706
118004,Barrali,CA,Sardegna,1087
118005,Burcei,CA,Sardegna,2571
118006,Cagliari,CA,Sardegna,145981
118007,Capoterra,CA,Sardegna,23015
118008,Castiadas,CA,Sardegna,1740
118009,Decimomannu,CA,Sardegna,8375
118010,Decimoputzu,CA,Sardegna,4165
118011,Dolianova,CA,Sardegna,9357
118012,Domus de Maria,CA,Sardegna,1630
118013,Donori,CA,Sardegna,1912
118014,Elmas,CA,Sardegna,9480
118015,Escalaplano,CA,Sardegna,2017
118016,Escolca,CA,Sardegna,531
118017,Esterzili,CA,Sardegna,536
118018,Genoni,CA,Sardegna,716
118019,Gergei,CA,Sardegna,1095
118020,Gesico,CA,Sardegna,698
118021,Goni,CA,Sardegna,434
118022,Guamaggiore,CA,Sardegna,872
118023,Guasila,CA,Sardegna,2411
118024,Isili,CA,Sardegna,2429
118025,Mandas,CA,Sardegna,1938
118026,Maracalagonis,CA,Sardegna,7885
118027,Monastir,CA,Sardegna,4884
118028,Monserrato,CA,Sardegna,18624
118029,Muravera,CA,Sardegna,4973
118030,Nuragus,CA,Sardegna,795
118031,Nurallao,CA,Sardegna,1089
118032,Nuraminis,CA,Sardegna,2337
118033,Nurri,CA,Sardegna,1988
118034,Orroli,CA,Sardegna,1909
118035,Ortacesus,CA,Sardegna,859
118036,Pimentel,CA,Sardegna,1078
118037,Pula,CA,Sardegna,7048
118038,Quartu Sant'Elena,CA,Sardegna,67869
118039,Quartucciu,CA,Sardegna,12723
118040,Sadali,CA,Sardegna,772
118041,Samatzai,CA,Sardegna,1502
118042,San Basilio,CA,Sardegna,1067
118043,San Nicolò Gerrei,CA,Sardegna,709
118044,San Sperate,CA,Sardegna,8625
118045,San Vito,CA,Sardegna,3409
118046,Sant'Andrea Frius,CA,Sardegna,1659
118047,Sarroch,CA,Sardegna,4980
118048,Selargius,CA,Sardegna,28272
118049,Selegas,CA,Sardegna,1253
118050,Senorbì,CA,Sardegna,4810
118051,Serdiana,CA,Sardegna,2643
118052,Serri,CA,Sardegna,588
118053,Sestu,CA,Sardegna,20630
118054,Settimo San Pietro,CA,Sardegna,6968
118056,Siliqua,CA,Sardegna,3468
118057,Silius,CA,Sardegna,987
118058,Sinnai,CA,Sardegna,17447
118059,Siurgus Donigala,CA,Sardegna,1820
118060,Soleminis,CA,Sardegna,1902
118061,Suelli,CA,Sardegna,1049
118063,Ussana,CA,Sardegna,3997
118064,Uta,CA,Sardegna,8899
118065,Vallermosa,CA,Sardegna,1782
118066,Villa San Pietro,CA,Sardegna,2095
118067,Villanova Tulo,CA,Sardegna,977
118068,Villaputzu,CA,Sardegna,4364
118069,Villasalto,CA,Sardegna,876
118070,Villasimius,CA,Sardegna,3762
118071,Villasor,CA,Sardegna,6480
118072,Villaspeciosa,CA,Sardegna,2700
119001,Buggerru,SU,Sardegna,1007
119002,Calasetta,SU,Sardegna,2776
119003,Carbonia,SU,Sardegna,25353
119004,Carloforte,SU,Sardegna,5851
119005,Domusnovas,SU,Sardegna,5694
119006,Fluminimaggiore,SU,Sardegna,2575
119007,Giba,SU,Sardegna,1861
119008,Gonnesa,SU,Sardegna,4456
119009,Iglesias,SU,Sardegna,24409
119010,Masainas,SU,Sardegna,1203
119011,Musei,SU,Sardegna,1512
119012,Narcao,SU,Sardegna,2967
119013,Nuxis,SU,Sardegna,1382
119014,Perdaxius,SU,Sardegna,1276
119015,Piscinas,SU,Sardegna,758
119016,Portoscuso,SU,Sardegna,4689
119017,San Giovanni Suergiu,SU,Sardegna,5523
119018,Santadi,SU,Sardegna,3029
119019,Sant'Anna Arresi,SU,Sardegna,2626
119020,Sant'Antioco,SU,Sardegna,10404
119021,Tratalias,SU,Sardegna,988
119022,Villamassargia,SU,Sardegna,3278
119023,Villaperuccio,SU,Sardegna,1007
119024,Teulada,SU,Sardegna,3156
